Command line invocation:
    /Applications/Xcode.app/Contents/Developer/usr/bin/xcodebuild build -scheme iosApp -workspace iosApp.xcworkspace -destination id=CA8A1A4E-12BA-4D74-A6D0-D29E9E821390

2026-08-16 21:38:28.967 xcodebuild[45551:4900606] [MT] IDERunDestination: Supported platforms for the buildables in the current scheme is empty.
ComputePackagePrebuildTargetDependencyGraph

Prepare packages

CreateBuildRequest

SendProjectDescription

CreateBuildOperation

ComputeTargetDependencyGraph
note: Building targets in dependency order
note: Target dependency graph (45 targets)
    Target 'iosApp' in project 'iosApp'
        ➜ Implicit dependency on target 'Pods-iosApp' in project 'Pods' via file 'Pods_iosApp.framework' in build phase 'Link Binary'
        ➜ Implicit dependency on target 'PromisesObjC' in project 'Pods' via options '-framework FBLPromises' in build setting 'OTHER_LDFLAGS'
        ➜ Implicit dependency on target 'FirebaseABTesting' in project 'Pods' via options '-framework FirebaseABTesting' in build setting 'OTHER_LDFLAGS'
        ➜ Implicit dependency on target 'FirebaseAppCheckInterop' in project 'Pods' via options '-framework FirebaseAppCheckInterop' in build setting 'OTHER_LDFLAGS'
        ➜ Implicit dependency on target 'FirebaseAuth' in project 'Pods' via options '-framework FirebaseAuth' in build setting 'OTHER_LDFLAGS'
        ➜ Implicit dependency on target 'FirebaseAuthInterop' in project 'Pods' via options '-framework FirebaseAuthInterop' in build setting 'OTHER_LDFLAGS'
        ➜ Implicit dependency on target 'FirebaseCore' in project 'Pods' via options '-framework FirebaseCore' in build setting 'OTHER_LDFLAGS'
        ➜ Implicit dependency on target 'FirebaseCoreExtension' in project 'Pods' via options '-framework FirebaseCoreExtension' in build setting 'OTHER_LDFLAGS'
        ➜ Implicit dependency on target 'FirebaseCoreInternal' in project 'Pods' via options '-framework FirebaseCoreInternal' in build setting 'OTHER_LDFLAGS'
        ➜ Implicit dependency on target 'FirebaseFirestore' in project 'Pods' via options '-framework FirebaseFirestore' in build setting 'OTHER_LDFLAGS'
        ➜ Implicit dependency on target 'FirebaseFirestoreInternal' in project 'Pods' via options '-framework FirebaseFirestoreInternal' in build setting 'OTHER_LDFLAGS'
        ➜ Implicit dependency on target 'FirebaseInstallations' in project 'Pods' via options '-framework FirebaseInstallations' in build setting 'OTHER_LDFLAGS'
        ➜ Implicit dependency on target 'FirebaseRemoteConfig' in project 'Pods' via options '-framework FirebaseRemoteConfig' in build setting 'OTHER_LDFLAGS'
        ➜ Implicit dependency on target 'FirebaseRemoteConfigInterop' in project 'Pods' via options '-framework FirebaseRemoteConfigInterop' in build setting 'OTHER_LDFLAGS'
        ➜ Implicit dependency on target 'FirebaseSharedSwift' in project 'Pods' via options '-framework FirebaseSharedSwift' in build setting 'OTHER_LDFLAGS'
        ➜ Implicit dependency on target 'GTMSessionFetcher' in project 'Pods' via options '-framework GTMSessionFetcher' in build setting 'OTHER_LDFLAGS'
        ➜ Implicit dependency on target 'GoogleUtilities' in project 'Pods' via options '-framework GoogleUtilities' in build setting 'OTHER_LDFLAGS'
        ➜ Implicit dependency on target 'RecaptchaInterop' in project 'Pods' via options '-framework RecaptchaInterop' in build setting 'OTHER_LDFLAGS'
        ➜ Implicit dependency on target 'abseil' in project 'Pods' via options '-framework absl' in build setting 'OTHER_LDFLAGS'
        ➜ Implicit dependency on target 'gRPC-Core' in project 'Pods' via options '-framework grpc' in build setting 'OTHER_LDFLAGS'
        ➜ Implicit dependency on target 'gRPC-C++' in project 'Pods' via options '-framework grpcpp' in build setting 'OTHER_LDFLAGS'
        ➜ Implicit dependency on target 'leveldb-library' in project 'Pods' via options '-framework leveldb' in build setting 'OTHER_LDFLAGS'
        ➜ Implicit dependency on target 'nanopb' in project 'Pods' via options '-framework nanopb' in build setting 'OTHER_LDFLAGS'
        ➜ Implicit dependency on target 'BoringSSL-GRPC' in project 'Pods' via options '-framework openssl_grpc' in build setting 'OTHER_LDFLAGS'
    Target 'Pods-iosApp' in project 'Pods'
        ➜ Explicit dependency on target 'BoringSSL-GRPC' in project 'Pods'
        ➜ Explicit dependency on target 'FirebaseABTesting' in project 'Pods'
        ➜ Explicit dependency on target 'FirebaseAppCheckInterop' in project 'Pods'
        ➜ Explicit dependency on target 'FirebaseAuth' in project 'Pods'
        ➜ Explicit dependency on target 'FirebaseAuthInterop' in project 'Pods'
        ➜ Explicit dependency on target 'FirebaseCore' in project 'Pods'
        ➜ Explicit dependency on target 'FirebaseCoreExtension' in project 'Pods'
        ➜ Explicit dependency on target 'FirebaseCoreInternal' in project 'Pods'
        ➜ Explicit dependency on target 'FirebaseFirestore' in project 'Pods'
        ➜ Explicit dependency on target 'FirebaseFirestoreInternal' in project 'Pods'
        ➜ Explicit dependency on target 'FirebaseInstallations' in project 'Pods'
        ➜ Explicit dependency on target 'FirebaseRemoteConfig' in project 'Pods'
        ➜ Explicit dependency on target 'FirebaseRemoteConfigInterop' in project 'Pods'
        ➜ Explicit dependency on target 'FirebaseSharedSwift' in project 'Pods'
        ➜ Explicit dependency on target 'GTMSessionFetcher' in project 'Pods'
        ➜ Explicit dependency on target 'GoogleUtilities' in project 'Pods'
        ➜ Explicit dependency on target 'PromisesObjC' in project 'Pods'
        ➜ Explicit dependency on target 'RecaptchaInterop' in project 'Pods'
        ➜ Explicit dependency on target 'abseil' in project 'Pods'
        ➜ Explicit dependency on target 'composeApp' in project 'Pods'
        ➜ Explicit dependency on target 'gRPC-C++' in project 'Pods'
        ➜ Explicit dependency on target 'gRPC-Core' in project 'Pods'
        ➜ Explicit dependency on target 'leveldb-library' in project 'Pods'
        ➜ Explicit dependency on target 'nanopb' in project 'Pods'
    Target 'composeApp' in project 'Pods'
        ➜ Explicit dependency on target 'FirebaseAuth' in project 'Pods'
        ➜ Explicit dependency on target 'FirebaseFirestore' in project 'Pods'
        ➜ Implicit dependency on target 'FirebaseFirestoreInternal' in project 'Pods' via options '-weak_framework FirebaseFirestoreInternal' in build setting 'OTHER_LDFLAGS'
    Target 'FirebaseRemoteConfig' in project 'Pods'
        ➜ Explicit dependency on target 'FirebaseABTesting' in project 'Pods'
        ➜ Explicit dependency on target 'FirebaseCore' in project 'Pods'
        ➜ Explicit dependency on target 'FirebaseInstallations' in project 'Pods'
        ➜ Explicit dependency on target 'FirebaseRemoteConfig-FirebaseRemoteConfig_Privacy' in project 'Pods'
        ➜ Explicit dependency on target 'FirebaseRemoteConfigInterop' in project 'Pods'
        ➜ Explicit dependency on target 'FirebaseSharedSwift' in project 'Pods'
        ➜ Explicit dependency on target 'GoogleUtilities' in project 'Pods'
    Target 'FirebaseRemoteConfig-FirebaseRemoteConfig_Privacy' in project 'Pods'
        ➜ Implicit dependency on target 'FirebaseABTesting' in project 'Pods' via options '-framework FirebaseABTesting' in build setting 'OTHER_LDFLAGS'
        ➜ Implicit dependency on target 'FirebaseCore' in project 'Pods' via options '-framework FirebaseCore' in build setting 'OTHER_LDFLAGS'
        ➜ Implicit dependency on target 'FirebaseInstallations' in project 'Pods' via options '-framework FirebaseInstallations' in build setting 'OTHER_LDFLAGS'
        ➜ Implicit dependency on target 'FirebaseRemoteConfigInterop' in project 'Pods' via options '-framework FirebaseRemoteConfigInterop' in build setting 'OTHER_LDFLAGS'
        ➜ Implicit dependency on target 'FirebaseSharedSwift' in project 'Pods' via options '-framework FirebaseSharedSwift' in build setting 'OTHER_LDFLAGS'
        ➜ Implicit dependency on target 'GoogleUtilities' in project 'Pods' via options '-framework GoogleUtilities' in build setting 'OTHER_LDFLAGS'
    Target 'FirebaseRemoteConfigInterop' in project 'Pods' (no dependencies)
    Target 'FirebaseInstallations' in project 'Pods'
        ➜ Explicit dependency on target 'FirebaseCore' in project 'Pods'
        ➜ Explicit dependency on target 'FirebaseInstallations-FirebaseInstallations_Privacy' in project 'Pods'
        ➜ Explicit dependency on target 'GoogleUtilities' in project 'Pods'
        ➜ Explicit dependency on target 'PromisesObjC' in project 'Pods'
    Target 'FirebaseInstallations-FirebaseInstallations_Privacy' in project 'Pods'
        ➜ Implicit dependency on target 'PromisesObjC' in project 'Pods' via options '-framework FBLPromises' in build setting 'OTHER_LDFLAGS'
        ➜ Implicit dependency on target 'FirebaseCore' in project 'Pods' via options '-framework FirebaseCore' in build setting 'OTHER_LDFLAGS'
        ➜ Implicit dependency on target 'GoogleUtilities' in project 'Pods' via options '-framework GoogleUtilities' in build setting 'OTHER_LDFLAGS'
    Target 'PromisesObjC' in project 'Pods'
        ➜ Explicit dependency on target 'PromisesObjC-FBLPromises_Privacy' in project 'Pods'
    Target 'PromisesObjC-FBLPromises_Privacy' in project 'Pods' (no dependencies)
    Target 'FirebaseFirestore' in project 'Pods'
        ➜ Explicit dependency on target 'FirebaseCore' in project 'Pods'
        ➜ Explicit dependency on target 'FirebaseCoreExtension' in project 'Pods'
        ➜ Explicit dependency on target 'FirebaseFirestore-FirebaseFirestore_Privacy' in project 'Pods'
        ➜ Explicit dependency on target 'FirebaseFirestoreInternal' in project 'Pods'
        ➜ Explicit dependency on target 'FirebaseSharedSwift' in project 'Pods'
    Target 'FirebaseFirestore-FirebaseFirestore_Privacy' in project 'Pods'
        ➜ Implicit dependency on target 'FirebaseCore' in project 'Pods' via options '-framework FirebaseCore' in build setting 'OTHER_LDFLAGS'
        ➜ Implicit dependency on target 'FirebaseCoreExtension' in project 'Pods' via options '-framework FirebaseCoreExtension' in build setting 'OTHER_LDFLAGS'
        ➜ Implicit dependency on target 'FirebaseFirestoreInternal' in project 'Pods' via options '-framework FirebaseFirestoreInternal' in build setting 'OTHER_LDFLAGS'
        ➜ Implicit dependency on target 'FirebaseSharedSwift' in project 'Pods' via options '-framework FirebaseSharedSwift' in build setting 'OTHER_LDFLAGS'
    Target 'FirebaseSharedSwift' in project 'Pods' (no dependencies)
    Target 'FirebaseFirestoreInternal' in project 'Pods'
        ➜ Explicit dependency on target 'FirebaseAppCheckInterop' in project 'Pods'
        ➜ Explicit dependency on target 'FirebaseCore' in project 'Pods'
        ➜ Explicit dependency on target 'FirebaseFirestoreInternal-FirebaseFirestoreInternal_Privacy' in project 'Pods'
        ➜ Explicit dependency on target 'abseil' in project 'Pods'
        ➜ Explicit dependency on target 'gRPC-C++' in project 'Pods'
        ➜ Explicit dependency on target 'gRPC-Core' in project 'Pods'
        ➜ Explicit dependency on target 'leveldb-library' in project 'Pods'
        ➜ Explicit dependency on target 'nanopb' in project 'Pods'
    Target 'FirebaseFirestoreInternal-FirebaseFirestoreInternal_Privacy' in project 'Pods'
        ➜ Implicit dependency on target 'FirebaseAppCheckInterop' in project 'Pods' via options '-framework FirebaseAppCheckInterop' in build setting 'OTHER_LDFLAGS'
        ➜ Implicit dependency on target 'FirebaseCore' in project 'Pods' via options '-framework FirebaseCore' in build setting 'OTHER_LDFLAGS'
        ➜ Implicit dependency on target 'abseil' in project 'Pods' via options '-framework absl' in build setting 'OTHER_LDFLAGS'
        ➜ Implicit dependency on target 'gRPC-Core' in project 'Pods' via options '-framework grpc' in build setting 'OTHER_LDFLAGS'
        ➜ Implicit dependency on target 'gRPC-C++' in project 'Pods' via options '-framework grpcpp' in build setting 'OTHER_LDFLAGS'
        ➜ Implicit dependency on target 'leveldb-library' in project 'Pods' via options '-framework leveldb' in build setting 'OTHER_LDFLAGS'
        ➜ Implicit dependency on target 'nanopb' in project 'Pods' via options '-framework nanopb' in build setting 'OTHER_LDFLAGS'
    Target 'nanopb' in project 'Pods'
        ➜ Explicit dependency on target 'nanopb-nanopb_Privacy' in project 'Pods'
    Target 'nanopb-nanopb_Privacy' in project 'Pods' (no dependencies)
    Target 'leveldb-library' in project 'Pods'
        ➜ Explicit dependency on target 'leveldb-library-leveldb_Privacy' in project 'Pods'
    Target 'leveldb-library-leveldb_Privacy' in project 'Pods' (no dependencies)
    Target 'gRPC-C++' in project 'Pods'
        ➜ Explicit dependency on target 'abseil' in project 'Pods'
        ➜ Explicit dependency on target 'gRPC-C++-gRPCCertificates-Cpp' in project 'Pods'
        ➜ Explicit dependency on target 'gRPC-C++-grpcpp' in project 'Pods'
        ➜ Explicit dependency on target 'gRPC-Core' in project 'Pods'
    Target 'gRPC-C++-grpcpp' in project 'Pods'
        ➜ Implicit dependency on target 'abseil' in project 'Pods' via options '-framework absl' in build setting 'OTHER_LDFLAGS'
        ➜ Implicit dependency on target 'gRPC-Core' in project 'Pods' via options '-framework grpc' in build setting 'OTHER_LDFLAGS'
    Target 'gRPC-C++-gRPCCertificates-Cpp' in project 'Pods'
        ➜ Implicit dependency on target 'abseil' in project 'Pods' via options '-framework absl' in build setting 'OTHER_LDFLAGS'
        ➜ Implicit dependency on target 'gRPC-Core' in project 'Pods' via options '-framework grpc' in build setting 'OTHER_LDFLAGS'
    Target 'gRPC-Core' in project 'Pods'
        ➜ Explicit dependency on target 'BoringSSL-GRPC' in project 'Pods'
        ➜ Explicit dependency on target 'abseil' in project 'Pods'
        ➜ Explicit dependency on target 'gRPC-Core-grpc' in project 'Pods'
    Target 'gRPC-Core-grpc' in project 'Pods'
        ➜ Implicit dependency on target 'abseil' in project 'Pods' via options '-framework absl' in build setting 'OTHER_LDFLAGS'
        ➜ Implicit dependency on target 'BoringSSL-GRPC' in project 'Pods' via options '-framework openssl_grpc' in build setting 'OTHER_LDFLAGS'
    Target 'abseil' in project 'Pods'
        ➜ Explicit dependency on target 'abseil-xcprivacy' in project 'Pods'
    Target 'abseil-xcprivacy' in project 'Pods' (no dependencies)
    Target 'FirebaseAuth' in project 'Pods'
        ➜ Explicit dependency on target 'FirebaseAppCheckInterop' in project 'Pods'
        ➜ Explicit dependency on target 'FirebaseAuth-FirebaseAuth_Privacy' in project 'Pods'
        ➜ Explicit dependency on target 'FirebaseAuthInterop' in project 'Pods'
        ➜ Explicit dependency on target 'FirebaseCore' in project 'Pods'
        ➜ Explicit dependency on target 'FirebaseCoreExtension' in project 'Pods'
        ➜ Explicit dependency on target 'GTMSessionFetcher' in project 'Pods'
        ➜ Explicit dependency on target 'GoogleUtilities' in project 'Pods'
        ➜ Explicit dependency on target 'RecaptchaInterop' in project 'Pods'
    Target 'FirebaseAuth-FirebaseAuth_Privacy' in project 'Pods'
        ➜ Implicit dependency on target 'FirebaseAppCheckInterop' in project 'Pods' via options '-framework FirebaseAppCheckInterop' in build setting 'OTHER_LDFLAGS'
        ➜ Implicit dependency on target 'FirebaseAuthInterop' in project 'Pods' via options '-framework FirebaseAuthInterop' in build setting 'OTHER_LDFLAGS'
        ➜ Implicit dependency on target 'FirebaseCore' in project 'Pods' via options '-framework FirebaseCore' in build setting 'OTHER_LDFLAGS'
        ➜ Implicit dependency on target 'FirebaseCoreExtension' in project 'Pods' via options '-framework FirebaseCoreExtension' in build setting 'OTHER_LDFLAGS'
        ➜ Implicit dependency on target 'GTMSessionFetcher' in project 'Pods' via options '-framework GTMSessionFetcher' in build setting 'OTHER_LDFLAGS'
        ➜ Implicit dependency on target 'GoogleUtilities' in project 'Pods' via options '-framework GoogleUtilities' in build setting 'OTHER_LDFLAGS'
        ➜ Implicit dependency on target 'RecaptchaInterop' in project 'Pods' via options '-framework RecaptchaInterop' in build setting 'OTHER_LDFLAGS'
    Target 'RecaptchaInterop' in project 'Pods' (no dependencies)
    Target 'GTMSessionFetcher' in project 'Pods'
        ➜ Explicit dependency on target 'GTMSessionFetcher-GTMSessionFetcher_Core_Privacy' in project 'Pods'
    Target 'GTMSessionFetcher-GTMSessionFetcher_Core_Privacy' in project 'Pods' (no dependencies)
    Target 'FirebaseCoreExtension' in project 'Pods'
        ➜ Explicit dependency on target 'FirebaseCore' in project 'Pods'
        ➜ Explicit dependency on target 'FirebaseCoreExtension-FirebaseCoreExtension_Privacy' in project 'Pods'
    Target 'FirebaseCoreExtension-FirebaseCoreExtension_Privacy' in project 'Pods'
        ➜ Implicit dependency on target 'FirebaseCore' in project 'Pods' via options '-framework FirebaseCore' in build setting 'OTHER_LDFLAGS'
    Target 'FirebaseAuthInterop' in project 'Pods' (no dependencies)
    Target 'FirebaseAppCheckInterop' in project 'Pods' (no dependencies)
    Target 'FirebaseABTesting' in project 'Pods'
        ➜ Explicit dependency on target 'FirebaseABTesting-FirebaseABTesting_Privacy' in project 'Pods'
        ➜ Explicit dependency on target 'FirebaseCore' in project 'Pods'
    Target 'FirebaseABTesting-FirebaseABTesting_Privacy' in project 'Pods'
        ➜ Implicit dependency on target 'FirebaseCore' in project 'Pods' via options '-framework FirebaseCore' in build setting 'OTHER_LDFLAGS'
    Target 'FirebaseCore' in project 'Pods'
        ➜ Explicit dependency on target 'FirebaseCore-FirebaseCore_Privacy' in project 'Pods'
        ➜ Explicit dependency on target 'FirebaseCoreInternal' in project 'Pods'
        ➜ Explicit dependency on target 'GoogleUtilities' in project 'Pods'
    Target 'FirebaseCore-FirebaseCore_Privacy' in project 'Pods'
        ➜ Implicit dependency on target 'FirebaseCoreInternal' in project 'Pods' via options '-framework FirebaseCoreInternal' in build setting 'OTHER_LDFLAGS'
        ➜ Implicit dependency on target 'GoogleUtilities' in project 'Pods' via options '-framework GoogleUtilities' in build setting 'OTHER_LDFLAGS'
    Target 'FirebaseCoreInternal' in project 'Pods'
        ➜ Explicit dependency on target 'FirebaseCoreInternal-FirebaseCoreInternal_Privacy' in project 'Pods'
        ➜ Explicit dependency on target 'GoogleUtilities' in project 'Pods'
    Target 'FirebaseCoreInternal-FirebaseCoreInternal_Privacy' in project 'Pods'
        ➜ Implicit dependency on target 'GoogleUtilities' in project 'Pods' via options '-framework GoogleUtilities' in build setting 'OTHER_LDFLAGS'
    Target 'GoogleUtilities' in project 'Pods'
        ➜ Explicit dependency on target 'GoogleUtilities-GoogleUtilities_Privacy' in project 'Pods'
    Target 'GoogleUtilities-GoogleUtilities_Privacy' in project 'Pods' (no dependencies)
    Target 'BoringSSL-GRPC' in project 'Pods'
        ➜ Explicit dependency on target 'BoringSSL-GRPC-openssl_grpc' in project 'Pods'
    Target 'BoringSSL-GRPC-openssl_grpc' in project 'Pods' (no dependencies)

GatherProvisioningInputs

CreateBuildDescription

ExecuteExternalTool /Applications/Xcode.app/Contents/Developer/Toolchains/XcodeDefault.xctoolchain/usr/bin/clang -v -E -dM -isysroot /Applications/Xcode.app/Contents/Developer/Platforms/iPhoneSimulator.platform/Developer/SDKs/iPhoneSimulator26.5.sdk -x c -c /dev/null

ExecuteExternalTool /Applications/Xcode.app/Contents/Developer/Toolchains/XcodeDefault.xctoolchain/usr/bin/clang -v -E -dM -arch arm64 -isysroot /Applications/Xcode.app/Contents/Developer/Platforms/iPhoneSimulator.platform/Developer/SDKs/iPhoneSimulator26.5.sdk -x c -c /dev/null

ExecuteExternalTool /Applications/Xcode.app/Contents/Developer/Toolchains/XcodeDefault.xctoolchain/usr/bin/clang -v -E -dM -arch arm64 -isysroot /Applications/Xcode.app/Contents/Developer/Platforms/iPhoneSimulator.platform/Developer/SDKs/iPhoneSimulator26.5.sdk -x objective-c -c /dev/null

ExecuteExternalTool /Applications/Xcode.app/Contents/Developer/Toolchains/XcodeDefault.xctoolchain/usr/bin/clang -v -E -dM -arch arm64 -isysroot /Applications/Xcode.app/Contents/Developer/Platforms/iPhoneSimulator.platform/Developer/SDKs/iPhoneSimulator26.5.sdk -x c++ -c /dev/null

ExecuteExternalTool /Applications/Xcode.app/Contents/Developer/Toolchains/XcodeDefault.xctoolchain/usr/bin/ld -version_details

ExecuteExternalTool /Applications/Xcode.app/Contents/Developer/Toolchains/XcodeDefault.xctoolchain/usr/bin/swiftc --version

ExecuteExternalTool /Applications/Xcode.app/Contents/Developer/usr/bin/actool --print-asset-tag-combinations --output-format xml1 /Users/pauloricha/StudioProjects/BolaoDaGalera/iosApp/iosApp/Preview Content/Preview Assets.xcassets /Users/pauloricha/StudioProjects/BolaoDaGalera/iosApp/iosApp/Assets.xcassets

ExecuteExternalTool /Applications/Xcode.app/Contents/Developer/Toolchains/XcodeDefault.xctoolchain/usr/bin/libtool -V

ExecuteExternalTool /Applications/Xcode.app/Contents/Developer/usr/bin/actool --version --output-format xml1

ExecuteExternalTool /Applications/Xcode.app/Contents/Developer/Toolchains/XcodeDefault.xctoolchain/usr/bin/clang -v -E -dM -arch arm64 -isysroot /Applications/Xcode.app/Contents/Developer/Platforms/iPhoneSimulator.platform/Developer/SDKs/iPhoneSimulator26.5.sdk -x objective-c++ -c /dev/null

Build description signature: e5b77ed001b0cf8ccf699dddee706974
Build description path: /Users/pauloricha/Library/Developer/Xcode/DerivedData/iosApp-cynwljdxdnoqyxhdtywpdbpkuabz/Build/Intermediates.noindex/XCBuildData/e5b77ed001b0cf8ccf699dddee706974.xcbuilddata
ProcessInfoPlistFile /Users/pauloricha/Library/Developer/Xcode/DerivedData/iosApp-cynwljdxdnoqyxhdtywpdbpkuabz/Build/Products/Debug-iphonesimulator/PromisesObjC/FBLPromises_Privacy.bundle/Info.plist /Users/pauloricha/StudioProjects/BolaoDaGalera/iosApp/Pods/Target\ Support\ Files/PromisesObjC/ResourceBundle-FBLPromises_Privacy-PromisesObjC-Info.plist (in target 'PromisesObjC-FBLPromises_Privacy' from project 'Pods')
    cd /Users/pauloricha/StudioProjects/BolaoDaGalera/iosApp/Pods
    builtin-infoPlistUtility /Users/pauloricha/StudioProjects/BolaoDaGalera/iosApp/Pods/Target\ Support\ Files/PromisesObjC/ResourceBundle-FBLPromises_Privacy-PromisesObjC-Info.plist -producttype com.apple.product-type.bundle -expandbuildsettings -format binary -platform iphonesimulator -o /Users/pauloricha/Library/Developer/Xcode/DerivedData/iosApp-cynwljdxdnoqyxhdtywpdbpkuabz/Build/Products/Debug-iphonesimulator/PromisesObjC/FBLPromises_Privacy.bundle/Info.plist

ClangStatCache /Applications/Xcode.app/Contents/Developer/Toolchains/XcodeDefault.xctoolchain/usr/bin/clang-stat-cache /Applications/Xcode.app/Contents/Developer/Platforms/iPhoneSimulator.platform/Developer/SDKs/iPhoneSimulator26.5.sdk /Users/pauloricha/Library/Developer/Xcode/DerivedData/SDKStatCaches.noindex/iphonesimulator26.5-23F81a-6cfe768891a92b912361537c460fe42b.sdkstatcache
    cd /Users/pauloricha/StudioProjects/BolaoDaGalera/iosApp
    /Applications/Xcode.app/Contents/Developer/Toolchains/XcodeDefault.xctoolchain/usr/bin/clang-stat-cache /Applications/Xcode.app/Contents/Developer/Platforms/iPhoneSimulator.platform/Developer/SDKs/iPhoneSimulator26.5.sdk -o /Users/pauloricha/Library/Developer/Xcode/DerivedData/SDKStatCaches.noindex/iphonesimulator26.5-23F81a-6cfe768891a92b912361537c460fe42b.sdkstatcache

Ld /Users/pauloricha/Library/Developer/Xcode/DerivedData/iosApp-cynwljdxdnoqyxhdtywpdbpkuabz/Build/Products/Debug-iphonesimulator/PromisesObjC/FBLPromises.framework/FBLPromises normal (in target 'PromisesObjC' from project 'Pods')
    cd /Users/pauloricha/StudioProjects/BolaoDaGalera/iosApp/Pods
    /Applications/Xcode.app/Contents/Developer/Toolchains/XcodeDefault.xctoolchain/usr/bin/clang -Xlinker -reproducible -target arm64-apple-ios16.0-simulator -dynamiclib -isysroot /Applications/Xcode.app/Contents/Developer/Platforms/iPhoneSimulator.platform/Developer/SDKs/iPhoneSimulator26.5.sdk -O0 -L/Users/pauloricha/Library/Developer/Xcode/DerivedData/iosApp-cynwljdxdnoqyxhdtywpdbpkuabz/Build/Intermediates.noindex/EagerLinkingTBDs/Debug-iphonesimulator -L/Users/pauloricha/Library/Developer/Xcode/DerivedData/iosApp-cynwljdxdnoqyxhdtywpdbpkuabz/Build/Products/Debug-iphonesimulator/PromisesObjC -F/Users/pauloricha/Library/Developer/Xcode/DerivedData/iosApp-cynwljdxdnoqyxhdtywpdbpkuabz/Build/Intermediates.noindex/EagerLinkingTBDs/Debug-iphonesimulator -F/Users/pauloricha/Library/Developer/Xcode/DerivedData/iosApp-cynwljdxdnoqyxhdtywpdbpkuabz/Build/Products/Debug-iphonesimulator/PromisesObjC -filelist /Users/pauloricha/Library/Developer/Xcode/DerivedData/iosApp-cynwljdxdnoqyxhdtywpdbpkuabz/Build/Intermediates.noindex/Pods.build/Debug-iphonesimulator/PromisesObjC.build/Objects-normal/arm64/FBLPromises.LinkFileList -install_name @rpath/FBLPromises.framework/FBLPromises -Xlinker -rpath -Xlinker @executable_path/Frameworks -Xlinker -rpath -Xlinker @loader_path/Frameworks -Xlinker -dead_strip -Xlinker -object_path_lto -Xlinker /Users/pauloricha/Library/Developer/Xcode/DerivedData/iosApp-cynwljdxdnoqyxhdtywpdbpkuabz/Build/Intermediates.noindex/Pods.build/Debug-iphonesimulator/PromisesObjC.build/Objects-normal/arm64/FBLPromises_lto.o -rdynamic -Xlinker -no_deduplicate -Xlinker -objc_abi_version -Xlinker 2 -Xlinker -dependency_info -Xlinker /Users/pauloricha/Library/Developer/Xcode/DerivedData/iosApp-cynwljdxdnoqyxhdtywpdbpkuabz/Build/Intermediates.noindex/Pods.build/Debug-iphonesimulator/PromisesObjC.build/Objects-normal/arm64/FBLPromises_dependency_info.dat -fobjc-arc -fobjc-link-runtime -framework Foundation -Xlinker -no_adhoc_codesign -compatibility_version 1 -current_version 1 -o /Users/pauloricha/Library/Developer/Xcode/DerivedData/iosApp-cynwljdxdnoqyxhdtywpdbpkuabz/Build/Products/Debug-iphonesimulator/PromisesObjC/FBLPromises.framework/FBLPromises

ProcessInfoPlistFile /Users/pauloricha/Library/Developer/Xcode/DerivedData/iosApp-cynwljdxdnoqyxhdtywpdbpkuabz/Build/Products/Debug-iphonesimulator/PromisesObjC/FBLPromises.framework/Info.plist /Users/pauloricha/StudioProjects/BolaoDaGalera/iosApp/Pods/Target\ Support\ Files/PromisesObjC/PromisesObjC-Info.plist (in target 'PromisesObjC' from project 'Pods')
    cd /Users/pauloricha/StudioProjects/BolaoDaGalera/iosApp/Pods
    builtin-infoPlistUtility /Users/pauloricha/StudioProjects/BolaoDaGalera/iosApp/Pods/Target\ Support\ Files/PromisesObjC/PromisesObjC-Info.plist -producttype com.apple.product-type.framework -expandbuildsettings -format binary -platform iphonesimulator -o /Users/pauloricha/Library/Developer/Xcode/DerivedData/iosApp-cynwljdxdnoqyxhdtywpdbpkuabz/Build/Products/Debug-iphonesimulator/PromisesObjC/FBLPromises.framework/Info.plist

GenerateTAPI /Users/pauloricha/Library/Developer/Xcode/DerivedData/iosApp-cynwljdxdnoqyxhdtywpdbpkuabz/Build/Intermediates.noindex/EagerLinkingTBDs/Debug-iphonesimulator/FBLPromises.framework/FBLPromises.tbd (in target 'PromisesObjC' from project 'Pods')
    cd /Users/pauloricha/StudioProjects/BolaoDaGalera/iosApp/Pods
    /Applications/Xcode.app/Contents/Developer/Toolchains/XcodeDefault.xctoolchain/usr/bin/tapi stubify -isysroot /Applications/Xcode.app/Contents/Developer/Platforms/iPhoneSimulator.platform/Developer/SDKs/iPhoneSimulator26.5.sdk -F/Users/pauloricha/Library/Developer/Xcode/DerivedData/iosApp-cynwljdxdnoqyxhdtywpdbpkuabz/Build/Products/Debug-iphonesimulator/PromisesObjC -L/Users/pauloricha/Library/Developer/Xcode/DerivedData/iosApp-cynwljdxdnoqyxhdtywpdbpkuabz/Build/Products/Debug-iphonesimulator/PromisesObjC /Users/pauloricha/Library/Developer/Xcode/DerivedData/iosApp-cynwljdxdnoqyxhdtywpdbpkuabz/Build/Products/Debug-iphonesimulator/PromisesObjC/FBLPromises.framework/FBLPromises -o /Users/pauloricha/Library/Developer/Xcode/DerivedData/iosApp-cynwljdxdnoqyxhdtywpdbpkuabz/Build/Intermediates.noindex/EagerLinkingTBDs/Debug-iphonesimulator/FBLPromises.framework/FBLPromises.tbd

ProcessInfoPlistFile /Users/pauloricha/Library/Developer/Xcode/DerivedData/iosApp-cynwljdxdnoqyxhdtywpdbpkuabz/Build/Products/Debug-iphonesimulator/GoogleUtilities/GoogleUtilities_Privacy.bundle/Info.plist /Users/pauloricha/StudioProjects/BolaoDaGalera/iosApp/Pods/Target\ Support\ Files/GoogleUtilities/ResourceBundle-GoogleUtilities_Privacy-GoogleUtilities-Info.plist (in target 'GoogleUtilities-GoogleUtilities_Privacy' from project 'Pods')
    cd /Users/pauloricha/StudioProjects/BolaoDaGalera/iosApp/Pods
    builtin-infoPlistUtility /Users/pauloricha/StudioProjects/BolaoDaGalera/iosApp/Pods/Target\ Support\ Files/GoogleUtilities/ResourceBundle-GoogleUtilities_Privacy-GoogleUtilities-Info.plist -producttype com.apple.product-type.bundle -expandbuildsettings -format binary -platform iphonesimulator -o /Users/pauloricha/Library/Developer/Xcode/DerivedData/iosApp-cynwljdxdnoqyxhdtywpdbpkuabz/Build/Products/Debug-iphonesimulator/GoogleUtilities/GoogleUtilities_Privacy.bundle/Info.plist

ProcessInfoPlistFile /Users/pauloricha/Library/Developer/Xcode/DerivedData/iosApp-cynwljdxdnoqyxhdtywpdbpkuabz/Build/Products/Debug-iphonesimulator/GoogleUtilities/GoogleUtilities.framework/Info.plist /Users/pauloricha/StudioProjects/BolaoDaGalera/iosApp/Pods/Target\ Support\ Files/GoogleUtilities/GoogleUtilities-Info.plist (in target 'GoogleUtilities' from project 'Pods')
    cd /Users/pauloricha/StudioProjects/BolaoDaGalera/iosApp/Pods
    builtin-infoPlistUtility /Users/pauloricha/StudioProjects/BolaoDaGalera/iosApp/Pods/Target\ Support\ Files/GoogleUtilities/GoogleUtilities-Info.plist -producttype com.apple.product-type.framework -expandbuildsettings -format binary -platform iphonesimulator -o /Users/pauloricha/Library/Developer/Xcode/DerivedData/iosApp-cynwljdxdnoqyxhdtywpdbpkuabz/Build/Products/Debug-iphonesimulator/GoogleUtilities/GoogleUtilities.framework/Info.plist

Ld /Users/pauloricha/Library/Developer/Xcode/DerivedData/iosApp-cynwljdxdnoqyxhdtywpdbpkuabz/Build/Products/Debug-iphonesimulator/GoogleUtilities/GoogleUtilities.framework/GoogleUtilities normal (in target 'GoogleUtilities' from project 'Pods')
    cd /Users/pauloricha/StudioProjects/BolaoDaGalera/iosApp/Pods
    /Applications/Xcode.app/Contents/Developer/Toolchains/XcodeDefault.xctoolchain/usr/bin/clang -Xlinker -reproducible -target arm64-apple-ios16.0-simulator -dynamiclib -isysroot /Applications/Xcode.app/Contents/Developer/Platforms/iPhoneSimulator.platform/Developer/SDKs/iPhoneSimulator26.5.sdk -O0 -L/Users/pauloricha/Library/Developer/Xcode/DerivedData/iosApp-cynwljdxdnoqyxhdtywpdbpkuabz/Build/Intermediates.noindex/EagerLinkingTBDs/Debug-iphonesimulator -L/Users/pauloricha/Library/Developer/Xcode/DerivedData/iosApp-cynwljdxdnoqyxhdtywpdbpkuabz/Build/Products/Debug-iphonesimulator/GoogleUtilities -F/Users/pauloricha/Library/Developer/Xcode/DerivedData/iosApp-cynwljdxdnoqyxhdtywpdbpkuabz/Build/Intermediates.noindex/EagerLinkingTBDs/Debug-iphonesimulator -F/Users/pauloricha/Library/Developer/Xcode/DerivedData/iosApp-cynwljdxdnoqyxhdtywpdbpkuabz/Build/Products/Debug-iphonesimulator/GoogleUtilities -filelist /Users/pauloricha/Library/Developer/Xcode/DerivedData/iosApp-cynwljdxdnoqyxhdtywpdbpkuabz/Build/Intermediates.noindex/Pods.build/Debug-iphonesimulator/GoogleUtilities.build/Objects-normal/arm64/GoogleUtilities.LinkFileList -install_name @rpath/GoogleUtilities.framework/GoogleUtilities -Xlinker -rpath -Xlinker @executable_path/Frameworks -Xlinker -rpath -Xlinker @loader_path/Frameworks -Xlinker -dead_strip -Xlinker -object_path_lto -Xlinker /Users/pauloricha/Library/Developer/Xcode/DerivedData/iosApp-cynwljdxdnoqyxhdtywpdbpkuabz/Build/Intermediates.noindex/Pods.build/Debug-iphonesimulator/GoogleUtilities.build/Objects-normal/arm64/GoogleUtilities_lto.o -rdynamic -Xlinker -no_deduplicate -Xlinker -objc_abi_version -Xlinker 2 -Xlinker -dependency_info -Xlinker /Users/pauloricha/Library/Developer/Xcode/DerivedData/iosApp-cynwljdxdnoqyxhdtywpdbpkuabz/Build/Intermediates.noindex/Pods.build/Debug-iphonesimulator/GoogleUtilities.build/Objects-normal/arm64/GoogleUtilities_dependency_info.dat -fobjc-arc -fobjc-link-runtime -lz -framework Security -framework SystemConfiguration -framework Foundation -framework Security -framework SystemConfiguration -Xlinker -no_adhoc_codesign -compatibility_version 1 -current_version 1 -o /Users/pauloricha/Library/Developer/Xcode/DerivedData/iosApp-cynwljdxdnoqyxhdtywpdbpkuabz/Build/Products/Debug-iphonesimulator/GoogleUtilities/GoogleUtilities.framework/GoogleUtilities

GenerateTAPI /Users/pauloricha/Library/Developer/Xcode/DerivedData/iosApp-cynwljdxdnoqyxhdtywpdbpkuabz/Build/Intermediates.noindex/EagerLinkingTBDs/Debug-iphonesimulator/GoogleUtilities.framework/GoogleUtilities.tbd (in target 'GoogleUtilities' from project 'Pods')
    cd /Users/pauloricha/StudioProjects/BolaoDaGalera/iosApp/Pods
    /Applications/Xcode.app/Contents/Developer/Toolchains/XcodeDefault.xctoolchain/usr/bin/tapi stubify -isysroot /Applications/Xcode.app/Contents/Developer/Platforms/iPhoneSimulator.platform/Developer/SDKs/iPhoneSimulator26.5.sdk -F/Users/pauloricha/Library/Developer/Xcode/DerivedData/iosApp-cynwljdxdnoqyxhdtywpdbpkuabz/Build/Products/Debug-iphonesimulator/GoogleUtilities -L/Users/pauloricha/Library/Developer/Xcode/DerivedData/iosApp-cynwljdxdnoqyxhdtywpdbpkuabz/Build/Products/Debug-iphonesimulator/GoogleUtilities /Users/pauloricha/Library/Developer/Xcode/DerivedData/iosApp-cynwljdxdnoqyxhdtywpdbpkuabz/Build/Products/Debug-iphonesimulator/GoogleUtilities/GoogleUtilities.framework/GoogleUtilities -o /Users/pauloricha/Library/Developer/Xcode/DerivedData/iosApp-cynwljdxdnoqyxhdtywpdbpkuabz/Build/Intermediates.noindex/EagerLinkingTBDs/Debug-iphonesimulator/GoogleUtilities.framework/GoogleUtilities.tbd

CodeSign /Users/pauloricha/Library/Developer/Xcode/DerivedData/iosApp-cynwljdxdnoqyxhdtywpdbpkuabz/Build/Products/Debug-iphonesimulator/GoogleUtilities/GoogleUtilities.framework (in target 'GoogleUtilities' from project 'Pods')
    cd /Users/pauloricha/StudioProjects/BolaoDaGalera/iosApp/Pods
    
    Signing Identity:     "Sign to Run Locally"
    
    /usr/bin/codesign --force --sign - --timestamp\=none --generate-entitlement-der /Users/pauloricha/Library/Developer/Xcode/DerivedData/iosApp-cynwljdxdnoqyxhdtywpdbpkuabz/Build/Products/Debug-iphonesimulator/GoogleUtilities/GoogleUtilities.framework

ProcessInfoPlistFile /Users/pauloricha/Library/Developer/Xcode/DerivedData/iosApp-cynwljdxdnoqyxhdtywpdbpkuabz/Build/Products/Debug-iphonesimulator/FirebaseCoreInternal/FirebaseCoreInternal_Privacy.bundle/Info.plist /Users/pauloricha/StudioProjects/BolaoDaGalera/iosApp/Pods/Target\ Support\ Files/FirebaseCoreInternal/ResourceBundle-FirebaseCoreInternal_Privacy-FirebaseCoreInternal-Info.plist (in target 'FirebaseCoreInternal-FirebaseCoreInternal_Privacy' from project 'Pods')
    cd /Users/pauloricha/StudioProjects/BolaoDaGalera/iosApp/Pods
    builtin-infoPlistUtility /Users/pauloricha/StudioProjects/BolaoDaGalera/iosApp/Pods/Target\ Support\ Files/FirebaseCoreInternal/ResourceBundle-FirebaseCoreInternal_Privacy-FirebaseCoreInternal-Info.plist -producttype com.apple.product-type.bundle -expandbuildsettings -format binary -platform iphonesimulator -o /Users/pauloricha/Library/Developer/Xcode/DerivedData/iosApp-cynwljdxdnoqyxhdtywpdbpkuabz/Build/Products/Debug-iphonesimulator/FirebaseCoreInternal/FirebaseCoreInternal_Privacy.bundle/Info.plist

ProcessInfoPlistFile /Users/pauloricha/Library/Developer/Xcode/DerivedData/iosApp-cynwljdxdnoqyxhdtywpdbpkuabz/Build/Products/Debug-iphonesimulator/FirebaseCoreInternal/FirebaseCoreInternal.framework/Info.plist /Users/pauloricha/StudioProjects/BolaoDaGalera/iosApp/Pods/Target\ Support\ Files/FirebaseCoreInternal/FirebaseCoreInternal-Info.plist (in target 'FirebaseCoreInternal' from project 'Pods')
    cd /Users/pauloricha/StudioProjects/BolaoDaGalera/iosApp/Pods
    builtin-infoPlistUtility /Users/pauloricha/StudioProjects/BolaoDaGalera/iosApp/Pods/Target\ Support\ Files/FirebaseCoreInternal/FirebaseCoreInternal-Info.plist -producttype com.apple.product-type.framework -expandbuildsettings -format binary -platform iphonesimulator -o /Users/pauloricha/Library/Developer/Xcode/DerivedData/iosApp-cynwljdxdnoqyxhdtywpdbpkuabz/Build/Products/Debug-iphonesimulator/FirebaseCoreInternal/FirebaseCoreInternal.framework/Info.plist

Ld /Users/pauloricha/Library/Developer/Xcode/DerivedData/iosApp-cynwljdxdnoqyxhdtywpdbpkuabz/Build/Products/Debug-iphonesimulator/FirebaseCoreInternal/FirebaseCoreInternal.framework/FirebaseCoreInternal normal (in target 'FirebaseCoreInternal' from project 'Pods')
    cd /Users/pauloricha/StudioProjects/BolaoDaGalera/iosApp/Pods
    /Applications/Xcode.app/Contents/Developer/Toolchains/XcodeDefault.xctoolchain/usr/bin/clang -Xlinker -reproducible -target arm64-apple-ios16.0-simulator -dynamiclib -isysroot /Applications/Xcode.app/Contents/Developer/Platforms/iPhoneSimulator.platform/Developer/SDKs/iPhoneSimulator26.5.sdk -O0 -L/Users/pauloricha/Library/Developer/Xcode/DerivedData/iosApp-cynwljdxdnoqyxhdtywpdbpkuabz/Build/Intermediates.noindex/EagerLinkingTBDs/Debug-iphonesimulator -L/Users/pauloricha/Library/Developer/Xcode/DerivedData/iosApp-cynwljdxdnoqyxhdtywpdbpkuabz/Build/Products/Debug-iphonesimulator/FirebaseCoreInternal -L/Applications/Xcode.app/Contents/Developer/Toolchains/XcodeDefault.xctoolchain/usr/lib/swift/iphonesimulator -L/Applications/Xcode.app/Contents/Developer/Platforms/iPhoneSimulator.platform/Developer/SDKs/iPhoneSimulator26.5.sdk/usr/lib/swift -F/Users/pauloricha/Library/Developer/Xcode/DerivedData/iosApp-cynwljdxdnoqyxhdtywpdbpkuabz/Build/Intermediates.noindex/EagerLinkingTBDs/Debug-iphonesimulator -F/Users/pauloricha/Library/Developer/Xcode/DerivedData/iosApp-cynwljdxdnoqyxhdtywpdbpkuabz/Build/Products/Debug-iphonesimulator/FirebaseCoreInternal -F/Users/pauloricha/Library/Developer/Xcode/DerivedData/iosApp-cynwljdxdnoqyxhdtywpdbpkuabz/Build/Products/Debug-iphonesimulator/GoogleUtilities -filelist /Users/pauloricha/Library/Developer/Xcode/DerivedData/iosApp-cynwljdxdnoqyxhdtywpdbpkuabz/Build/Intermediates.noindex/Pods.build/Debug-iphonesimulator/FirebaseCoreInternal.build/Objects-normal/arm64/FirebaseCoreInternal.LinkFileList -install_name @rpath/FirebaseCoreInternal.framework/FirebaseCoreInternal -Xlinker -rpath -Xlinker /usr/lib/swift -Xlinker -rpath -Xlinker @executable_path/Frameworks -Xlinker -rpath -Xlinker @loader_path/Frameworks -Xlinker -dead_strip -Xlinker -object_path_lto -Xlinker /Users/pauloricha/Library/Developer/Xcode/DerivedData/iosApp-cynwljdxdnoqyxhdtywpdbpkuabz/Build/Intermediates.noindex/Pods.build/Debug-iphonesimulator/FirebaseCoreInternal.build/Objects-normal/arm64/FirebaseCoreInternal_lto.o -rdynamic -Xlinker -no_deduplicate -Xlinker -objc_abi_version -Xlinker 2 -Xlinker -dependency_info -Xlinker /Users/pauloricha/Library/Developer/Xcode/DerivedData/iosApp-cynwljdxdnoqyxhdtywpdbpkuabz/Build/Intermediates.noindex/Pods.build/Debug-iphonesimulator/FirebaseCoreInternal.build/Objects-normal/arm64/FirebaseCoreInternal_dependency_info.dat -fobjc-arc -fobjc-link-runtime -L/Applications/Xcode.app/Contents/Developer/Toolchains/XcodeDefault.xctoolchain/usr/lib/swift/iphonesimulator -L/usr/lib/swift -Xlinker -add_ast_path -Xlinker /Users/pauloricha/Library/Developer/Xcode/DerivedData/iosApp-cynwljdxdnoqyxhdtywpdbpkuabz/Build/Intermediates.noindex/Pods.build/Debug-iphonesimulator/FirebaseCoreInternal.build/Objects-normal/arm64/FirebaseCoreInternal.swiftmodule @/Users/pauloricha/Library/Developer/Xcode/DerivedData/iosApp-cynwljdxdnoqyxhdtywpdbpkuabz/Build/Intermediates.noindex/Pods.build/Debug-iphonesimulator/FirebaseCoreInternal.build/Objects-normal/arm64/FirebaseCoreInternal-linker-args.resp -framework GoogleUtilities -framework Security -framework SystemConfiguration -framework Foundation -Xlinker -no_adhoc_codesign -compatibility_version 1 -current_version 1 -o /Users/pauloricha/Library/Developer/Xcode/DerivedData/iosApp-cynwljdxdnoqyxhdtywpdbpkuabz/Build/Products/Debug-iphonesimulator/FirebaseCoreInternal/FirebaseCoreInternal.framework/FirebaseCoreInternal

ExtractAppIntentsMetadata (in target 'FirebaseCoreInternal' from project 'Pods')
    cd /Users/pauloricha/StudioProjects/BolaoDaGalera/iosApp/Pods
    /Applications/Xcode.app/Contents/Developer/Toolchains/XcodeDefault.xctoolchain/usr/bin/appintentsmetadataprocessor --toolchain-dir /Applications/Xcode.app/Contents/Developer/Toolchains/XcodeDefault.xctoolchain --module-name FirebaseCoreInternal --sdk-root /Applications/Xcode.app/Contents/Developer/Platforms/iPhoneSimulator.platform/Developer/SDKs/iPhoneSimulator26.5.sdk --xcode-version 17F113 --platform-family iOS --deployment-target 16.0 --bundle-identifier org.cocoapods.FirebaseCoreInternal --output /Users/pauloricha/Library/Developer/Xcode/DerivedData/iosApp-cynwljdxdnoqyxhdtywpdbpkuabz/Build/Products/Debug-iphonesimulator/FirebaseCoreInternal/FirebaseCoreInternal.framework --target-triple arm64-apple-ios16.0-simulator --binary-file /Users/pauloricha/Library/Developer/Xcode/DerivedData/iosApp-cynwljdxdnoqyxhdtywpdbpkuabz/Build/Products/Debug-iphonesimulator/FirebaseCoreInternal/FirebaseCoreInternal.framework/FirebaseCoreInternal --dependency-file /Users/pauloricha/Library/Developer/Xcode/DerivedData/iosApp-cynwljdxdnoqyxhdtywpdbpkuabz/Build/Intermediates.noindex/Pods.build/Debug-iphonesimulator/FirebaseCoreInternal.build/Objects-normal/arm64/FirebaseCoreInternal_dependency_info.dat --stringsdata-file /Users/pauloricha/Library/Developer/Xcode/DerivedData/iosApp-cynwljdxdnoqyxhdtywpdbpkuabz/Build/Intermediates.noindex/Pods.build/Debug-iphonesimulator/FirebaseCoreInternal.build/Objects-normal/arm64/ExtractedAppShortcutsMetadata.stringsdata --source-file-list /Users/pauloricha/Library/Developer/Xcode/DerivedData/iosApp-cynwljdxdnoqyxhdtywpdbpkuabz/Build/Intermediates.noindex/Pods.build/Debug-iphonesimulator/FirebaseCoreInternal.build/Objects-normal/arm64/FirebaseCoreInternal.SwiftFileList --metadata-file-list /Users/pauloricha/Library/Developer/Xcode/DerivedData/iosApp-cynwljdxdnoqyxhdtywpdbpkuabz/Build/Intermediates.noindex/Pods.build/Debug-iphonesimulator/FirebaseCoreInternal.build/FirebaseCoreInternal.DependencyMetadataFileList --static-metadata-file-list /Users/pauloricha/Library/Developer/Xcode/DerivedData/iosApp-cynwljdxdnoqyxhdtywpdbpkuabz/Build/Intermediates.noindex/Pods.build/Debug-iphonesimulator/FirebaseCoreInternal.build/FirebaseCoreInternal.DependencyStaticMetadataFileList --swift-const-vals-list /Users/pauloricha/Library/Developer/Xcode/DerivedData/iosApp-cynwljdxdnoqyxhdtywpdbpkuabz/Build/Intermediates.noindex/Pods.build/Debug-iphonesimulator/FirebaseCoreInternal.build/Objects-normal/arm64/FirebaseCoreInternal.SwiftConstValuesFileList --compile-time-extraction --deployment-aware-processing --validate-assistant-intents --no-app-shortcuts-localization
2026-08-16 21:38:34.461 appintentsmetadataprocessor[45601:4900962] Starting appintentsmetadataprocessor export
2026-08-16 21:38:34.467 appintentsmetadataprocessor[45601:4900962] warning: Metadata extraction skipped. No AppIntents.framework dependency found.

GenerateTAPI /Users/pauloricha/Library/Developer/Xcode/DerivedData/iosApp-cynwljdxdnoqyxhdtywpdbpkuabz/Build/Intermediates.noindex/EagerLinkingTBDs/Debug-iphonesimulator/FirebaseCoreInternal.framework/FirebaseCoreInternal.tbd (in target 'FirebaseCoreInternal' from project 'Pods')
    cd /Users/pauloricha/StudioProjects/BolaoDaGalera/iosApp/Pods
    /Applications/Xcode.app/Contents/Developer/Toolchains/XcodeDefault.xctoolchain/usr/bin/tapi stubify -isysroot /Applications/Xcode.app/Contents/Developer/Platforms/iPhoneSimulator.platform/Developer/SDKs/iPhoneSimulator26.5.sdk -F/Users/pauloricha/Library/Developer/Xcode/DerivedData/iosApp-cynwljdxdnoqyxhdtywpdbpkuabz/Build/Products/Debug-iphonesimulator/FirebaseCoreInternal -F/Users/pauloricha/Library/Developer/Xcode/DerivedData/iosApp-cynwljdxdnoqyxhdtywpdbpkuabz/Build/Products/Debug-iphonesimulator/GoogleUtilities -L/Users/pauloricha/Library/Developer/Xcode/DerivedData/iosApp-cynwljdxdnoqyxhdtywpdbpkuabz/Build/Products/Debug-iphonesimulator/FirebaseCoreInternal -L/Applications/Xcode.app/Contents/Developer/Toolchains/XcodeDefault.xctoolchain/usr/lib/swift/iphonesimulator -L/Applications/Xcode.app/Contents/Developer/Platforms/iPhoneSimulator.platform/Developer/SDKs/iPhoneSimulator26.5.sdk/usr/lib/swift /Users/pauloricha/Library/Developer/Xcode/DerivedData/iosApp-cynwljdxdnoqyxhdtywpdbpkuabz/Build/Products/Debug-iphonesimulator/FirebaseCoreInternal/FirebaseCoreInternal.framework/FirebaseCoreInternal -o /Users/pauloricha/Library/Developer/Xcode/DerivedData/iosApp-cynwljdxdnoqyxhdtywpdbpkuabz/Build/Intermediates.noindex/EagerLinkingTBDs/Debug-iphonesimulator/FirebaseCoreInternal.framework/FirebaseCoreInternal.tbd

CodeSign /Users/pauloricha/Library/Developer/Xcode/DerivedData/iosApp-cynwljdxdnoqyxhdtywpdbpkuabz/Build/Products/Debug-iphonesimulator/FirebaseCoreInternal/FirebaseCoreInternal.framework (in target 'FirebaseCoreInternal' from project 'Pods')
    cd /Users/pauloricha/StudioProjects/BolaoDaGalera/iosApp/Pods
    
    Signing Identity:     "Sign to Run Locally"
    
    /usr/bin/codesign --force --sign - --timestamp\=none --generate-entitlement-der /Users/pauloricha/Library/Developer/Xcode/DerivedData/iosApp-cynwljdxdnoqyxhdtywpdbpkuabz/Build/Products/Debug-iphonesimulator/FirebaseCoreInternal/FirebaseCoreInternal.framework

ProcessInfoPlistFile /Users/pauloricha/Library/Developer/Xcode/DerivedData/iosApp-cynwljdxdnoqyxhdtywpdbpkuabz/Build/Products/Debug-iphonesimulator/FirebaseCore/FirebaseCore_Privacy.bundle/Info.plist /Users/pauloricha/StudioProjects/BolaoDaGalera/iosApp/Pods/Target\ Support\ Files/FirebaseCore/ResourceBundle-FirebaseCore_Privacy-FirebaseCore-Info.plist (in target 'FirebaseCore-FirebaseCore_Privacy' from project 'Pods')
    cd /Users/pauloricha/StudioProjects/BolaoDaGalera/iosApp/Pods
    builtin-infoPlistUtility /Users/pauloricha/StudioProjects/BolaoDaGalera/iosApp/Pods/Target\ Support\ Files/FirebaseCore/ResourceBundle-FirebaseCore_Privacy-FirebaseCore-Info.plist -producttype com.apple.product-type.bundle -expandbuildsettings -format binary -platform iphonesimulator -o /Users/pauloricha/Library/Developer/Xcode/DerivedData/iosApp-cynwljdxdnoqyxhdtywpdbpkuabz/Build/Products/Debug-iphonesimulator/FirebaseCore/FirebaseCore_Privacy.bundle/Info.plist

ProcessInfoPlistFile /Users/pauloricha/Library/Developer/Xcode/DerivedData/iosApp-cynwljdxdnoqyxhdtywpdbpkuabz/Build/Products/Debug-iphonesimulator/FirebaseCore/FirebaseCore.framework/Info.plist /Users/pauloricha/StudioProjects/BolaoDaGalera/iosApp/Pods/Target\ Support\ Files/FirebaseCore/FirebaseCore-Info.plist (in target 'FirebaseCore' from project 'Pods')
    cd /Users/pauloricha/StudioProjects/BolaoDaGalera/iosApp/Pods
    builtin-infoPlistUtility /Users/pauloricha/StudioProjects/BolaoDaGalera/iosApp/Pods/Target\ Support\ Files/FirebaseCore/FirebaseCore-Info.plist -producttype com.apple.product-type.framework -expandbuildsettings -format binary -platform iphonesimulator -o /Users/pauloricha/Library/Developer/Xcode/DerivedData/iosApp-cynwljdxdnoqyxhdtywpdbpkuabz/Build/Products/Debug-iphonesimulator/FirebaseCore/FirebaseCore.framework/Info.plist

Ld /Users/pauloricha/Library/Developer/Xcode/DerivedData/iosApp-cynwljdxdnoqyxhdtywpdbpkuabz/Build/Products/Debug-iphonesimulator/FirebaseCore/FirebaseCore.framework/FirebaseCore normal (in target 'FirebaseCore' from project 'Pods')
    cd /Users/pauloricha/StudioProjects/BolaoDaGalera/iosApp/Pods
    /Applications/Xcode.app/Contents/Developer/Toolchains/XcodeDefault.xctoolchain/usr/bin/clang -Xlinker -reproducible -target arm64-apple-ios16.0-simulator -dynamiclib -isysroot /Applications/Xcode.app/Contents/Developer/Platforms/iPhoneSimulator.platform/Developer/SDKs/iPhoneSimulator26.5.sdk -O0 -L/Users/pauloricha/Library/Developer/Xcode/DerivedData/iosApp-cynwljdxdnoqyxhdtywpdbpkuabz/Build/Intermediates.noindex/EagerLinkingTBDs/Debug-iphonesimulator -L/Users/pauloricha/Library/Developer/Xcode/DerivedData/iosApp-cynwljdxdnoqyxhdtywpdbpkuabz/Build/Products/Debug-iphonesimulator/FirebaseCore -F/Users/pauloricha/Library/Developer/Xcode/DerivedData/iosApp-cynwljdxdnoqyxhdtywpdbpkuabz/Build/Intermediates.noindex/EagerLinkingTBDs/Debug-iphonesimulator -F/Users/pauloricha/Library/Developer/Xcode/DerivedData/iosApp-cynwljdxdnoqyxhdtywpdbpkuabz/Build/Products/Debug-iphonesimulator/FirebaseCore -F/Users/pauloricha/Library/Developer/Xcode/DerivedData/iosApp-cynwljdxdnoqyxhdtywpdbpkuabz/Build/Products/Debug-iphonesimulator/FirebaseCoreInternal -F/Users/pauloricha/Library/Developer/Xcode/DerivedData/iosApp-cynwljdxdnoqyxhdtywpdbpkuabz/Build/Products/Debug-iphonesimulator/GoogleUtilities -filelist /Users/pauloricha/Library/Developer/Xcode/DerivedData/iosApp-cynwljdxdnoqyxhdtywpdbpkuabz/Build/Intermediates.noindex/Pods.build/Debug-iphonesimulator/FirebaseCore.build/Objects-normal/arm64/FirebaseCore.LinkFileList -install_name @rpath/FirebaseCore.framework/FirebaseCore -Xlinker -rpath -Xlinker @executable_path/Frameworks -Xlinker -rpath -Xlinker @loader_path/Frameworks -Xlinker -dead_strip -Xlinker -object_path_lto -Xlinker /Users/pauloricha/Library/Developer/Xcode/DerivedData/iosApp-cynwljdxdnoqyxhdtywpdbpkuabz/Build/Intermediates.noindex/Pods.build/Debug-iphonesimulator/FirebaseCore.build/Objects-normal/arm64/FirebaseCore_lto.o -rdynamic -Xlinker -no_deduplicate -Xlinker -objc_abi_version -Xlinker 2 -Xlinker -dependency_info -Xlinker /Users/pauloricha/Library/Developer/Xcode/DerivedData/iosApp-cynwljdxdnoqyxhdtywpdbpkuabz/Build/Intermediates.noindex/Pods.build/Debug-iphonesimulator/FirebaseCore.build/Objects-normal/arm64/FirebaseCore_dependency_info.dat -fobjc-arc -fobjc-link-runtime -framework FirebaseCoreInternal -framework Foundation -framework GoogleUtilities -framework Security -framework SystemConfiguration -framework UIKit -framework Foundation -framework UIKit -Xlinker -no_adhoc_codesign -compatibility_version 1 -current_version 1 -o /Users/pauloricha/Library/Developer/Xcode/DerivedData/iosApp-cynwljdxdnoqyxhdtywpdbpkuabz/Build/Products/Debug-iphonesimulator/FirebaseCore/FirebaseCore.framework/FirebaseCore

GenerateTAPI /Users/pauloricha/Library/Developer/Xcode/DerivedData/iosApp-cynwljdxdnoqyxhdtywpdbpkuabz/Build/Intermediates.noindex/EagerLinkingTBDs/Debug-iphonesimulator/FirebaseCore.framework/FirebaseCore.tbd (in target 'FirebaseCore' from project 'Pods')
    cd /Users/pauloricha/StudioProjects/BolaoDaGalera/iosApp/Pods
    /Applications/Xcode.app/Contents/Developer/Toolchains/XcodeDefault.xctoolchain/usr/bin/tapi stubify -isysroot /Applications/Xcode.app/Contents/Developer/Platforms/iPhoneSimulator.platform/Developer/SDKs/iPhoneSimulator26.5.sdk -F/Users/pauloricha/Library/Developer/Xcode/DerivedData/iosApp-cynwljdxdnoqyxhdtywpdbpkuabz/Build/Products/Debug-iphonesimulator/FirebaseCore -F/Users/pauloricha/Library/Developer/Xcode/DerivedData/iosApp-cynwljdxdnoqyxhdtywpdbpkuabz/Build/Products/Debug-iphonesimulator/FirebaseCoreInternal -F/Users/pauloricha/Library/Developer/Xcode/DerivedData/iosApp-cynwljdxdnoqyxhdtywpdbpkuabz/Build/Products/Debug-iphonesimulator/GoogleUtilities -L/Users/pauloricha/Library/Developer/Xcode/DerivedData/iosApp-cynwljdxdnoqyxhdtywpdbpkuabz/Build/Products/Debug-iphonesimulator/FirebaseCore /Users/pauloricha/Library/Developer/Xcode/DerivedData/iosApp-cynwljdxdnoqyxhdtywpdbpkuabz/Build/Products/Debug-iphonesimulator/FirebaseCore/FirebaseCore.framework/FirebaseCore -o /Users/pauloricha/Library/Developer/Xcode/DerivedData/iosApp-cynwljdxdnoqyxhdtywpdbpkuabz/Build/Intermediates.noindex/EagerLinkingTBDs/Debug-iphonesimulator/FirebaseCore.framework/FirebaseCore.tbd

CodeSign /Users/pauloricha/Library/Developer/Xcode/DerivedData/iosApp-cynwljdxdnoqyxhdtywpdbpkuabz/Build/Products/Debug-iphonesimulator/FirebaseCore/FirebaseCore.framework (in target 'FirebaseCore' from project 'Pods')
    cd /Users/pauloricha/StudioProjects/BolaoDaGalera/iosApp/Pods
    
    Signing Identity:     "Sign to Run Locally"
    
    /usr/bin/codesign --force --sign - --timestamp\=none --generate-entitlement-der /Users/pauloricha/Library/Developer/Xcode/DerivedData/iosApp-cynwljdxdnoqyxhdtywpdbpkuabz/Build/Products/Debug-iphonesimulator/FirebaseCore/FirebaseCore.framework

ProcessInfoPlistFile /Users/pauloricha/Library/Developer/Xcode/DerivedData/iosApp-cynwljdxdnoqyxhdtywpdbpkuabz/Build/Products/Debug-iphonesimulator/FirebaseABTesting/FirebaseABTesting_Privacy.bundle/Info.plist /Users/pauloricha/StudioProjects/BolaoDaGalera/iosApp/Pods/Target\ Support\ Files/FirebaseABTesting/ResourceBundle-FirebaseABTesting_Privacy-FirebaseABTesting-Info.plist (in target 'FirebaseABTesting-FirebaseABTesting_Privacy' from project 'Pods')
    cd /Users/pauloricha/StudioProjects/BolaoDaGalera/iosApp/Pods
    builtin-infoPlistUtility /Users/pauloricha/StudioProjects/BolaoDaGalera/iosApp/Pods/Target\ Support\ Files/FirebaseABTesting/ResourceBundle-FirebaseABTesting_Privacy-FirebaseABTesting-Info.plist -producttype com.apple.product-type.bundle -expandbuildsettings -format binary -platform iphonesimulator -o /Users/pauloricha/Library/Developer/Xcode/DerivedData/iosApp-cynwljdxdnoqyxhdtywpdbpkuabz/Build/Products/Debug-iphonesimulator/FirebaseABTesting/FirebaseABTesting_Privacy.bundle/Info.plist

Ld /Users/pauloricha/Library/Developer/Xcode/DerivedData/iosApp-cynwljdxdnoqyxhdtywpdbpkuabz/Build/Products/Debug-iphonesimulator/FirebaseABTesting/FirebaseABTesting.framework/FirebaseABTesting normal (in target 'FirebaseABTesting' from project 'Pods')
    cd /Users/pauloricha/StudioProjects/BolaoDaGalera/iosApp/Pods
    /Applications/Xcode.app/Contents/Developer/Toolchains/XcodeDefault.xctoolchain/usr/bin/clang -Xlinker -reproducible -target arm64-apple-ios16.0-simulator -dynamiclib -isysroot /Applications/Xcode.app/Contents/Developer/Platforms/iPhoneSimulator.platform/Developer/SDKs/iPhoneSimulator26.5.sdk -O0 -L/Users/pauloricha/Library/Developer/Xcode/DerivedData/iosApp-cynwljdxdnoqyxhdtywpdbpkuabz/Build/Intermediates.noindex/EagerLinkingTBDs/Debug-iphonesimulator -L/Users/pauloricha/Library/Developer/Xcode/DerivedData/iosApp-cynwljdxdnoqyxhdtywpdbpkuabz/Build/Products/Debug-iphonesimulator/FirebaseABTesting -F/Users/pauloricha/Library/Developer/Xcode/DerivedData/iosApp-cynwljdxdnoqyxhdtywpdbpkuabz/Build/Intermediates.noindex/EagerLinkingTBDs/Debug-iphonesimulator -F/Users/pauloricha/Library/Developer/Xcode/DerivedData/iosApp-cynwljdxdnoqyxhdtywpdbpkuabz/Build/Products/Debug-iphonesimulator/FirebaseABTesting -F/Users/pauloricha/Library/Developer/Xcode/DerivedData/iosApp-cynwljdxdnoqyxhdtywpdbpkuabz/Build/Products/Debug-iphonesimulator/FirebaseCore -F/Users/pauloricha/Library/Developer/Xcode/DerivedData/iosApp-cynwljdxdnoqyxhdtywpdbpkuabz/Build/Products/Debug-iphonesimulator/FirebaseCoreInternal -F/Users/pauloricha/Library/Developer/Xcode/DerivedData/iosApp-cynwljdxdnoqyxhdtywpdbpkuabz/Build/Products/Debug-iphonesimulator/GoogleUtilities -filelist /Users/pauloricha/Library/Developer/Xcode/DerivedData/iosApp-cynwljdxdnoqyxhdtywpdbpkuabz/Build/Intermediates.noindex/Pods.build/Debug-iphonesimulator/FirebaseABTesting.build/Objects-normal/arm64/FirebaseABTesting.LinkFileList -install_name @rpath/FirebaseABTesting.framework/FirebaseABTesting -Xlinker -rpath -Xlinker @executable_path/Frameworks -Xlinker -rpath -Xlinker @loader_path/Frameworks -Xlinker -dead_strip -Xlinker -object_path_lto -Xlinker /Users/pauloricha/Library/Developer/Xcode/DerivedData/iosApp-cynwljdxdnoqyxhdtywpdbpkuabz/Build/Intermediates.noindex/Pods.build/Debug-iphonesimulator/FirebaseABTesting.build/Objects-normal/arm64/FirebaseABTesting_lto.o -rdynamic -Xlinker -no_deduplicate -Xlinker -objc_abi_version -Xlinker 2 -Xlinker -dependency_info -Xlinker /Users/pauloricha/Library/Developer/Xcode/DerivedData/iosApp-cynwljdxdnoqyxhdtywpdbpkuabz/Build/Intermediates.noindex/Pods.build/Debug-iphonesimulator/FirebaseABTesting.build/Objects-normal/arm64/FirebaseABTesting_dependency_info.dat -fobjc-arc -fobjc-link-runtime -framework FirebaseCore -framework Foundation -framework UIKit -framework Foundation -Xlinker -no_adhoc_codesign -compatibility_version 1 -current_version 1 -o /Users/pauloricha/Library/Developer/Xcode/DerivedData/iosApp-cynwljdxdnoqyxhdtywpdbpkuabz/Build/Products/Debug-iphonesimulator/FirebaseABTesting/FirebaseABTesting.framework/FirebaseABTesting

ProcessInfoPlistFile /Users/pauloricha/Library/Developer/Xcode/DerivedData/iosApp-cynwljdxdnoqyxhdtywpdbpkuabz/Build/Products/Debug-iphonesimulator/FirebaseABTesting/FirebaseABTesting.framework/Info.plist /Users/pauloricha/StudioProjects/BolaoDaGalera/iosApp/Pods/Target\ Support\ Files/FirebaseABTesting/FirebaseABTesting-Info.plist (in target 'FirebaseABTesting' from project 'Pods')
    cd /Users/pauloricha/StudioProjects/BolaoDaGalera/iosApp/Pods
    builtin-infoPlistUtility /Users/pauloricha/StudioProjects/BolaoDaGalera/iosApp/Pods/Target\ Support\ Files/FirebaseABTesting/FirebaseABTesting-Info.plist -producttype com.apple.product-type.framework -expandbuildsettings -format binary -platform iphonesimulator -o /Users/pauloricha/Library/Developer/Xcode/DerivedData/iosApp-cynwljdxdnoqyxhdtywpdbpkuabz/Build/Products/Debug-iphonesimulator/FirebaseABTesting/FirebaseABTesting.framework/Info.plist

GenerateTAPI /Users/pauloricha/Library/Developer/Xcode/DerivedData/iosApp-cynwljdxdnoqyxhdtywpdbpkuabz/Build/Intermediates.noindex/EagerLinkingTBDs/Debug-iphonesimulator/FirebaseABTesting.framework/FirebaseABTesting.tbd (in target 'FirebaseABTesting' from project 'Pods')
    cd /Users/pauloricha/StudioProjects/BolaoDaGalera/iosApp/Pods
    /Applications/Xcode.app/Contents/Developer/Toolchains/XcodeDefault.xctoolchain/usr/bin/tapi stubify -isysroot /Applications/Xcode.app/Contents/Developer/Platforms/iPhoneSimulator.platform/Developer/SDKs/iPhoneSimulator26.5.sdk -F/Users/pauloricha/Library/Developer/Xcode/DerivedData/iosApp-cynwljdxdnoqyxhdtywpdbpkuabz/Build/Products/Debug-iphonesimulator/FirebaseABTesting -F/Users/pauloricha/Library/Developer/Xcode/DerivedData/iosApp-cynwljdxdnoqyxhdtywpdbpkuabz/Build/Products/Debug-iphonesimulator/FirebaseCore -F/Users/pauloricha/Library/Developer/Xcode/DerivedData/iosApp-cynwljdxdnoqyxhdtywpdbpkuabz/Build/Products/Debug-iphonesimulator/FirebaseCoreInternal -F/Users/pauloricha/Library/Developer/Xcode/DerivedData/iosApp-cynwljdxdnoqyxhdtywpdbpkuabz/Build/Products/Debug-iphonesimulator/GoogleUtilities -L/Users/pauloricha/Library/Developer/Xcode/DerivedData/iosApp-cynwljdxdnoqyxhdtywpdbpkuabz/Build/Products/Debug-iphonesimulator/FirebaseABTesting /Users/pauloricha/Library/Developer/Xcode/DerivedData/iosApp-cynwljdxdnoqyxhdtywpdbpkuabz/Build/Products/Debug-iphonesimulator/FirebaseABTesting/FirebaseABTesting.framework/FirebaseABTesting -o /Users/pauloricha/Library/Developer/Xcode/DerivedData/iosApp-cynwljdxdnoqyxhdtywpdbpkuabz/Build/Intermediates.noindex/EagerLinkingTBDs/Debug-iphonesimulator/FirebaseABTesting.framework/FirebaseABTesting.tbd

CodeSign /Users/pauloricha/Library/Developer/Xcode/DerivedData/iosApp-cynwljdxdnoqyxhdtywpdbpkuabz/Build/Products/Debug-iphonesimulator/PromisesObjC/FBLPromises.framework (in target 'PromisesObjC' from project 'Pods')
    cd /Users/pauloricha/StudioProjects/BolaoDaGalera/iosApp/Pods
    
    Signing Identity:     "Sign to Run Locally"
    
    /usr/bin/codesign --force --sign - --timestamp\=none --generate-entitlement-der /Users/pauloricha/Library/Developer/Xcode/DerivedData/iosApp-cynwljdxdnoqyxhdtywpdbpkuabz/Build/Products/Debug-iphonesimulator/PromisesObjC/FBLPromises.framework

ProcessInfoPlistFile /Users/pauloricha/Library/Developer/Xcode/DerivedData/iosApp-cynwljdxdnoqyxhdtywpdbpkuabz/Build/Products/Debug-iphonesimulator/FirebaseInstallations/FirebaseInstallations_Privacy.bundle/Info.plist /Users/pauloricha/StudioProjects/BolaoDaGalera/iosApp/Pods/Target\ Support\ Files/FirebaseInstallations/ResourceBundle-FirebaseInstallations_Privacy-FirebaseInstallations-Info.plist (in target 'FirebaseInstallations-FirebaseInstallations_Privacy' from project 'Pods')
    cd /Users/pauloricha/StudioProjects/BolaoDaGalera/iosApp/Pods
    builtin-infoPlistUtility /Users/pauloricha/StudioProjects/BolaoDaGalera/iosApp/Pods/Target\ Support\ Files/FirebaseInstallations/ResourceBundle-FirebaseInstallations_Privacy-FirebaseInstallations-Info.plist -producttype com.apple.product-type.bundle -expandbuildsettings -format binary -platform iphonesimulator -o /Users/pauloricha/Library/Developer/Xcode/DerivedData/iosApp-cynwljdxdnoqyxhdtywpdbpkuabz/Build/Products/Debug-iphonesimulator/FirebaseInstallations/FirebaseInstallations_Privacy.bundle/Info.plist

Ld /Users/pauloricha/Library/Developer/Xcode/DerivedData/iosApp-cynwljdxdnoqyxhdtywpdbpkuabz/Build/Products/Debug-iphonesimulator/FirebaseInstallations/FirebaseInstallations.framework/FirebaseInstallations normal (in target 'FirebaseInstallations' from project 'Pods')
    cd /Users/pauloricha/StudioProjects/BolaoDaGalera/iosApp/Pods
    /Applications/Xcode.app/Contents/Developer/Toolchains/XcodeDefault.xctoolchain/usr/bin/clang -Xlinker -reproducible -target arm64-apple-ios16.0-simulator -dynamiclib -isysroot /Applications/Xcode.app/Contents/Developer/Platforms/iPhoneSimulator.platform/Developer/SDKs/iPhoneSimulator26.5.sdk -O0 -L/Users/pauloricha/Library/Developer/Xcode/DerivedData/iosApp-cynwljdxdnoqyxhdtywpdbpkuabz/Build/Intermediates.noindex/EagerLinkingTBDs/Debug-iphonesimulator -L/Users/pauloricha/Library/Developer/Xcode/DerivedData/iosApp-cynwljdxdnoqyxhdtywpdbpkuabz/Build/Products/Debug-iphonesimulator/FirebaseInstallations -F/Users/pauloricha/Library/Developer/Xcode/DerivedData/iosApp-cynwljdxdnoqyxhdtywpdbpkuabz/Build/Intermediates.noindex/EagerLinkingTBDs/Debug-iphonesimulator -F/Users/pauloricha/Library/Developer/Xcode/DerivedData/iosApp-cynwljdxdnoqyxhdtywpdbpkuabz/Build/Products/Debug-iphonesimulator/FirebaseInstallations -F/Users/pauloricha/Library/Developer/Xcode/DerivedData/iosApp-cynwljdxdnoqyxhdtywpdbpkuabz/Build/Products/Debug-iphonesimulator/FirebaseCore -F/Users/pauloricha/Library/Developer/Xcode/DerivedData/iosApp-cynwljdxdnoqyxhdtywpdbpkuabz/Build/Products/Debug-iphonesimulator/FirebaseCoreInternal -F/Users/pauloricha/Library/Developer/Xcode/DerivedData/iosApp-cynwljdxdnoqyxhdtywpdbpkuabz/Build/Products/Debug-iphonesimulator/GoogleUtilities -F/Users/pauloricha/Library/Developer/Xcode/DerivedData/iosApp-cynwljdxdnoqyxhdtywpdbpkuabz/Build/Products/Debug-iphonesimulator/PromisesObjC -filelist /Users/pauloricha/Library/Developer/Xcode/DerivedData/iosApp-cynwljdxdnoqyxhdtywpdbpkuabz/Build/Intermediates.noindex/Pods.build/Debug-iphonesimulator/FirebaseInstallations.build/Objects-normal/arm64/FirebaseInstallations.LinkFileList -install_name @rpath/FirebaseInstallations.framework/FirebaseInstallations -Xlinker -rpath -Xlinker @executable_path/Frameworks -Xlinker -rpath -Xlinker @loader_path/Frameworks -Xlinker -dead_strip -Xlinker -object_path_lto -Xlinker /Users/pauloricha/Library/Developer/Xcode/DerivedData/iosApp-cynwljdxdnoqyxhdtywpdbpkuabz/Build/Intermediates.noindex/Pods.build/Debug-iphonesimulator/FirebaseInstallations.build/Objects-normal/arm64/FirebaseInstallations_lto.o -rdynamic -Xlinker -no_deduplicate -Xlinker -objc_abi_version -Xlinker 2 -Xlinker -dependency_info -Xlinker /Users/pauloricha/Library/Developer/Xcode/DerivedData/iosApp-cynwljdxdnoqyxhdtywpdbpkuabz/Build/Intermediates.noindex/Pods.build/Debug-iphonesimulator/FirebaseInstallations.build/Objects-normal/arm64/FirebaseInstallations_dependency_info.dat -fobjc-arc -fobjc-link-runtime -framework FBLPromises -framework FirebaseCore -framework Foundation -framework GoogleUtilities -framework Security -framework SystemConfiguration -framework UIKit -framework Foundation -framework Security -Xlinker -no_adhoc_codesign -compatibility_version 1 -current_version 1 -o /Users/pauloricha/Library/Developer/Xcode/DerivedData/iosApp-cynwljdxdnoqyxhdtywpdbpkuabz/Build/Products/Debug-iphonesimulator/FirebaseInstallations/FirebaseInstallations.framework/FirebaseInstallations

ProcessInfoPlistFile /Users/pauloricha/Library/Developer/Xcode/DerivedData/iosApp-cynwljdxdnoqyxhdtywpdbpkuabz/Build/Products/Debug-iphonesimulator/FirebaseInstallations/FirebaseInstallations.framework/Info.plist /Users/pauloricha/StudioProjects/BolaoDaGalera/iosApp/Pods/Target\ Support\ Files/FirebaseInstallations/FirebaseInstallations-Info.plist (in target 'FirebaseInstallations' from project 'Pods')
    cd /Users/pauloricha/StudioProjects/BolaoDaGalera/iosApp/Pods
    builtin-infoPlistUtility /Users/pauloricha/StudioProjects/BolaoDaGalera/iosApp/Pods/Target\ Support\ Files/FirebaseInstallations/FirebaseInstallations-Info.plist -producttype com.apple.product-type.framework -expandbuildsettings -format binary -platform iphonesimulator -o /Users/pauloricha/Library/Developer/Xcode/DerivedData/iosApp-cynwljdxdnoqyxhdtywpdbpkuabz/Build/Products/Debug-iphonesimulator/FirebaseInstallations/FirebaseInstallations.framework/Info.plist

GenerateTAPI /Users/pauloricha/Library/Developer/Xcode/DerivedData/iosApp-cynwljdxdnoqyxhdtywpdbpkuabz/Build/Intermediates.noindex/EagerLinkingTBDs/Debug-iphonesimulator/FirebaseInstallations.framework/FirebaseInstallations.tbd (in target 'FirebaseInstallations' from project 'Pods')
    cd /Users/pauloricha/StudioProjects/BolaoDaGalera/iosApp/Pods
    /Applications/Xcode.app/Contents/Developer/Toolchains/XcodeDefault.xctoolchain/usr/bin/tapi stubify -isysroot /Applications/Xcode.app/Contents/Developer/Platforms/iPhoneSimulator.platform/Developer/SDKs/iPhoneSimulator26.5.sdk -F/Users/pauloricha/Library/Developer/Xcode/DerivedData/iosApp-cynwljdxdnoqyxhdtywpdbpkuabz/Build/Products/Debug-iphonesimulator/FirebaseInstallations -F/Users/pauloricha/Library/Developer/Xcode/DerivedData/iosApp-cynwljdxdnoqyxhdtywpdbpkuabz/Build/Products/Debug-iphonesimulator/FirebaseCore -F/Users/pauloricha/Library/Developer/Xcode/DerivedData/iosApp-cynwljdxdnoqyxhdtywpdbpkuabz/Build/Products/Debug-iphonesimulator/FirebaseCoreInternal -F/Users/pauloricha/Library/Developer/Xcode/DerivedData/iosApp-cynwljdxdnoqyxhdtywpdbpkuabz/Build/Products/Debug-iphonesimulator/GoogleUtilities -F/Users/pauloricha/Library/Developer/Xcode/DerivedData/iosApp-cynwljdxdnoqyxhdtywpdbpkuabz/Build/Products/Debug-iphonesimulator/PromisesObjC -L/Users/pauloricha/Library/Developer/Xcode/DerivedData/iosApp-cynwljdxdnoqyxhdtywpdbpkuabz/Build/Products/Debug-iphonesimulator/FirebaseInstallations /Users/pauloricha/Library/Developer/Xcode/DerivedData/iosApp-cynwljdxdnoqyxhdtywpdbpkuabz/Build/Products/Debug-iphonesimulator/FirebaseInstallations/FirebaseInstallations.framework/FirebaseInstallations -o /Users/pauloricha/Library/Developer/Xcode/DerivedData/iosApp-cynwljdxdnoqyxhdtywpdbpkuabz/Build/Intermediates.noindex/EagerLinkingTBDs/Debug-iphonesimulator/FirebaseInstallations.framework/FirebaseInstallations.tbd

CodeSign /Users/pauloricha/Library/Developer/Xcode/DerivedData/iosApp-cynwljdxdnoqyxhdtywpdbpkuabz/Build/Products/Debug-iphonesimulator/FirebaseABTesting/FirebaseABTesting.framework (in target 'FirebaseABTesting' from project 'Pods')
    cd /Users/pauloricha/StudioProjects/BolaoDaGalera/iosApp/Pods
    
    Signing Identity:     "Sign to Run Locally"
    
    /usr/bin/codesign --force --sign - --timestamp\=none --generate-entitlement-der /Users/pauloricha/Library/Developer/Xcode/DerivedData/iosApp-cynwljdxdnoqyxhdtywpdbpkuabz/Build/Products/Debug-iphonesimulator/FirebaseABTesting/FirebaseABTesting.framework

CodeSign /Users/pauloricha/Library/Developer/Xcode/DerivedData/iosApp-cynwljdxdnoqyxhdtywpdbpkuabz/Build/Products/Debug-iphonesimulator/FirebaseInstallations/FirebaseInstallations.framework (in target 'FirebaseInstallations' from project 'Pods')
    cd /Users/pauloricha/StudioProjects/BolaoDaGalera/iosApp/Pods
    
    Signing Identity:     "Sign to Run Locally"
    
    /usr/bin/codesign --force --sign - --timestamp\=none --generate-entitlement-der /Users/pauloricha/Library/Developer/Xcode/DerivedData/iosApp-cynwljdxdnoqyxhdtywpdbpkuabz/Build/Products/Debug-iphonesimulator/FirebaseInstallations/FirebaseInstallations.framework

ProcessInfoPlistFile /Users/pauloricha/Library/Developer/Xcode/DerivedData/iosApp-cynwljdxdnoqyxhdtywpdbpkuabz/Build/Products/Debug-iphonesimulator/FirebaseRemoteConfigInterop/FirebaseRemoteConfigInterop.framework/Info.plist /Users/pauloricha/StudioProjects/BolaoDaGalera/iosApp/Pods/Target\ Support\ Files/FirebaseRemoteConfigInterop/FirebaseRemoteConfigInterop-Info.plist (in target 'FirebaseRemoteConfigInterop' from project 'Pods')
    cd /Users/pauloricha/StudioProjects/BolaoDaGalera/iosApp/Pods
    builtin-infoPlistUtility /Users/pauloricha/StudioProjects/BolaoDaGalera/iosApp/Pods/Target\ Support\ Files/FirebaseRemoteConfigInterop/FirebaseRemoteConfigInterop-Info.plist -producttype com.apple.product-type.framework -expandbuildsettings -format binary -platform iphonesimulator -o /Users/pauloricha/Library/Developer/Xcode/DerivedData/iosApp-cynwljdxdnoqyxhdtywpdbpkuabz/Build/Products/Debug-iphonesimulator/FirebaseRemoteConfigInterop/FirebaseRemoteConfigInterop.framework/Info.plist

Ld /Users/pauloricha/Library/Developer/Xcode/DerivedData/iosApp-cynwljdxdnoqyxhdtywpdbpkuabz/Build/Products/Debug-iphonesimulator/FirebaseRemoteConfigInterop/FirebaseRemoteConfigInterop.framework/FirebaseRemoteConfigInterop normal (in target 'FirebaseRemoteConfigInterop' from project 'Pods')
    cd /Users/pauloricha/StudioProjects/BolaoDaGalera/iosApp/Pods
    /Applications/Xcode.app/Contents/Developer/Toolchains/XcodeDefault.xctoolchain/usr/bin/clang -Xlinker -reproducible -target arm64-apple-ios16.0-simulator -dynamiclib -isysroot /Applications/Xcode.app/Contents/Developer/Platforms/iPhoneSimulator.platform/Developer/SDKs/iPhoneSimulator26.5.sdk -O0 -L/Users/pauloricha/Library/Developer/Xcode/DerivedData/iosApp-cynwljdxdnoqyxhdtywpdbpkuabz/Build/Intermediates.noindex/EagerLinkingTBDs/Debug-iphonesimulator -L/Users/pauloricha/Library/Developer/Xcode/DerivedData/iosApp-cynwljdxdnoqyxhdtywpdbpkuabz/Build/Products/Debug-iphonesimulator/FirebaseRemoteConfigInterop -L/Applications/Xcode.app/Contents/Developer/Toolchains/XcodeDefault.xctoolchain/usr/lib/swift/iphonesimulator -L/Applications/Xcode.app/Contents/Developer/Platforms/iPhoneSimulator.platform/Developer/SDKs/iPhoneSimulator26.5.sdk/usr/lib/swift -F/Users/pauloricha/Library/Developer/Xcode/DerivedData/iosApp-cynwljdxdnoqyxhdtywpdbpkuabz/Build/Intermediates.noindex/EagerLinkingTBDs/Debug-iphonesimulator -F/Users/pauloricha/Library/Developer/Xcode/DerivedData/iosApp-cynwljdxdnoqyxhdtywpdbpkuabz/Build/Products/Debug-iphonesimulator/FirebaseRemoteConfigInterop -filelist /Users/pauloricha/Library/Developer/Xcode/DerivedData/iosApp-cynwljdxdnoqyxhdtywpdbpkuabz/Build/Intermediates.noindex/Pods.build/Debug-iphonesimulator/FirebaseRemoteConfigInterop.build/Objects-normal/arm64/FirebaseRemoteConfigInterop.LinkFileList -install_name @rpath/FirebaseRemoteConfigInterop.framework/FirebaseRemoteConfigInterop -Xlinker -rpath -Xlinker /usr/lib/swift -Xlinker -rpath -Xlinker @executable_path/Frameworks -Xlinker -rpath -Xlinker @loader_path/Frameworks -Xlinker -dead_strip -Xlinker -object_path_lto -Xlinker /Users/pauloricha/Library/Developer/Xcode/DerivedData/iosApp-cynwljdxdnoqyxhdtywpdbpkuabz/Build/Intermediates.noindex/Pods.build/Debug-iphonesimulator/FirebaseRemoteConfigInterop.build/Objects-normal/arm64/FirebaseRemoteConfigInterop_lto.o -rdynamic -Xlinker -no_deduplicate -Xlinker -objc_abi_version -Xlinker 2 -Xlinker -dependency_info -Xlinker /Users/pauloricha/Library/Developer/Xcode/DerivedData/iosApp-cynwljdxdnoqyxhdtywpdbpkuabz/Build/Intermediates.noindex/Pods.build/Debug-iphonesimulator/FirebaseRemoteConfigInterop.build/Objects-normal/arm64/FirebaseRemoteConfigInterop_dependency_info.dat -fobjc-arc -fobjc-link-runtime -L/Applications/Xcode.app/Contents/Developer/Toolchains/XcodeDefault.xctoolchain/usr/lib/swift/iphonesimulator -L/usr/lib/swift -Xlinker -add_ast_path -Xlinker /Users/pauloricha/Library/Developer/Xcode/DerivedData/iosApp-cynwljdxdnoqyxhdtywpdbpkuabz/Build/Intermediates.noindex/Pods.build/Debug-iphonesimulator/FirebaseRemoteConfigInterop.build/Objects-normal/arm64/FirebaseRemoteConfigInterop.swiftmodule @/Users/pauloricha/Library/Developer/Xcode/DerivedData/iosApp-cynwljdxdnoqyxhdtywpdbpkuabz/Build/Intermediates.noindex/Pods.build/Debug-iphonesimulator/FirebaseRemoteConfigInterop.build/Objects-normal/arm64/FirebaseRemoteConfigInterop-linker-args.resp -framework Foundation -Xlinker -no_adhoc_codesign -compatibility_version 1 -current_version 1 -o /Users/pauloricha/Library/Developer/Xcode/DerivedData/iosApp-cynwljdxdnoqyxhdtywpdbpkuabz/Build/Products/Debug-iphonesimulator/FirebaseRemoteConfigInterop/FirebaseRemoteConfigInterop.framework/FirebaseRemoteConfigInterop

ExtractAppIntentsMetadata (in target 'FirebaseRemoteConfigInterop' from project 'Pods')
    cd /Users/pauloricha/StudioProjects/BolaoDaGalera/iosApp/Pods
    /Applications/Xcode.app/Contents/Developer/Toolchains/XcodeDefault.xctoolchain/usr/bin/appintentsmetadataprocessor --toolchain-dir /Applications/Xcode.app/Contents/Developer/Toolchains/XcodeDefault.xctoolchain --module-name FirebaseRemoteConfigInterop --sdk-root /Applications/Xcode.app/Contents/Developer/Platforms/iPhoneSimulator.platform/Developer/SDKs/iPhoneSimulator26.5.sdk --xcode-version 17F113 --platform-family iOS --deployment-target 16.0 --bundle-identifier org.cocoapods.FirebaseRemoteConfigInterop --output /Users/pauloricha/Library/Developer/Xcode/DerivedData/iosApp-cynwljdxdnoqyxhdtywpdbpkuabz/Build/Products/Debug-iphonesimulator/FirebaseRemoteConfigInterop/FirebaseRemoteConfigInterop.framework --target-triple arm64-apple-ios16.0-simulator --binary-file /Users/pauloricha/Library/Developer/Xcode/DerivedData/iosApp-cynwljdxdnoqyxhdtywpdbpkuabz/Build/Products/Debug-iphonesimulator/FirebaseRemoteConfigInterop/FirebaseRemoteConfigInterop.framework/FirebaseRemoteConfigInterop --dependency-file /Users/pauloricha/Library/Developer/Xcode/DerivedData/iosApp-cynwljdxdnoqyxhdtywpdbpkuabz/Build/Intermediates.noindex/Pods.build/Debug-iphonesimulator/FirebaseRemoteConfigInterop.build/Objects-normal/arm64/FirebaseRemoteConfigInterop_dependency_info.dat --stringsdata-file /Users/pauloricha/Library/Developer/Xcode/DerivedData/iosApp-cynwljdxdnoqyxhdtywpdbpkuabz/Build/Intermediates.noindex/Pods.build/Debug-iphonesimulator/FirebaseRemoteConfigInterop.build/Objects-normal/arm64/ExtractedAppShortcutsMetadata.stringsdata --source-file-list /Users/pauloricha/Library/Developer/Xcode/DerivedData/iosApp-cynwljdxdnoqyxhdtywpdbpkuabz/Build/Intermediates.noindex/Pods.build/Debug-iphonesimulator/FirebaseRemoteConfigInterop.build/Objects-normal/arm64/FirebaseRemoteConfigInterop.SwiftFileList --metadata-file-list /Users/pauloricha/Library/Developer/Xcode/DerivedData/iosApp-cynwljdxdnoqyxhdtywpdbpkuabz/Build/Intermediates.noindex/Pods.build/Debug-iphonesimulator/FirebaseRemoteConfigInterop.build/FirebaseRemoteConfigInterop.DependencyMetadataFileList --static-metadata-file-list /Users/pauloricha/Library/Developer/Xcode/DerivedData/iosApp-cynwljdxdnoqyxhdtywpdbpkuabz/Build/Intermediates.noindex/Pods.build/Debug-iphonesimulator/FirebaseRemoteConfigInterop.build/FirebaseRemoteConfigInterop.DependencyStaticMetadataFileList --swift-const-vals-list /Users/pauloricha/Library/Developer/Xcode/DerivedData/iosApp-cynwljdxdnoqyxhdtywpdbpkuabz/Build/Intermediates.noindex/Pods.build/Debug-iphonesimulator/FirebaseRemoteConfigInterop.build/Objects-normal/arm64/FirebaseRemoteConfigInterop.SwiftConstValuesFileList --compile-time-extraction --deployment-aware-processing --validate-assistant-intents --no-app-shortcuts-localization
2026-08-16 21:38:35.173 appintentsmetadataprocessor[45624:4901095] Starting appintentsmetadataprocessor export
2026-08-16 21:38:35.174 appintentsmetadataprocessor[45624:4901095] warning: Metadata extraction skipped. No AppIntents.framework dependency found.

GenerateTAPI /Users/pauloricha/Library/Developer/Xcode/DerivedData/iosApp-cynwljdxdnoqyxhdtywpdbpkuabz/Build/Intermediates.noindex/EagerLinkingTBDs/Debug-iphonesimulator/FirebaseRemoteConfigInterop.framework/FirebaseRemoteConfigInterop.tbd (in target 'FirebaseRemoteConfigInterop' from project 'Pods')
    cd /Users/pauloricha/StudioProjects/BolaoDaGalera/iosApp/Pods
    /Applications/Xcode.app/Contents/Developer/Toolchains/XcodeDefault.xctoolchain/usr/bin/tapi stubify -isysroot /Applications/Xcode.app/Contents/Developer/Platforms/iPhoneSimulator.platform/Developer/SDKs/iPhoneSimulator26.5.sdk -F/Users/pauloricha/Library/Developer/Xcode/DerivedData/iosApp-cynwljdxdnoqyxhdtywpdbpkuabz/Build/Products/Debug-iphonesimulator/FirebaseRemoteConfigInterop -L/Users/pauloricha/Library/Developer/Xcode/DerivedData/iosApp-cynwljdxdnoqyxhdtywpdbpkuabz/Build/Products/Debug-iphonesimulator/FirebaseRemoteConfigInterop -L/Applications/Xcode.app/Contents/Developer/Toolchains/XcodeDefault.xctoolchain/usr/lib/swift/iphonesimulator -L/Applications/Xcode.app/Contents/Developer/Platforms/iPhoneSimulator.platform/Developer/SDKs/iPhoneSimulator26.5.sdk/usr/lib/swift /Users/pauloricha/Library/Developer/Xcode/DerivedData/iosApp-cynwljdxdnoqyxhdtywpdbpkuabz/Build/Products/Debug-iphonesimulator/FirebaseRemoteConfigInterop/FirebaseRemoteConfigInterop.framework/FirebaseRemoteConfigInterop -o /Users/pauloricha/Library/Developer/Xcode/DerivedData/iosApp-cynwljdxdnoqyxhdtywpdbpkuabz/Build/Intermediates.noindex/EagerLinkingTBDs/Debug-iphonesimulator/FirebaseRemoteConfigInterop.framework/FirebaseRemoteConfigInterop.tbd

CodeSign /Users/pauloricha/Library/Developer/Xcode/DerivedData/iosApp-cynwljdxdnoqyxhdtywpdbpkuabz/Build/Products/Debug-iphonesimulator/FirebaseRemoteConfigInterop/FirebaseRemoteConfigInterop.framework (in target 'FirebaseRemoteConfigInterop' from project 'Pods')
    cd /Users/pauloricha/StudioProjects/BolaoDaGalera/iosApp/Pods
    
    Signing Identity:     "Sign to Run Locally"
    
    /usr/bin/codesign --force --sign - --timestamp\=none --generate-entitlement-der /Users/pauloricha/Library/Developer/Xcode/DerivedData/iosApp-cynwljdxdnoqyxhdtywpdbpkuabz/Build/Products/Debug-iphonesimulator/FirebaseRemoteConfigInterop/FirebaseRemoteConfigInterop.framework

ProcessInfoPlistFile /Users/pauloricha/Library/Developer/Xcode/DerivedData/iosApp-cynwljdxdnoqyxhdtywpdbpkuabz/Build/Products/Debug-iphonesimulator/FirebaseSharedSwift/FirebaseSharedSwift.framework/Info.plist /Users/pauloricha/StudioProjects/BolaoDaGalera/iosApp/Pods/Target\ Support\ Files/FirebaseSharedSwift/FirebaseSharedSwift-Info.plist (in target 'FirebaseSharedSwift' from project 'Pods')
    cd /Users/pauloricha/StudioProjects/BolaoDaGalera/iosApp/Pods
    builtin-infoPlistUtility /Users/pauloricha/StudioProjects/BolaoDaGalera/iosApp/Pods/Target\ Support\ Files/FirebaseSharedSwift/FirebaseSharedSwift-Info.plist -producttype com.apple.product-type.framework -expandbuildsettings -format binary -platform iphonesimulator -o /Users/pauloricha/Library/Developer/Xcode/DerivedData/iosApp-cynwljdxdnoqyxhdtywpdbpkuabz/Build/Products/Debug-iphonesimulator/FirebaseSharedSwift/FirebaseSharedSwift.framework/Info.plist

Ld /Users/pauloricha/Library/Developer/Xcode/DerivedData/iosApp-cynwljdxdnoqyxhdtywpdbpkuabz/Build/Products/Debug-iphonesimulator/FirebaseSharedSwift/FirebaseSharedSwift.framework/FirebaseSharedSwift normal (in target 'FirebaseSharedSwift' from project 'Pods')
    cd /Users/pauloricha/StudioProjects/BolaoDaGalera/iosApp/Pods
    /Applications/Xcode.app/Contents/Developer/Toolchains/XcodeDefault.xctoolchain/usr/bin/clang -Xlinker -reproducible -target arm64-apple-ios16.0-simulator -dynamiclib -isysroot /Applications/Xcode.app/Contents/Developer/Platforms/iPhoneSimulator.platform/Developer/SDKs/iPhoneSimulator26.5.sdk -O0 -L/Users/pauloricha/Library/Developer/Xcode/DerivedData/iosApp-cynwljdxdnoqyxhdtywpdbpkuabz/Build/Intermediates.noindex/EagerLinkingTBDs/Debug-iphonesimulator -L/Users/pauloricha/Library/Developer/Xcode/DerivedData/iosApp-cynwljdxdnoqyxhdtywpdbpkuabz/Build/Products/Debug-iphonesimulator/FirebaseSharedSwift -L/Applications/Xcode.app/Contents/Developer/Toolchains/XcodeDefault.xctoolchain/usr/lib/swift/iphonesimulator -L/Applications/Xcode.app/Contents/Developer/Platforms/iPhoneSimulator.platform/Developer/SDKs/iPhoneSimulator26.5.sdk/usr/lib/swift -F/Users/pauloricha/Library/Developer/Xcode/DerivedData/iosApp-cynwljdxdnoqyxhdtywpdbpkuabz/Build/Intermediates.noindex/EagerLinkingTBDs/Debug-iphonesimulator -F/Users/pauloricha/Library/Developer/Xcode/DerivedData/iosApp-cynwljdxdnoqyxhdtywpdbpkuabz/Build/Products/Debug-iphonesimulator/FirebaseSharedSwift -filelist /Users/pauloricha/Library/Developer/Xcode/DerivedData/iosApp-cynwljdxdnoqyxhdtywpdbpkuabz/Build/Intermediates.noindex/Pods.build/Debug-iphonesimulator/FirebaseSharedSwift.build/Objects-normal/arm64/FirebaseSharedSwift.LinkFileList -install_name @rpath/FirebaseSharedSwift.framework/FirebaseSharedSwift -Xlinker -rpath -Xlinker /usr/lib/swift -Xlinker -rpath -Xlinker @executable_path/Frameworks -Xlinker -rpath -Xlinker @loader_path/Frameworks -Xlinker -dead_strip -Xlinker -object_path_lto -Xlinker /Users/pauloricha/Library/Developer/Xcode/DerivedData/iosApp-cynwljdxdnoqyxhdtywpdbpkuabz/Build/Intermediates.noindex/Pods.build/Debug-iphonesimulator/FirebaseSharedSwift.build/Objects-normal/arm64/FirebaseSharedSwift_lto.o -rdynamic -Xlinker -no_deduplicate -Xlinker -objc_abi_version -Xlinker 2 -Xlinker -dependency_info -Xlinker /Users/pauloricha/Library/Developer/Xcode/DerivedData/iosApp-cynwljdxdnoqyxhdtywpdbpkuabz/Build/Intermediates.noindex/Pods.build/Debug-iphonesimulator/FirebaseSharedSwift.build/Objects-normal/arm64/FirebaseSharedSwift_dependency_info.dat -fobjc-arc -fobjc-link-runtime -L/Applications/Xcode.app/Contents/Developer/Toolchains/XcodeDefault.xctoolchain/usr/lib/swift/iphonesimulator -L/usr/lib/swift -Xlinker -add_ast_path -Xlinker /Users/pauloricha/Library/Developer/Xcode/DerivedData/iosApp-cynwljdxdnoqyxhdtywpdbpkuabz/Build/Intermediates.noindex/Pods.build/Debug-iphonesimulator/FirebaseSharedSwift.build/Objects-normal/arm64/FirebaseSharedSwift.swiftmodule @/Users/pauloricha/Library/Developer/Xcode/DerivedData/iosApp-cynwljdxdnoqyxhdtywpdbpkuabz/Build/Intermediates.noindex/Pods.build/Debug-iphonesimulator/FirebaseSharedSwift.build/Objects-normal/arm64/FirebaseSharedSwift-linker-args.resp -framework Foundation -Xlinker -no_adhoc_codesign -compatibility_version 1 -current_version 1 -o /Users/pauloricha/Library/Developer/Xcode/DerivedData/iosApp-cynwljdxdnoqyxhdtywpdbpkuabz/Build/Products/Debug-iphonesimulator/FirebaseSharedSwift/FirebaseSharedSwift.framework/FirebaseSharedSwift

ExtractAppIntentsMetadata (in target 'FirebaseSharedSwift' from project 'Pods')
    cd /Users/pauloricha/StudioProjects/BolaoDaGalera/iosApp/Pods
    /Applications/Xcode.app/Contents/Developer/Toolchains/XcodeDefault.xctoolchain/usr/bin/appintentsmetadataprocessor --toolchain-dir /Applications/Xcode.app/Contents/Developer/Toolchains/XcodeDefault.xctoolchain --module-name FirebaseSharedSwift --sdk-root /Applications/Xcode.app/Contents/Developer/Platforms/iPhoneSimulator.platform/Developer/SDKs/iPhoneSimulator26.5.sdk --xcode-version 17F113 --platform-family iOS --deployment-target 16.0 --bundle-identifier org.cocoapods.FirebaseSharedSwift --output /Users/pauloricha/Library/Developer/Xcode/DerivedData/iosApp-cynwljdxdnoqyxhdtywpdbpkuabz/Build/Products/Debug-iphonesimulator/FirebaseSharedSwift/FirebaseSharedSwift.framework --target-triple arm64-apple-ios16.0-simulator --binary-file /Users/pauloricha/Library/Developer/Xcode/DerivedData/iosApp-cynwljdxdnoqyxhdtywpdbpkuabz/Build/Products/Debug-iphonesimulator/FirebaseSharedSwift/FirebaseSharedSwift.framework/FirebaseSharedSwift --dependency-file /Users/pauloricha/Library/Developer/Xcode/DerivedData/iosApp-cynwljdxdnoqyxhdtywpdbpkuabz/Build/Intermediates.noindex/Pods.build/Debug-iphonesimulator/FirebaseSharedSwift.build/Objects-normal/arm64/FirebaseSharedSwift_dependency_info.dat --stringsdata-file /Users/pauloricha/Library/Developer/Xcode/DerivedData/iosApp-cynwljdxdnoqyxhdtywpdbpkuabz/Build/Intermediates.noindex/Pods.build/Debug-iphonesimulator/FirebaseSharedSwift.build/Objects-normal/arm64/ExtractedAppShortcutsMetadata.stringsdata --source-file-list /Users/pauloricha/Library/Developer/Xcode/DerivedData/iosApp-cynwljdxdnoqyxhdtywpdbpkuabz/Build/Intermediates.noindex/Pods.build/Debug-iphonesimulator/FirebaseSharedSwift.build/Objects-normal/arm64/FirebaseSharedSwift.SwiftFileList --metadata-file-list /Users/pauloricha/Library/Developer/Xcode/DerivedData/iosApp-cynwljdxdnoqyxhdtywpdbpkuabz/Build/Intermediates.noindex/Pods.build/Debug-iphonesimulator/FirebaseSharedSwift.build/FirebaseSharedSwift.DependencyMetadataFileList --static-metadata-file-list /Users/pauloricha/Library/Developer/Xcode/DerivedData/iosApp-cynwljdxdnoqyxhdtywpdbpkuabz/Build/Intermediates.noindex/Pods.build/Debug-iphonesimulator/FirebaseSharedSwift.build/FirebaseSharedSwift.DependencyStaticMetadataFileList --swift-const-vals-list /Users/pauloricha/Library/Developer/Xcode/DerivedData/iosApp-cynwljdxdnoqyxhdtywpdbpkuabz/Build/Intermediates.noindex/Pods.build/Debug-iphonesimulator/FirebaseSharedSwift.build/Objects-normal/arm64/FirebaseSharedSwift.SwiftConstValuesFileList --compile-time-extraction --deployment-aware-processing --validate-assistant-intents --no-app-shortcuts-localization
2026-08-16 21:38:35.381 appintentsmetadataprocessor[45629:4901118] Starting appintentsmetadataprocessor export
2026-08-16 21:38:35.383 appintentsmetadataprocessor[45629:4901118] warning: Metadata extraction skipped. No AppIntents.framework dependency found.

GenerateTAPI /Users/pauloricha/Library/Developer/Xcode/DerivedData/iosApp-cynwljdxdnoqyxhdtywpdbpkuabz/Build/Intermediates.noindex/EagerLinkingTBDs/Debug-iphonesimulator/FirebaseSharedSwift.framework/FirebaseSharedSwift.tbd (in target 'FirebaseSharedSwift' from project 'Pods')
    cd /Users/pauloricha/StudioProjects/BolaoDaGalera/iosApp/Pods
    /Applications/Xcode.app/Contents/Developer/Toolchains/XcodeDefault.xctoolchain/usr/bin/tapi stubify -isysroot /Applications/Xcode.app/Contents/Developer/Platforms/iPhoneSimulator.platform/Developer/SDKs/iPhoneSimulator26.5.sdk -F/Users/pauloricha/Library/Developer/Xcode/DerivedData/iosApp-cynwljdxdnoqyxhdtywpdbpkuabz/Build/Products/Debug-iphonesimulator/FirebaseSharedSwift -L/Users/pauloricha/Library/Developer/Xcode/DerivedData/iosApp-cynwljdxdnoqyxhdtywpdbpkuabz/Build/Products/Debug-iphonesimulator/FirebaseSharedSwift -L/Applications/Xcode.app/Contents/Developer/Toolchains/XcodeDefault.xctoolchain/usr/lib/swift/iphonesimulator -L/Applications/Xcode.app/Contents/Developer/Platforms/iPhoneSimulator.platform/Developer/SDKs/iPhoneSimulator26.5.sdk/usr/lib/swift /Users/pauloricha/Library/Developer/Xcode/DerivedData/iosApp-cynwljdxdnoqyxhdtywpdbpkuabz/Build/Products/Debug-iphonesimulator/FirebaseSharedSwift/FirebaseSharedSwift.framework/FirebaseSharedSwift -o /Users/pauloricha/Library/Developer/Xcode/DerivedData/iosApp-cynwljdxdnoqyxhdtywpdbpkuabz/Build/Intermediates.noindex/EagerLinkingTBDs/Debug-iphonesimulator/FirebaseSharedSwift.framework/FirebaseSharedSwift.tbd

CodeSign /Users/pauloricha/Library/Developer/Xcode/DerivedData/iosApp-cynwljdxdnoqyxhdtywpdbpkuabz/Build/Products/Debug-iphonesimulator/FirebaseSharedSwift/FirebaseSharedSwift.framework (in target 'FirebaseSharedSwift' from project 'Pods')
    cd /Users/pauloricha/StudioProjects/BolaoDaGalera/iosApp/Pods
    
    Signing Identity:     "Sign to Run Locally"
    
    /usr/bin/codesign --force --sign - --timestamp\=none --generate-entitlement-der /Users/pauloricha/Library/Developer/Xcode/DerivedData/iosApp-cynwljdxdnoqyxhdtywpdbpkuabz/Build/Products/Debug-iphonesimulator/FirebaseSharedSwift/FirebaseSharedSwift.framework

ProcessInfoPlistFile /Users/pauloricha/Library/Developer/Xcode/DerivedData/iosApp-cynwljdxdnoqyxhdtywpdbpkuabz/Build/Products/Debug-iphonesimulator/FirebaseRemoteConfig/FirebaseRemoteConfig_Privacy.bundle/Info.plist /Users/pauloricha/StudioProjects/BolaoDaGalera/iosApp/Pods/Target\ Support\ Files/FirebaseRemoteConfig/ResourceBundle-FirebaseRemoteConfig_Privacy-FirebaseRemoteConfig-Info.plist (in target 'FirebaseRemoteConfig-FirebaseRemoteConfig_Privacy' from project 'Pods')
    cd /Users/pauloricha/StudioProjects/BolaoDaGalera/iosApp/Pods
    builtin-infoPlistUtility /Users/pauloricha/StudioProjects/BolaoDaGalera/iosApp/Pods/Target\ Support\ Files/FirebaseRemoteConfig/ResourceBundle-FirebaseRemoteConfig_Privacy-FirebaseRemoteConfig-Info.plist -producttype com.apple.product-type.bundle -expandbuildsettings -format binary -platform iphonesimulator -o /Users/pauloricha/Library/Developer/Xcode/DerivedData/iosApp-cynwljdxdnoqyxhdtywpdbpkuabz/Build/Products/Debug-iphonesimulator/FirebaseRemoteConfig/FirebaseRemoteConfig_Privacy.bundle/Info.plist

Ld /Users/pauloricha/Library/Developer/Xcode/DerivedData/iosApp-cynwljdxdnoqyxhdtywpdbpkuabz/Build/Products/Debug-iphonesimulator/FirebaseRemoteConfig/FirebaseRemoteConfig.framework/FirebaseRemoteConfig normal (in target 'FirebaseRemoteConfig' from project 'Pods')
    cd /Users/pauloricha/StudioProjects/BolaoDaGalera/iosApp/Pods
    /Applications/Xcode.app/Contents/Developer/Toolchains/XcodeDefault.xctoolchain/usr/bin/clang -Xlinker -reproducible -target arm64-apple-ios16.0-simulator -dynamiclib -isysroot /Applications/Xcode.app/Contents/Developer/Platforms/iPhoneSimulator.platform/Developer/SDKs/iPhoneSimulator26.5.sdk -O0 -L/Users/pauloricha/Library/Developer/Xcode/DerivedData/iosApp-cynwljdxdnoqyxhdtywpdbpkuabz/Build/Intermediates.noindex/EagerLinkingTBDs/Debug-iphonesimulator -L/Users/pauloricha/Library/Developer/Xcode/DerivedData/iosApp-cynwljdxdnoqyxhdtywpdbpkuabz/Build/Products/Debug-iphonesimulator/FirebaseRemoteConfig -L/Applications/Xcode.app/Contents/Developer/Toolchains/XcodeDefault.xctoolchain/usr/lib/swift/iphonesimulator -L/Applications/Xcode.app/Contents/Developer/Platforms/iPhoneSimulator.platform/Developer/SDKs/iPhoneSimulator26.5.sdk/usr/lib/swift -F/Users/pauloricha/Library/Developer/Xcode/DerivedData/iosApp-cynwljdxdnoqyxhdtywpdbpkuabz/Build/Intermediates.noindex/EagerLinkingTBDs/Debug-iphonesimulator -F/Users/pauloricha/Library/Developer/Xcode/DerivedData/iosApp-cynwljdxdnoqyxhdtywpdbpkuabz/Build/Products/Debug-iphonesimulator/FirebaseRemoteConfig -F/Users/pauloricha/Library/Developer/Xcode/DerivedData/iosApp-cynwljdxdnoqyxhdtywpdbpkuabz/Build/Products/Debug-iphonesimulator/FirebaseABTesting -F/Users/pauloricha/Library/Developer/Xcode/DerivedData/iosApp-cynwljdxdnoqyxhdtywpdbpkuabz/Build/Products/Debug-iphonesimulator/FirebaseCore -F/Users/pauloricha/Library/Developer/Xcode/DerivedData/iosApp-cynwljdxdnoqyxhdtywpdbpkuabz/Build/Products/Debug-iphonesimulator/FirebaseCoreInternal -F/Users/pauloricha/Library/Developer/Xcode/DerivedData/iosApp-cynwljdxdnoqyxhdtywpdbpkuabz/Build/Products/Debug-iphonesimulator/FirebaseInstallations -F/Users/pauloricha/Library/Developer/Xcode/DerivedData/iosApp-cynwljdxdnoqyxhdtywpdbpkuabz/Build/Products/Debug-iphonesimulator/FirebaseRemoteConfigInterop -F/Users/pauloricha/Library/Developer/Xcode/DerivedData/iosApp-cynwljdxdnoqyxhdtywpdbpkuabz/Build/Products/Debug-iphonesimulator/FirebaseSharedSwift -F/Users/pauloricha/Library/Developer/Xcode/DerivedData/iosApp-cynwljdxdnoqyxhdtywpdbpkuabz/Build/Products/Debug-iphonesimulator/GoogleUtilities -F/Users/pauloricha/Library/Developer/Xcode/DerivedData/iosApp-cynwljdxdnoqyxhdtywpdbpkuabz/Build/Products/Debug-iphonesimulator/PromisesObjC -filelist /Users/pauloricha/Library/Developer/Xcode/DerivedData/iosApp-cynwljdxdnoqyxhdtywpdbpkuabz/Build/Intermediates.noindex/Pods.build/Debug-iphonesimulator/FirebaseRemoteConfig.build/Objects-normal/arm64/FirebaseRemoteConfig.LinkFileList -install_name @rpath/FirebaseRemoteConfig.framework/FirebaseRemoteConfig -Xlinker -rpath -Xlinker /usr/lib/swift -Xlinker -rpath -Xlinker @executable_path/Frameworks -Xlinker -rpath -Xlinker @loader_path/Frameworks -Xlinker -dead_strip -Xlinker -object_path_lto -Xlinker /Users/pauloricha/Library/Developer/Xcode/DerivedData/iosApp-cynwljdxdnoqyxhdtywpdbpkuabz/Build/Intermediates.noindex/Pods.build/Debug-iphonesimulator/FirebaseRemoteConfig.build/Objects-normal/arm64/FirebaseRemoteConfig_lto.o -rdynamic -Xlinker -no_deduplicate -Xlinker -objc_abi_version -Xlinker 2 -Xlinker -dependency_info -Xlinker /Users/pauloricha/Library/Developer/Xcode/DerivedData/iosApp-cynwljdxdnoqyxhdtywpdbpkuabz/Build/Intermediates.noindex/Pods.build/Debug-iphonesimulator/FirebaseRemoteConfig.build/Objects-normal/arm64/FirebaseRemoteConfig_dependency_info.dat -fobjc-arc -fobjc-link-runtime -L/Applications/Xcode.app/Contents/Developer/Toolchains/XcodeDefault.xctoolchain/usr/lib/swift/iphonesimulator -L/usr/lib/swift -Xlinker -add_ast_path -Xlinker /Users/pauloricha/Library/Developer/Xcode/DerivedData/iosApp-cynwljdxdnoqyxhdtywpdbpkuabz/Build/Intermediates.noindex/Pods.build/Debug-iphonesimulator/FirebaseRemoteConfig.build/Objects-normal/arm64/FirebaseRemoteConfig.swiftmodule @/Users/pauloricha/Library/Developer/Xcode/DerivedData/iosApp-cynwljdxdnoqyxhdtywpdbpkuabz/Build/Intermediates.noindex/Pods.build/Debug-iphonesimulator/FirebaseRemoteConfig.build/Objects-normal/arm64/FirebaseRemoteConfig-linker-args.resp -framework FirebaseABTesting -framework FirebaseCore -framework FirebaseInstallations -framework FirebaseRemoteConfigInterop -framework FirebaseSharedSwift -framework Foundation -framework GoogleUtilities -framework Security -framework SystemConfiguration -framework UIKit -framework Foundation -Xlinker -no_adhoc_codesign -compatibility_version 1 -current_version 1 -o /Users/pauloricha/Library/Developer/Xcode/DerivedData/iosApp-cynwljdxdnoqyxhdtywpdbpkuabz/Build/Products/Debug-iphonesimulator/FirebaseRemoteConfig/FirebaseRemoteConfig.framework/FirebaseRemoteConfig

ProcessInfoPlistFile /Users/pauloricha/Library/Developer/Xcode/DerivedData/iosApp-cynwljdxdnoqyxhdtywpdbpkuabz/Build/Products/Debug-iphonesimulator/FirebaseRemoteConfig/FirebaseRemoteConfig.framework/Info.plist /Users/pauloricha/StudioProjects/BolaoDaGalera/iosApp/Pods/Target\ Support\ Files/FirebaseRemoteConfig/FirebaseRemoteConfig-Info.plist (in target 'FirebaseRemoteConfig' from project 'Pods')
    cd /Users/pauloricha/StudioProjects/BolaoDaGalera/iosApp/Pods
    builtin-infoPlistUtility /Users/pauloricha/StudioProjects/BolaoDaGalera/iosApp/Pods/Target\ Support\ Files/FirebaseRemoteConfig/FirebaseRemoteConfig-Info.plist -producttype com.apple.product-type.framework -expandbuildsettings -format binary -platform iphonesimulator -o /Users/pauloricha/Library/Developer/Xcode/DerivedData/iosApp-cynwljdxdnoqyxhdtywpdbpkuabz/Build/Products/Debug-iphonesimulator/FirebaseRemoteConfig/FirebaseRemoteConfig.framework/Info.plist

ExtractAppIntentsMetadata (in target 'FirebaseRemoteConfig' from project 'Pods')
    cd /Users/pauloricha/StudioProjects/BolaoDaGalera/iosApp/Pods
    /Applications/Xcode.app/Contents/Developer/Toolchains/XcodeDefault.xctoolchain/usr/bin/appintentsmetadataprocessor --toolchain-dir /Applications/Xcode.app/Contents/Developer/Toolchains/XcodeDefault.xctoolchain --module-name FirebaseRemoteConfig --sdk-root /Applications/Xcode.app/Contents/Developer/Platforms/iPhoneSimulator.platform/Developer/SDKs/iPhoneSimulator26.5.sdk --xcode-version 17F113 --platform-family iOS --deployment-target 16.0 --bundle-identifier org.cocoapods.FirebaseRemoteConfig --output /Users/pauloricha/Library/Developer/Xcode/DerivedData/iosApp-cynwljdxdnoqyxhdtywpdbpkuabz/Build/Products/Debug-iphonesimulator/FirebaseRemoteConfig/FirebaseRemoteConfig.framework --target-triple arm64-apple-ios16.0-simulator --binary-file /Users/pauloricha/Library/Developer/Xcode/DerivedData/iosApp-cynwljdxdnoqyxhdtywpdbpkuabz/Build/Products/Debug-iphonesimulator/FirebaseRemoteConfig/FirebaseRemoteConfig.framework/FirebaseRemoteConfig --dependency-file /Users/pauloricha/Library/Developer/Xcode/DerivedData/iosApp-cynwljdxdnoqyxhdtywpdbpkuabz/Build/Intermediates.noindex/Pods.build/Debug-iphonesimulator/FirebaseRemoteConfig.build/Objects-normal/arm64/FirebaseRemoteConfig_dependency_info.dat --stringsdata-file /Users/pauloricha/Library/Developer/Xcode/DerivedData/iosApp-cynwljdxdnoqyxhdtywpdbpkuabz/Build/Intermediates.noindex/Pods.build/Debug-iphonesimulator/FirebaseRemoteConfig.build/Objects-normal/arm64/ExtractedAppShortcutsMetadata.stringsdata --source-file-list /Users/pauloricha/Library/Developer/Xcode/DerivedData/iosApp-cynwljdxdnoqyxhdtywpdbpkuabz/Build/Intermediates.noindex/Pods.build/Debug-iphonesimulator/FirebaseRemoteConfig.build/Objects-normal/arm64/FirebaseRemoteConfig.SwiftFileList --metadata-file-list /Users/pauloricha/Library/Developer/Xcode/DerivedData/iosApp-cynwljdxdnoqyxhdtywpdbpkuabz/Build/Intermediates.noindex/Pods.build/Debug-iphonesimulator/FirebaseRemoteConfig.build/FirebaseRemoteConfig.DependencyMetadataFileList --static-metadata-file-list /Users/pauloricha/Library/Developer/Xcode/DerivedData/iosApp-cynwljdxdnoqyxhdtywpdbpkuabz/Build/Intermediates.noindex/Pods.build/Debug-iphonesimulator/FirebaseRemoteConfig.build/FirebaseRemoteConfig.DependencyStaticMetadataFileList --swift-const-vals-list /Users/pauloricha/Library/Developer/Xcode/DerivedData/iosApp-cynwljdxdnoqyxhdtywpdbpkuabz/Build/Intermediates.noindex/Pods.build/Debug-iphonesimulator/FirebaseRemoteConfig.build/Objects-normal/arm64/FirebaseRemoteConfig.SwiftConstValuesFileList --compile-time-extraction --deployment-aware-processing --validate-assistant-intents --no-app-shortcuts-localization
2026-08-16 21:38:35.659 appintentsmetadataprocessor[45635:4901142] Starting appintentsmetadataprocessor export
2026-08-16 21:38:35.661 appintentsmetadataprocessor[45635:4901142] warning: Metadata extraction skipped. No AppIntents.framework dependency found.

GenerateTAPI /Users/pauloricha/Library/Developer/Xcode/DerivedData/iosApp-cynwljdxdnoqyxhdtywpdbpkuabz/Build/Intermediates.noindex/EagerLinkingTBDs/Debug-iphonesimulator/FirebaseRemoteConfig.framework/FirebaseRemoteConfig.tbd (in target 'FirebaseRemoteConfig' from project 'Pods')
    cd /Users/pauloricha/StudioProjects/BolaoDaGalera/iosApp/Pods
    /Applications/Xcode.app/Contents/Developer/Toolchains/XcodeDefault.xctoolchain/usr/bin/tapi stubify -isysroot /Applications/Xcode.app/Contents/Developer/Platforms/iPhoneSimulator.platform/Developer/SDKs/iPhoneSimulator26.5.sdk -F/Users/pauloricha/Library/Developer/Xcode/DerivedData/iosApp-cynwljdxdnoqyxhdtywpdbpkuabz/Build/Products/Debug-iphonesimulator/FirebaseRemoteConfig -F/Users/pauloricha/Library/Developer/Xcode/DerivedData/iosApp-cynwljdxdnoqyxhdtywpdbpkuabz/Build/Products/Debug-iphonesimulator/FirebaseABTesting -F/Users/pauloricha/Library/Developer/Xcode/DerivedData/iosApp-cynwljdxdnoqyxhdtywpdbpkuabz/Build/Products/Debug-iphonesimulator/FirebaseCore -F/Users/pauloricha/Library/Developer/Xcode/DerivedData/iosApp-cynwljdxdnoqyxhdtywpdbpkuabz/Build/Products/Debug-iphonesimulator/FirebaseCoreInternal -F/Users/pauloricha/Library/Developer/Xcode/DerivedData/iosApp-cynwljdxdnoqyxhdtywpdbpkuabz/Build/Products/Debug-iphonesimulator/FirebaseInstallations -F/Users/pauloricha/Library/Developer/Xcode/DerivedData/iosApp-cynwljdxdnoqyxhdtywpdbpkuabz/Build/Products/Debug-iphonesimulator/FirebaseRemoteConfigInterop -F/Users/pauloricha/Library/Developer/Xcode/DerivedData/iosApp-cynwljdxdnoqyxhdtywpdbpkuabz/Build/Products/Debug-iphonesimulator/FirebaseSharedSwift -F/Users/pauloricha/Library/Developer/Xcode/DerivedData/iosApp-cynwljdxdnoqyxhdtywpdbpkuabz/Build/Products/Debug-iphonesimulator/GoogleUtilities -F/Users/pauloricha/Library/Developer/Xcode/DerivedData/iosApp-cynwljdxdnoqyxhdtywpdbpkuabz/Build/Products/Debug-iphonesimulator/PromisesObjC -L/Users/pauloricha/Library/Developer/Xcode/DerivedData/iosApp-cynwljdxdnoqyxhdtywpdbpkuabz/Build/Products/Debug-iphonesimulator/FirebaseRemoteConfig -L/Applications/Xcode.app/Contents/Developer/Toolchains/XcodeDefault.xctoolchain/usr/lib/swift/iphonesimulator -L/Applications/Xcode.app/Contents/Developer/Platforms/iPhoneSimulator.platform/Developer/SDKs/iPhoneSimulator26.5.sdk/usr/lib/swift /Users/pauloricha/Library/Developer/Xcode/DerivedData/iosApp-cynwljdxdnoqyxhdtywpdbpkuabz/Build/Products/Debug-iphonesimulator/FirebaseRemoteConfig/FirebaseRemoteConfig.framework/FirebaseRemoteConfig -o /Users/pauloricha/Library/Developer/Xcode/DerivedData/iosApp-cynwljdxdnoqyxhdtywpdbpkuabz/Build/Intermediates.noindex/EagerLinkingTBDs/Debug-iphonesimulator/FirebaseRemoteConfig.framework/FirebaseRemoteConfig.tbd

note: Removed stale file '/Users/pauloricha/Library/Developer/Xcode/DerivedData/iosApp-cynwljdxdnoqyxhdtywpdbpkuabz/Build/Intermediates.noindex/Pods.build/Debug-iphonesimulator/abseil.build/Script-D8A2EED1D12A331C724C4B389C10CD5C.sh'

note: Removed stale file '/Users/pauloricha/Library/Developer/Xcode/DerivedData/iosApp-cynwljdxdnoqyxhdtywpdbpkuabz/Build/Intermediates.noindex/Pods.build/Debug-iphonesimulator/gRPC-C++.build/Script-0E8A5670603B69ED7F9CF775F42397A5.sh'

note: Removed stale file '/Users/pauloricha/Library/Developer/Xcode/DerivedData/iosApp-cynwljdxdnoqyxhdtywpdbpkuabz/Build/Intermediates.noindex/Pods.build/Debug-iphonesimulator/gRPC-Core.build/Script-094945BEDA27862AB0CC0774711CDA2D.sh'

ProcessInfoPlistFile /Users/pauloricha/Library/Developer/Xcode/DerivedData/iosApp-cynwljdxdnoqyxhdtywpdbpkuabz/Build/Products/Debug-iphonesimulator/nanopb/nanopb_Privacy.bundle/Info.plist /Users/pauloricha/StudioProjects/BolaoDaGalera/iosApp/Pods/Target\ Support\ Files/nanopb/ResourceBundle-nanopb_Privacy-nanopb-Info.plist (in target 'nanopb-nanopb_Privacy' from project 'Pods')
    cd /Users/pauloricha/StudioProjects/BolaoDaGalera/iosApp/Pods
    builtin-infoPlistUtility /Users/pauloricha/StudioProjects/BolaoDaGalera/iosApp/Pods/Target\ Support\ Files/nanopb/ResourceBundle-nanopb_Privacy-nanopb-Info.plist -producttype com.apple.product-type.bundle -expandbuildsettings -format binary -platform iphonesimulator -o /Users/pauloricha/Library/Developer/Xcode/DerivedData/iosApp-cynwljdxdnoqyxhdtywpdbpkuabz/Build/Products/Debug-iphonesimulator/nanopb/nanopb_Privacy.bundle/Info.plist

Ld /Users/pauloricha/Library/Developer/Xcode/DerivedData/iosApp-cynwljdxdnoqyxhdtywpdbpkuabz/Build/Products/Debug-iphonesimulator/FirebaseAppCheckInterop/FirebaseAppCheckInterop.framework/FirebaseAppCheckInterop normal (in target 'FirebaseAppCheckInterop' from project 'Pods')
    cd /Users/pauloricha/StudioProjects/BolaoDaGalera/iosApp/Pods
    /Applications/Xcode.app/Contents/Developer/Toolchains/XcodeDefault.xctoolchain/usr/bin/clang -Xlinker -reproducible -target arm64-apple-ios16.0-simulator -dynamiclib -isysroot /Applications/Xcode.app/Contents/Developer/Platforms/iPhoneSimulator.platform/Developer/SDKs/iPhoneSimulator26.5.sdk -O0 -L/Users/pauloricha/Library/Developer/Xcode/DerivedData/iosApp-cynwljdxdnoqyxhdtywpdbpkuabz/Build/Intermediates.noindex/EagerLinkingTBDs/Debug-iphonesimulator -L/Users/pauloricha/Library/Developer/Xcode/DerivedData/iosApp-cynwljdxdnoqyxhdtywpdbpkuabz/Build/Products/Debug-iphonesimulator/FirebaseAppCheckInterop -F/Users/pauloricha/Library/Developer/Xcode/DerivedData/iosApp-cynwljdxdnoqyxhdtywpdbpkuabz/Build/Intermediates.noindex/EagerLinkingTBDs/Debug-iphonesimulator -F/Users/pauloricha/Library/Developer/Xcode/DerivedData/iosApp-cynwljdxdnoqyxhdtywpdbpkuabz/Build/Products/Debug-iphonesimulator/FirebaseAppCheckInterop -filelist /Users/pauloricha/Library/Developer/Xcode/DerivedData/iosApp-cynwljdxdnoqyxhdtywpdbpkuabz/Build/Intermediates.noindex/Pods.build/Debug-iphonesimulator/FirebaseAppCheckInterop.build/Objects-normal/arm64/FirebaseAppCheckInterop.LinkFileList -install_name @rpath/FirebaseAppCheckInterop.framework/FirebaseAppCheckInterop -Xlinker -rpath -Xlinker @executable_path/Frameworks -Xlinker -rpath -Xlinker @loader_path/Frameworks -Xlinker -dead_strip -Xlinker -object_path_lto -Xlinker /Users/pauloricha/Library/Developer/Xcode/DerivedData/iosApp-cynwljdxdnoqyxhdtywpdbpkuabz/Build/Intermediates.noindex/Pods.build/Debug-iphonesimulator/FirebaseAppCheckInterop.build/Objects-normal/arm64/FirebaseAppCheckInterop_lto.o -rdynamic -Xlinker -no_deduplicate -Xlinker -objc_abi_version -Xlinker 2 -Xlinker -dependency_info -Xlinker /Users/pauloricha/Library/Developer/Xcode/DerivedData/iosApp-cynwljdxdnoqyxhdtywpdbpkuabz/Build/Intermediates.noindex/Pods.build/Debug-iphonesimulator/FirebaseAppCheckInterop.build/Objects-normal/arm64/FirebaseAppCheckInterop_dependency_info.dat -fobjc-arc -fobjc-link-runtime -framework Foundation -Xlinker -no_adhoc_codesign -compatibility_version 1 -current_version 1 -o /Users/pauloricha/Library/Developer/Xcode/DerivedData/iosApp-cynwljdxdnoqyxhdtywpdbpkuabz/Build/Products/Debug-iphonesimulator/FirebaseAppCheckInterop/FirebaseAppCheckInterop.framework/FirebaseAppCheckInterop

Ld /Users/pauloricha/Library/Developer/Xcode/DerivedData/iosApp-cynwljdxdnoqyxhdtywpdbpkuabz/Build/Products/Debug-iphonesimulator/FirebaseAuthInterop/FirebaseAuthInterop.framework/FirebaseAuthInterop normal (in target 'FirebaseAuthInterop' from project 'Pods')
    cd /Users/pauloricha/StudioProjects/BolaoDaGalera/iosApp/Pods
    /Applications/Xcode.app/Contents/Developer/Toolchains/XcodeDefault.xctoolchain/usr/bin/clang -Xlinker -reproducible -target arm64-apple-ios16.0-simulator -dynamiclib -isysroot /Applications/Xcode.app/Contents/Developer/Platforms/iPhoneSimulator.platform/Developer/SDKs/iPhoneSimulator26.5.sdk -O0 -L/Users/pauloricha/Library/Developer/Xcode/DerivedData/iosApp-cynwljdxdnoqyxhdtywpdbpkuabz/Build/Intermediates.noindex/EagerLinkingTBDs/Debug-iphonesimulator -L/Users/pauloricha/Library/Developer/Xcode/DerivedData/iosApp-cynwljdxdnoqyxhdtywpdbpkuabz/Build/Products/Debug-iphonesimulator/FirebaseAuthInterop -F/Users/pauloricha/Library/Developer/Xcode/DerivedData/iosApp-cynwljdxdnoqyxhdtywpdbpkuabz/Build/Intermediates.noindex/EagerLinkingTBDs/Debug-iphonesimulator -F/Users/pauloricha/Library/Developer/Xcode/DerivedData/iosApp-cynwljdxdnoqyxhdtywpdbpkuabz/Build/Products/Debug-iphonesimulator/FirebaseAuthInterop -filelist /Users/pauloricha/Library/Developer/Xcode/DerivedData/iosApp-cynwljdxdnoqyxhdtywpdbpkuabz/Build/Intermediates.noindex/Pods.build/Debug-iphonesimulator/FirebaseAuthInterop.build/Objects-normal/arm64/FirebaseAuthInterop.LinkFileList -install_name @rpath/FirebaseAuthInterop.framework/FirebaseAuthInterop -Xlinker -rpath -Xlinker @executable_path/Frameworks -Xlinker -rpath -Xlinker @loader_path/Frameworks -Xlinker -dead_strip -Xlinker -object_path_lto -Xlinker /Users/pauloricha/Library/Developer/Xcode/DerivedData/iosApp-cynwljdxdnoqyxhdtywpdbpkuabz/Build/Intermediates.noindex/Pods.build/Debug-iphonesimulator/FirebaseAuthInterop.build/Objects-normal/arm64/FirebaseAuthInterop_lto.o -rdynamic -Xlinker -no_deduplicate -Xlinker -objc_abi_version -Xlinker 2 -Xlinker -dependency_info -Xlinker /Users/pauloricha/Library/Developer/Xcode/DerivedData/iosApp-cynwljdxdnoqyxhdtywpdbpkuabz/Build/Intermediates.noindex/Pods.build/Debug-iphonesimulator/FirebaseAuthInterop.build/Objects-normal/arm64/FirebaseAuthInterop_dependency_info.dat -fobjc-arc -fobjc-link-runtime -framework Foundation -Xlinker -no_adhoc_codesign -compatibility_version 1 -current_version 1 -o /Users/pauloricha/Library/Developer/Xcode/DerivedData/iosApp-cynwljdxdnoqyxhdtywpdbpkuabz/Build/Products/Debug-iphonesimulator/FirebaseAuthInterop/FirebaseAuthInterop.framework/FirebaseAuthInterop

Ld /Users/pauloricha/Library/Developer/Xcode/DerivedData/iosApp-cynwljdxdnoqyxhdtywpdbpkuabz/Build/Products/Debug-iphonesimulator/RecaptchaInterop/RecaptchaInterop.framework/RecaptchaInterop normal (in target 'RecaptchaInterop' from project 'Pods')
    cd /Users/pauloricha/StudioProjects/BolaoDaGalera/iosApp/Pods
    /Applications/Xcode.app/Contents/Developer/Toolchains/XcodeDefault.xctoolchain/usr/bin/clang -Xlinker -reproducible -target arm64-apple-ios16.0-simulator -dynamiclib -isysroot /Applications/Xcode.app/Contents/Developer/Platforms/iPhoneSimulator.platform/Developer/SDKs/iPhoneSimulator26.5.sdk -O0 -L/Users/pauloricha/Library/Developer/Xcode/DerivedData/iosApp-cynwljdxdnoqyxhdtywpdbpkuabz/Build/Intermediates.noindex/EagerLinkingTBDs/Debug-iphonesimulator -L/Users/pauloricha/Library/Developer/Xcode/DerivedData/iosApp-cynwljdxdnoqyxhdtywpdbpkuabz/Build/Products/Debug-iphonesimulator/RecaptchaInterop -F/Users/pauloricha/Library/Developer/Xcode/DerivedData/iosApp-cynwljdxdnoqyxhdtywpdbpkuabz/Build/Intermediates.noindex/EagerLinkingTBDs/Debug-iphonesimulator -F/Users/pauloricha/Library/Developer/Xcode/DerivedData/iosApp-cynwljdxdnoqyxhdtywpdbpkuabz/Build/Products/Debug-iphonesimulator/RecaptchaInterop -filelist /Users/pauloricha/Library/Developer/Xcode/DerivedData/iosApp-cynwljdxdnoqyxhdtywpdbpkuabz/Build/Intermediates.noindex/Pods.build/Debug-iphonesimulator/RecaptchaInterop.build/Objects-normal/arm64/RecaptchaInterop.LinkFileList -install_name @rpath/RecaptchaInterop.framework/RecaptchaInterop -Xlinker -rpath -Xlinker @executable_path/Frameworks -Xlinker -rpath -Xlinker @loader_path/Frameworks -Xlinker -dead_strip -Xlinker -object_path_lto -Xlinker /Users/pauloricha/Library/Developer/Xcode/DerivedData/iosApp-cynwljdxdnoqyxhdtywpdbpkuabz/Build/Intermediates.noindex/Pods.build/Debug-iphonesimulator/RecaptchaInterop.build/Objects-normal/arm64/RecaptchaInterop_lto.o -rdynamic -Xlinker -no_deduplicate -Xlinker -objc_abi_version -Xlinker 2 -Xlinker -dependency_info -Xlinker /Users/pauloricha/Library/Developer/Xcode/DerivedData/iosApp-cynwljdxdnoqyxhdtywpdbpkuabz/Build/Intermediates.noindex/Pods.build/Debug-iphonesimulator/RecaptchaInterop.build/Objects-normal/arm64/RecaptchaInterop_dependency_info.dat -fobjc-arc -fobjc-link-runtime -framework Foundation -Xlinker -no_adhoc_codesign -compatibility_version 1 -current_version 1 -o /Users/pauloricha/Library/Developer/Xcode/DerivedData/iosApp-cynwljdxdnoqyxhdtywpdbpkuabz/Build/Products/Debug-iphonesimulator/RecaptchaInterop/RecaptchaInterop.framework/RecaptchaInterop

ProcessInfoPlistFile /Users/pauloricha/Library/Developer/Xcode/DerivedData/iosApp-cynwljdxdnoqyxhdtywpdbpkuabz/Build/Products/Debug-iphonesimulator/leveldb-library/leveldb_Privacy.bundle/Info.plist /Users/pauloricha/StudioProjects/BolaoDaGalera/iosApp/Pods/Target\ Support\ Files/leveldb-library/ResourceBundle-leveldb_Privacy-leveldb-library-Info.plist (in target 'leveldb-library-leveldb_Privacy' from project 'Pods')
    cd /Users/pauloricha/StudioProjects/BolaoDaGalera/iosApp/Pods
    builtin-infoPlistUtility /Users/pauloricha/StudioProjects/BolaoDaGalera/iosApp/Pods/Target\ Support\ Files/leveldb-library/ResourceBundle-leveldb_Privacy-leveldb-library-Info.plist -producttype com.apple.product-type.bundle -expandbuildsettings -format binary -platform iphonesimulator -o /Users/pauloricha/Library/Developer/Xcode/DerivedData/iosApp-cynwljdxdnoqyxhdtywpdbpkuabz/Build/Products/Debug-iphonesimulator/leveldb-library/leveldb_Privacy.bundle/Info.plist

ProcessInfoPlistFile /Users/pauloricha/Library/Developer/Xcode/DerivedData/iosApp-cynwljdxdnoqyxhdtywpdbpkuabz/Build/Products/Debug-iphonesimulator/GTMSessionFetcher/GTMSessionFetcher_Core_Privacy.bundle/Info.plist /Users/pauloricha/StudioProjects/BolaoDaGalera/iosApp/Pods/Target\ Support\ Files/GTMSessionFetcher/ResourceBundle-GTMSessionFetcher_Core_Privacy-GTMSessionFetcher-Info.plist (in target 'GTMSessionFetcher-GTMSessionFetcher_Core_Privacy' from project 'Pods')
    cd /Users/pauloricha/StudioProjects/BolaoDaGalera/iosApp/Pods
    builtin-infoPlistUtility /Users/pauloricha/StudioProjects/BolaoDaGalera/iosApp/Pods/Target\ Support\ Files/GTMSessionFetcher/ResourceBundle-GTMSessionFetcher_Core_Privacy-GTMSessionFetcher-Info.plist -producttype com.apple.product-type.bundle -expandbuildsettings -format binary -platform iphonesimulator -o /Users/pauloricha/Library/Developer/Xcode/DerivedData/iosApp-cynwljdxdnoqyxhdtywpdbpkuabz/Build/Products/Debug-iphonesimulator/GTMSessionFetcher/GTMSessionFetcher_Core_Privacy.bundle/Info.plist

ProcessInfoPlistFile /Users/pauloricha/Library/Developer/Xcode/DerivedData/iosApp-cynwljdxdnoqyxhdtywpdbpkuabz/Build/Products/Debug-iphonesimulator/FirebaseAuthInterop/FirebaseAuthInterop.framework/Info.plist /Users/pauloricha/StudioProjects/BolaoDaGalera/iosApp/Pods/Target\ Support\ Files/FirebaseAuthInterop/FirebaseAuthInterop-Info.plist (in target 'FirebaseAuthInterop' from project 'Pods')
    cd /Users/pauloricha/StudioProjects/BolaoDaGalera/iosApp/Pods
    builtin-infoPlistUtility /Users/pauloricha/StudioProjects/BolaoDaGalera/iosApp/Pods/Target\ Support\ Files/FirebaseAuthInterop/FirebaseAuthInterop-Info.plist -producttype com.apple.product-type.framework -expandbuildsettings -format binary -platform iphonesimulator -o /Users/pauloricha/Library/Developer/Xcode/DerivedData/iosApp-cynwljdxdnoqyxhdtywpdbpkuabz/Build/Products/Debug-iphonesimulator/FirebaseAuthInterop/FirebaseAuthInterop.framework/Info.plist

ProcessInfoPlistFile /Users/pauloricha/Library/Developer/Xcode/DerivedData/iosApp-cynwljdxdnoqyxhdtywpdbpkuabz/Build/Products/Debug-iphonesimulator/FirebaseCoreExtension/FirebaseCoreExtension_Privacy.bundle/Info.plist /Users/pauloricha/StudioProjects/BolaoDaGalera/iosApp/Pods/Target\ Support\ Files/FirebaseCoreExtension/ResourceBundle-FirebaseCoreExtension_Privacy-FirebaseCoreExtension-Info.plist (in target 'FirebaseCoreExtension-FirebaseCoreExtension_Privacy' from project 'Pods')
    cd /Users/pauloricha/StudioProjects/BolaoDaGalera/iosApp/Pods
    builtin-infoPlistUtility /Users/pauloricha/StudioProjects/BolaoDaGalera/iosApp/Pods/Target\ Support\ Files/FirebaseCoreExtension/ResourceBundle-FirebaseCoreExtension_Privacy-FirebaseCoreExtension-Info.plist -producttype com.apple.product-type.bundle -expandbuildsettings -format binary -platform iphonesimulator -o /Users/pauloricha/Library/Developer/Xcode/DerivedData/iosApp-cynwljdxdnoqyxhdtywpdbpkuabz/Build/Products/Debug-iphonesimulator/FirebaseCoreExtension/FirebaseCoreExtension_Privacy.bundle/Info.plist

ProcessInfoPlistFile /Users/pauloricha/Library/Developer/Xcode/DerivedData/iosApp-cynwljdxdnoqyxhdtywpdbpkuabz/Build/Products/Debug-iphonesimulator/RecaptchaInterop/RecaptchaInterop.framework/Info.plist /Users/pauloricha/StudioProjects/BolaoDaGalera/iosApp/Pods/Target\ Support\ Files/RecaptchaInterop/RecaptchaInterop-Info.plist (in target 'RecaptchaInterop' from project 'Pods')
    cd /Users/pauloricha/StudioProjects/BolaoDaGalera/iosApp/Pods
    builtin-infoPlistUtility /Users/pauloricha/StudioProjects/BolaoDaGalera/iosApp/Pods/Target\ Support\ Files/RecaptchaInterop/RecaptchaInterop-Info.plist -producttype com.apple.product-type.framework -expandbuildsettings -format binary -platform iphonesimulator -o /Users/pauloricha/Library/Developer/Xcode/DerivedData/iosApp-cynwljdxdnoqyxhdtywpdbpkuabz/Build/Products/Debug-iphonesimulator/RecaptchaInterop/RecaptchaInterop.framework/Info.plist

ProcessInfoPlistFile /Users/pauloricha/Library/Developer/Xcode/DerivedData/iosApp-cynwljdxdnoqyxhdtywpdbpkuabz/Build/Products/Debug-iphonesimulator/abseil/xcprivacy.bundle/Info.plist /Users/pauloricha/StudioProjects/BolaoDaGalera/iosApp/Pods/Target\ Support\ Files/abseil/ResourceBundle-xcprivacy-abseil-Info.plist (in target 'abseil-xcprivacy' from project 'Pods')
    cd /Users/pauloricha/StudioProjects/BolaoDaGalera/iosApp/Pods
    builtin-infoPlistUtility /Users/pauloricha/StudioProjects/BolaoDaGalera/iosApp/Pods/Target\ Support\ Files/abseil/ResourceBundle-xcprivacy-abseil-Info.plist -producttype com.apple.product-type.bundle -expandbuildsettings -format binary -platform iphonesimulator -o /Users/pauloricha/Library/Developer/Xcode/DerivedData/iosApp-cynwljdxdnoqyxhdtywpdbpkuabz/Build/Products/Debug-iphonesimulator/abseil/xcprivacy.bundle/Info.plist

ProcessInfoPlistFile /Users/pauloricha/Library/Developer/Xcode/DerivedData/iosApp-cynwljdxdnoqyxhdtywpdbpkuabz/Build/Products/Debug-iphonesimulator/FirebaseAppCheckInterop/FirebaseAppCheckInterop.framework/Info.plist /Users/pauloricha/StudioProjects/BolaoDaGalera/iosApp/Pods/Target\ Support\ Files/FirebaseAppCheckInterop/FirebaseAppCheckInterop-Info.plist (in target 'FirebaseAppCheckInterop' from project 'Pods')
    cd /Users/pauloricha/StudioProjects/BolaoDaGalera/iosApp/Pods
    builtin-infoPlistUtility /Users/pauloricha/StudioProjects/BolaoDaGalera/iosApp/Pods/Target\ Support\ Files/FirebaseAppCheckInterop/FirebaseAppCheckInterop-Info.plist -producttype com.apple.product-type.framework -expandbuildsettings -format binary -platform iphonesimulator -o /Users/pauloricha/Library/Developer/Xcode/DerivedData/iosApp-cynwljdxdnoqyxhdtywpdbpkuabz/Build/Products/Debug-iphonesimulator/FirebaseAppCheckInterop/FirebaseAppCheckInterop.framework/Info.plist

ProcessInfoPlistFile /Users/pauloricha/Library/Developer/Xcode/DerivedData/iosApp-cynwljdxdnoqyxhdtywpdbpkuabz/Build/Products/Debug-iphonesimulator/BoringSSL-GRPC/openssl_grpc.bundle/Info.plist /Users/pauloricha/StudioProjects/BolaoDaGalera/iosApp/Pods/Target\ Support\ Files/BoringSSL-GRPC/ResourceBundle-openssl_grpc-BoringSSL-GRPC-Info.plist (in target 'BoringSSL-GRPC-openssl_grpc' from project 'Pods')
    cd /Users/pauloricha/StudioProjects/BolaoDaGalera/iosApp/Pods
    builtin-infoPlistUtility /Users/pauloricha/StudioProjects/BolaoDaGalera/iosApp/Pods/Target\ Support\ Files/BoringSSL-GRPC/ResourceBundle-openssl_grpc-BoringSSL-GRPC-Info.plist -producttype com.apple.product-type.bundle -expandbuildsettings -format binary -platform iphonesimulator -o /Users/pauloricha/Library/Developer/Xcode/DerivedData/iosApp-cynwljdxdnoqyxhdtywpdbpkuabz/Build/Products/Debug-iphonesimulator/BoringSSL-GRPC/openssl_grpc.bundle/Info.plist

WriteAuxiliaryFile /Users/pauloricha/Library/Developer/Xcode/DerivedData/iosApp-cynwljdxdnoqyxhdtywpdbpkuabz/Build/Intermediates.noindex/iosApp.build/Debug-iphonesimulator/iosApp.build/Script-DA42EB0A85B49B673F8D3887.sh (in target 'iosApp' from project 'iosApp')
    cd /Users/pauloricha/StudioProjects/BolaoDaGalera/iosApp
    write-file /Users/pauloricha/Library/Developer/Xcode/DerivedData/iosApp-cynwljdxdnoqyxhdtywpdbpkuabz/Build/Intermediates.noindex/iosApp.build/Debug-iphonesimulator/iosApp.build/Script-DA42EB0A85B49B673F8D3887.sh

WriteAuxiliaryFile /Users/pauloricha/Library/Developer/Xcode/DerivedData/iosApp-cynwljdxdnoqyxhdtywpdbpkuabz/Build/Intermediates.noindex/iosApp.build/Debug-iphonesimulator/iosApp.build/OutputFileList-DA42EB0A85B49B673F8D3887-Pods-iosApp-resources-Debug-output-files-e695d884363a4e7432d30be39357d38a-resolved.xcfilelist (in target 'iosApp' from project 'iosApp')
    cd /Users/pauloricha/StudioProjects/BolaoDaGalera/iosApp
    write-file /Users/pauloricha/Library/Developer/Xcode/DerivedData/iosApp-cynwljdxdnoqyxhdtywpdbpkuabz/Build/Intermediates.noindex/iosApp.build/Debug-iphonesimulator/iosApp.build/OutputFileList-DA42EB0A85B49B673F8D3887-Pods-iosApp-resources-Debug-output-files-e695d884363a4e7432d30be39357d38a-resolved.xcfilelist

Ld /Users/pauloricha/Library/Developer/Xcode/DerivedData/iosApp-cynwljdxdnoqyxhdtywpdbpkuabz/Build/Products/Debug-iphonesimulator/nanopb/nanopb.framework/nanopb normal (in target 'nanopb' from project 'Pods')
    cd /Users/pauloricha/StudioProjects/BolaoDaGalera/iosApp/Pods
    /Applications/Xcode.app/Contents/Developer/Toolchains/XcodeDefault.xctoolchain/usr/bin/clang -Xlinker -reproducible -target arm64-apple-ios16.0-simulator -dynamiclib -isysroot /Applications/Xcode.app/Contents/Developer/Platforms/iPhoneSimulator.platform/Developer/SDKs/iPhoneSimulator26.5.sdk -O0 -L/Users/pauloricha/Library/Developer/Xcode/DerivedData/iosApp-cynwljdxdnoqyxhdtywpdbpkuabz/Build/Intermediates.noindex/EagerLinkingTBDs/Debug-iphonesimulator -L/Users/pauloricha/Library/Developer/Xcode/DerivedData/iosApp-cynwljdxdnoqyxhdtywpdbpkuabz/Build/Products/Debug-iphonesimulator/nanopb -F/Users/pauloricha/Library/Developer/Xcode/DerivedData/iosApp-cynwljdxdnoqyxhdtywpdbpkuabz/Build/Intermediates.noindex/EagerLinkingTBDs/Debug-iphonesimulator -F/Users/pauloricha/Library/Developer/Xcode/DerivedData/iosApp-cynwljdxdnoqyxhdtywpdbpkuabz/Build/Products/Debug-iphonesimulator/nanopb -filelist /Users/pauloricha/Library/Developer/Xcode/DerivedData/iosApp-cynwljdxdnoqyxhdtywpdbpkuabz/Build/Intermediates.noindex/Pods.build/Debug-iphonesimulator/nanopb.build/Objects-normal/arm64/nanopb.LinkFileList -install_name @rpath/nanopb.framework/nanopb -Xlinker -rpath -Xlinker @executable_path/Frameworks -Xlinker -rpath -Xlinker @loader_path/Frameworks -Xlinker -dead_strip -Xlinker -object_path_lto -Xlinker /Users/pauloricha/Library/Developer/Xcode/DerivedData/iosApp-cynwljdxdnoqyxhdtywpdbpkuabz/Build/Intermediates.noindex/Pods.build/Debug-iphonesimulator/nanopb.build/Objects-normal/arm64/nanopb_lto.o -rdynamic -Xlinker -no_deduplicate -Xlinker -objc_abi_version -Xlinker 2 -Xlinker -dependency_info -Xlinker /Users/pauloricha/Library/Developer/Xcode/DerivedData/iosApp-cynwljdxdnoqyxhdtywpdbpkuabz/Build/Intermediates.noindex/Pods.build/Debug-iphonesimulator/nanopb.build/Objects-normal/arm64/nanopb_dependency_info.dat -fobjc-arc -fobjc-link-runtime -framework Foundation -Xlinker -no_adhoc_codesign -compatibility_version 1 -current_version 1 -o /Users/pauloricha/Library/Developer/Xcode/DerivedData/iosApp-cynwljdxdnoqyxhdtywpdbpkuabz/Build/Products/Debug-iphonesimulator/nanopb/nanopb.framework/nanopb

Ld /Users/pauloricha/Library/Developer/Xcode/DerivedData/iosApp-cynwljdxdnoqyxhdtywpdbpkuabz/Build/Products/Debug-iphonesimulator/leveldb-library/leveldb.framework/leveldb normal (in target 'leveldb-library' from project 'Pods')
    cd /Users/pauloricha/StudioProjects/BolaoDaGalera/iosApp/Pods
    /Applications/Xcode.app/Contents/Developer/Toolchains/XcodeDefault.xctoolchain/usr/bin/clang++ -Xlinker -reproducible -target arm64-apple-ios16.0-simulator -dynamiclib -isysroot /Applications/Xcode.app/Contents/Developer/Platforms/iPhoneSimulator.platform/Developer/SDKs/iPhoneSimulator26.5.sdk -O0 -L/Users/pauloricha/Library/Developer/Xcode/DerivedData/iosApp-cynwljdxdnoqyxhdtywpdbpkuabz/Build/Intermediates.noindex/EagerLinkingTBDs/Debug-iphonesimulator -L/Users/pauloricha/Library/Developer/Xcode/DerivedData/iosApp-cynwljdxdnoqyxhdtywpdbpkuabz/Build/Products/Debug-iphonesimulator/leveldb-library -F/Users/pauloricha/Library/Developer/Xcode/DerivedData/iosApp-cynwljdxdnoqyxhdtywpdbpkuabz/Build/Intermediates.noindex/EagerLinkingTBDs/Debug-iphonesimulator -F/Users/pauloricha/Library/Developer/Xcode/DerivedData/iosApp-cynwljdxdnoqyxhdtywpdbpkuabz/Build/Products/Debug-iphonesimulator/leveldb-library -filelist /Users/pauloricha/Library/Developer/Xcode/DerivedData/iosApp-cynwljdxdnoqyxhdtywpdbpkuabz/Build/Intermediates.noindex/Pods.build/Debug-iphonesimulator/leveldb-library.build/Objects-normal/arm64/leveldb.LinkFileList -install_name @rpath/leveldb.framework/leveldb -Xlinker -rpath -Xlinker @executable_path/Frameworks -Xlinker -rpath -Xlinker @loader_path/Frameworks -Xlinker -dead_strip -Xlinker -object_path_lto -Xlinker /Users/pauloricha/Library/Developer/Xcode/DerivedData/iosApp-cynwljdxdnoqyxhdtywpdbpkuabz/Build/Intermediates.noindex/Pods.build/Debug-iphonesimulator/leveldb-library.build/Objects-normal/arm64/leveldb_lto.o -rdynamic -Xlinker -no_deduplicate -Xlinker -objc_abi_version -Xlinker 2 -Xlinker -dependency_info -Xlinker /Users/pauloricha/Library/Developer/Xcode/DerivedData/iosApp-cynwljdxdnoqyxhdtywpdbpkuabz/Build/Intermediates.noindex/Pods.build/Debug-iphonesimulator/leveldb-library.build/Objects-normal/arm64/leveldb_dependency_info.dat -stdlib\=libc++ -fobjc-arc -fobjc-link-runtime -lc++ -framework Foundation -Xlinker -no_adhoc_codesign -compatibility_version 1 -current_version 1 -o /Users/pauloricha/Library/Developer/Xcode/DerivedData/iosApp-cynwljdxdnoqyxhdtywpdbpkuabz/Build/Products/Debug-iphonesimulator/leveldb-library/leveldb.framework/leveldb
/Users/pauloricha/StudioProjects/BolaoDaGalera/iosApp/Pods/Pods.xcodeproj: leveldb-library: ld: warning: ignoring duplicate libraries: '-lc++'

WriteAuxiliaryFile /Users/pauloricha/Library/Developer/Xcode/DerivedData/iosApp-cynwljdxdnoqyxhdtywpdbpkuabz/Build/Intermediates.noindex/iosApp.build/Debug-iphonesimulator/iosApp.build/InputFileList-DA42EB0A85B49B673F8D3887-Pods-iosApp-resources-Debug-input-files-14ca3e5c98a47e1697e28b120d07d29c-resolved.xcfilelist (in target 'iosApp' from project 'iosApp')
    cd /Users/pauloricha/StudioProjects/BolaoDaGalera/iosApp
    write-file /Users/pauloricha/Library/Developer/Xcode/DerivedData/iosApp-cynwljdxdnoqyxhdtywpdbpkuabz/Build/Intermediates.noindex/iosApp.build/Debug-iphonesimulator/iosApp.build/InputFileList-DA42EB0A85B49B673F8D3887-Pods-iosApp-resources-Debug-input-files-14ca3e5c98a47e1697e28b120d07d29c-resolved.xcfilelist

Ld /Users/pauloricha/Library/Developer/Xcode/DerivedData/iosApp-cynwljdxdnoqyxhdtywpdbpkuabz/Build/Products/Debug-iphonesimulator/GTMSessionFetcher/GTMSessionFetcher.framework/GTMSessionFetcher normal (in target 'GTMSessionFetcher' from project 'Pods')
    cd /Users/pauloricha/StudioProjects/BolaoDaGalera/iosApp/Pods
    /Applications/Xcode.app/Contents/Developer/Toolchains/XcodeDefault.xctoolchain/usr/bin/clang -Xlinker -reproducible -target arm64-apple-ios16.0-simulator -dynamiclib -isysroot /Applications/Xcode.app/Contents/Developer/Platforms/iPhoneSimulator.platform/Developer/SDKs/iPhoneSimulator26.5.sdk -O0 -L/Users/pauloricha/Library/Developer/Xcode/DerivedData/iosApp-cynwljdxdnoqyxhdtywpdbpkuabz/Build/Intermediates.noindex/EagerLinkingTBDs/Debug-iphonesimulator -L/Users/pauloricha/Library/Developer/Xcode/DerivedData/iosApp-cynwljdxdnoqyxhdtywpdbpkuabz/Build/Products/Debug-iphonesimulator/GTMSessionFetcher -F/Users/pauloricha/Library/Developer/Xcode/DerivedData/iosApp-cynwljdxdnoqyxhdtywpdbpkuabz/Build/Intermediates.noindex/EagerLinkingTBDs/Debug-iphonesimulator -F/Users/pauloricha/Library/Developer/Xcode/DerivedData/iosApp-cynwljdxdnoqyxhdtywpdbpkuabz/Build/Products/Debug-iphonesimulator/GTMSessionFetcher -filelist /Users/pauloricha/Library/Developer/Xcode/DerivedData/iosApp-cynwljdxdnoqyxhdtywpdbpkuabz/Build/Intermediates.noindex/Pods.build/Debug-iphonesimulator/GTMSessionFetcher.build/Objects-normal/arm64/GTMSessionFetcher.LinkFileList -install_name @rpath/GTMSessionFetcher.framework/GTMSessionFetcher -Xlinker -rpath -Xlinker @executable_path/Frameworks -Xlinker -rpath -Xlinker @loader_path/Frameworks -Xlinker -dead_strip -Xlinker -object_path_lto -Xlinker /Users/pauloricha/Library/Developer/Xcode/DerivedData/iosApp-cynwljdxdnoqyxhdtywpdbpkuabz/Build/Intermediates.noindex/Pods.build/Debug-iphonesimulator/GTMSessionFetcher.build/Objects-normal/arm64/GTMSessionFetcher_lto.o -rdynamic -Xlinker -no_deduplicate -Xlinker -objc_abi_version -Xlinker 2 -Xlinker -dependency_info -Xlinker /Users/pauloricha/Library/Developer/Xcode/DerivedData/iosApp-cynwljdxdnoqyxhdtywpdbpkuabz/Build/Intermediates.noindex/Pods.build/Debug-iphonesimulator/GTMSessionFetcher.build/Objects-normal/arm64/GTMSessionFetcher_dependency_info.dat -fobjc-arc -fobjc-link-runtime -framework Security -framework Foundation -framework Security -Xlinker -no_adhoc_codesign -compatibility_version 1 -current_version 1 -o /Users/pauloricha/Library/Developer/Xcode/DerivedData/iosApp-cynwljdxdnoqyxhdtywpdbpkuabz/Build/Products/Debug-iphonesimulator/GTMSessionFetcher/GTMSessionFetcher.framework/GTMSessionFetcher

Ld /Users/pauloricha/Library/Developer/Xcode/DerivedData/iosApp-cynwljdxdnoqyxhdtywpdbpkuabz/Build/Products/Debug-iphonesimulator/FirebaseCoreExtension/FirebaseCoreExtension.framework/FirebaseCoreExtension normal (in target 'FirebaseCoreExtension' from project 'Pods')
    cd /Users/pauloricha/StudioProjects/BolaoDaGalera/iosApp/Pods
    /Applications/Xcode.app/Contents/Developer/Toolchains/XcodeDefault.xctoolchain/usr/bin/clang -Xlinker -reproducible -target arm64-apple-ios16.0-simulator -dynamiclib -isysroot /Applications/Xcode.app/Contents/Developer/Platforms/iPhoneSimulator.platform/Developer/SDKs/iPhoneSimulator26.5.sdk -O0 -L/Users/pauloricha/Library/Developer/Xcode/DerivedData/iosApp-cynwljdxdnoqyxhdtywpdbpkuabz/Build/Intermediates.noindex/EagerLinkingTBDs/Debug-iphonesimulator -L/Users/pauloricha/Library/Developer/Xcode/DerivedData/iosApp-cynwljdxdnoqyxhdtywpdbpkuabz/Build/Products/Debug-iphonesimulator/FirebaseCoreExtension -F/Users/pauloricha/Library/Developer/Xcode/DerivedData/iosApp-cynwljdxdnoqyxhdtywpdbpkuabz/Build/Intermediates.noindex/EagerLinkingTBDs/Debug-iphonesimulator -F/Users/pauloricha/Library/Developer/Xcode/DerivedData/iosApp-cynwljdxdnoqyxhdtywpdbpkuabz/Build/Products/Debug-iphonesimulator/FirebaseCoreExtension -F/Users/pauloricha/Library/Developer/Xcode/DerivedData/iosApp-cynwljdxdnoqyxhdtywpdbpkuabz/Build/Products/Debug-iphonesimulator/FirebaseCore -F/Users/pauloricha/Library/Developer/Xcode/DerivedData/iosApp-cynwljdxdnoqyxhdtywpdbpkuabz/Build/Products/Debug-iphonesimulator/FirebaseCoreInternal -F/Users/pauloricha/Library/Developer/Xcode/DerivedData/iosApp-cynwljdxdnoqyxhdtywpdbpkuabz/Build/Products/Debug-iphonesimulator/GoogleUtilities -filelist /Users/pauloricha/Library/Developer/Xcode/DerivedData/iosApp-cynwljdxdnoqyxhdtywpdbpkuabz/Build/Intermediates.noindex/Pods.build/Debug-iphonesimulator/FirebaseCoreExtension.build/Objects-normal/arm64/FirebaseCoreExtension.LinkFileList -install_name @rpath/FirebaseCoreExtension.framework/FirebaseCoreExtension -Xlinker -rpath -Xlinker @executable_path/Frameworks -Xlinker -rpath -Xlinker @loader_path/Frameworks -Xlinker -dead_strip -Xlinker -object_path_lto -Xlinker /Users/pauloricha/Library/Developer/Xcode/DerivedData/iosApp-cynwljdxdnoqyxhdtywpdbpkuabz/Build/Intermediates.noindex/Pods.build/Debug-iphonesimulator/FirebaseCoreExtension.build/Objects-normal/arm64/FirebaseCoreExtension_lto.o -rdynamic -Xlinker -no_deduplicate -Xlinker -objc_abi_version -Xlinker 2 -Xlinker -dependency_info -Xlinker /Users/pauloricha/Library/Developer/Xcode/DerivedData/iosApp-cynwljdxdnoqyxhdtywpdbpkuabz/Build/Intermediates.noindex/Pods.build/Debug-iphonesimulator/FirebaseCoreExtension.build/Objects-normal/arm64/FirebaseCoreExtension_dependency_info.dat -fobjc-arc -fobjc-link-runtime -framework FirebaseCore -framework Foundation -framework UIKit -framework Foundation -Xlinker -no_adhoc_codesign -compatibility_version 1 -current_version 1 -o /Users/pauloricha/Library/Developer/Xcode/DerivedData/iosApp-cynwljdxdnoqyxhdtywpdbpkuabz/Build/Products/Debug-iphonesimulator/FirebaseCoreExtension/FirebaseCoreExtension.framework/FirebaseCoreExtension

ProcessInfoPlistFile /Users/pauloricha/Library/Developer/Xcode/DerivedData/iosApp-cynwljdxdnoqyxhdtywpdbpkuabz/Build/Products/Debug-iphonesimulator/nanopb/nanopb.framework/Info.plist /Users/pauloricha/StudioProjects/BolaoDaGalera/iosApp/Pods/Target\ Support\ Files/nanopb/nanopb-Info.plist (in target 'nanopb' from project 'Pods')
    cd /Users/pauloricha/StudioProjects/BolaoDaGalera/iosApp/Pods
    builtin-infoPlistUtility /Users/pauloricha/StudioProjects/BolaoDaGalera/iosApp/Pods/Target\ Support\ Files/nanopb/nanopb-Info.plist -producttype com.apple.product-type.framework -expandbuildsettings -format binary -platform iphonesimulator -o /Users/pauloricha/Library/Developer/Xcode/DerivedData/iosApp-cynwljdxdnoqyxhdtywpdbpkuabz/Build/Products/Debug-iphonesimulator/nanopb/nanopb.framework/Info.plist

Ld /Users/pauloricha/Library/Developer/Xcode/DerivedData/iosApp-cynwljdxdnoqyxhdtywpdbpkuabz/Build/Products/Debug-iphonesimulator/BoringSSL-GRPC/openssl_grpc.framework/openssl_grpc normal (in target 'BoringSSL-GRPC' from project 'Pods')
    cd /Users/pauloricha/StudioProjects/BolaoDaGalera/iosApp/Pods
    /Applications/Xcode.app/Contents/Developer/Toolchains/XcodeDefault.xctoolchain/usr/bin/clang++ -Xlinker -reproducible -target arm64-apple-ios16.0-simulator -dynamiclib -isysroot /Applications/Xcode.app/Contents/Developer/Platforms/iPhoneSimulator.platform/Developer/SDKs/iPhoneSimulator26.5.sdk -O0 -L/Users/pauloricha/Library/Developer/Xcode/DerivedData/iosApp-cynwljdxdnoqyxhdtywpdbpkuabz/Build/Intermediates.noindex/EagerLinkingTBDs/Debug-iphonesimulator -L/Users/pauloricha/Library/Developer/Xcode/DerivedData/iosApp-cynwljdxdnoqyxhdtywpdbpkuabz/Build/Products/Debug-iphonesimulator/BoringSSL-GRPC -F/Users/pauloricha/Library/Developer/Xcode/DerivedData/iosApp-cynwljdxdnoqyxhdtywpdbpkuabz/Build/Intermediates.noindex/EagerLinkingTBDs/Debug-iphonesimulator -F/Users/pauloricha/Library/Developer/Xcode/DerivedData/iosApp-cynwljdxdnoqyxhdtywpdbpkuabz/Build/Products/Debug-iphonesimulator/BoringSSL-GRPC -filelist /Users/pauloricha/Library/Developer/Xcode/DerivedData/iosApp-cynwljdxdnoqyxhdtywpdbpkuabz/Build/Intermediates.noindex/Pods.build/Debug-iphonesimulator/BoringSSL-GRPC.build/Objects-normal/arm64/openssl_grpc.LinkFileList -install_name @rpath/openssl_grpc.framework/openssl_grpc -Xlinker -rpath -Xlinker @executable_path/Frameworks -Xlinker -rpath -Xlinker @loader_path/Frameworks -Xlinker -dead_strip -Xlinker -object_path_lto -Xlinker /Users/pauloricha/Library/Developer/Xcode/DerivedData/iosApp-cynwljdxdnoqyxhdtywpdbpkuabz/Build/Intermediates.noindex/Pods.build/Debug-iphonesimulator/BoringSSL-GRPC.build/Objects-normal/arm64/openssl_grpc_lto.o -rdynamic -Xlinker -no_deduplicate -Xlinker -objc_abi_version -Xlinker 2 -Xlinker -dependency_info -Xlinker /Users/pauloricha/Library/Developer/Xcode/DerivedData/iosApp-cynwljdxdnoqyxhdtywpdbpkuabz/Build/Intermediates.noindex/Pods.build/Debug-iphonesimulator/BoringSSL-GRPC.build/Objects-normal/arm64/openssl_grpc_dependency_info.dat -stdlib\=libc++ -fobjc-arc -fobjc-link-runtime -framework Foundation -Xlinker -no_adhoc_codesign -compatibility_version 1 -current_version 1 -o /Users/pauloricha/Library/Developer/Xcode/DerivedData/iosApp-cynwljdxdnoqyxhdtywpdbpkuabz/Build/Products/Debug-iphonesimulator/BoringSSL-GRPC/openssl_grpc.framework/openssl_grpc

ProcessInfoPlistFile /Users/pauloricha/Library/Developer/Xcode/DerivedData/iosApp-cynwljdxdnoqyxhdtywpdbpkuabz/Build/Products/Debug-iphonesimulator/leveldb-library/leveldb.framework/Info.plist /Users/pauloricha/StudioProjects/BolaoDaGalera/iosApp/Pods/Target\ Support\ Files/leveldb-library/leveldb-library-Info.plist (in target 'leveldb-library' from project 'Pods')
    cd /Users/pauloricha/StudioProjects/BolaoDaGalera/iosApp/Pods
    builtin-infoPlistUtility /Users/pauloricha/StudioProjects/BolaoDaGalera/iosApp/Pods/Target\ Support\ Files/leveldb-library/leveldb-library-Info.plist -producttype com.apple.product-type.framework -expandbuildsettings -format binary -platform iphonesimulator -o /Users/pauloricha/Library/Developer/Xcode/DerivedData/iosApp-cynwljdxdnoqyxhdtywpdbpkuabz/Build/Products/Debug-iphonesimulator/leveldb-library/leveldb.framework/Info.plist

ProcessInfoPlistFile /Users/pauloricha/Library/Developer/Xcode/DerivedData/iosApp-cynwljdxdnoqyxhdtywpdbpkuabz/Build/Products/Debug-iphonesimulator/GTMSessionFetcher/GTMSessionFetcher.framework/Info.plist /Users/pauloricha/StudioProjects/BolaoDaGalera/iosApp/Pods/Target\ Support\ Files/GTMSessionFetcher/GTMSessionFetcher-Info.plist (in target 'GTMSessionFetcher' from project 'Pods')
    cd /Users/pauloricha/StudioProjects/BolaoDaGalera/iosApp/Pods
    builtin-infoPlistUtility /Users/pauloricha/StudioProjects/BolaoDaGalera/iosApp/Pods/Target\ Support\ Files/GTMSessionFetcher/GTMSessionFetcher-Info.plist -producttype com.apple.product-type.framework -expandbuildsettings -format binary -platform iphonesimulator -o /Users/pauloricha/Library/Developer/Xcode/DerivedData/iosApp-cynwljdxdnoqyxhdtywpdbpkuabz/Build/Products/Debug-iphonesimulator/GTMSessionFetcher/GTMSessionFetcher.framework/Info.plist

CodeSign /Users/pauloricha/Library/Developer/Xcode/DerivedData/iosApp-cynwljdxdnoqyxhdtywpdbpkuabz/Build/Products/Debug-iphonesimulator/FirebaseRemoteConfig/FirebaseRemoteConfig.framework (in target 'FirebaseRemoteConfig' from project 'Pods')
    cd /Users/pauloricha/StudioProjects/BolaoDaGalera/iosApp/Pods
    
    Signing Identity:     "Sign to Run Locally"
    
    /usr/bin/codesign --force --sign - --timestamp\=none --generate-entitlement-der /Users/pauloricha/Library/Developer/Xcode/DerivedData/iosApp-cynwljdxdnoqyxhdtywpdbpkuabz/Build/Products/Debug-iphonesimulator/FirebaseRemoteConfig/FirebaseRemoteConfig.framework

ProcessInfoPlistFile /Users/pauloricha/Library/Developer/Xcode/DerivedData/iosApp-cynwljdxdnoqyxhdtywpdbpkuabz/Build/Products/Debug-iphonesimulator/FirebaseCoreExtension/FirebaseCoreExtension.framework/Info.plist /Users/pauloricha/StudioProjects/BolaoDaGalera/iosApp/Pods/Target\ Support\ Files/FirebaseCoreExtension/FirebaseCoreExtension-Info.plist (in target 'FirebaseCoreExtension' from project 'Pods')
    cd /Users/pauloricha/StudioProjects/BolaoDaGalera/iosApp/Pods
    builtin-infoPlistUtility /Users/pauloricha/StudioProjects/BolaoDaGalera/iosApp/Pods/Target\ Support\ Files/FirebaseCoreExtension/FirebaseCoreExtension-Info.plist -producttype com.apple.product-type.framework -expandbuildsettings -format binary -platform iphonesimulator -o /Users/pauloricha/Library/Developer/Xcode/DerivedData/iosApp-cynwljdxdnoqyxhdtywpdbpkuabz/Build/Products/Debug-iphonesimulator/FirebaseCoreExtension/FirebaseCoreExtension.framework/Info.plist

ProcessInfoPlistFile /Users/pauloricha/Library/Developer/Xcode/DerivedData/iosApp-cynwljdxdnoqyxhdtywpdbpkuabz/Build/Products/Debug-iphonesimulator/BoringSSL-GRPC/openssl_grpc.framework/Info.plist /Users/pauloricha/StudioProjects/BolaoDaGalera/iosApp/Pods/Target\ Support\ Files/BoringSSL-GRPC/BoringSSL-GRPC-Info.plist (in target 'BoringSSL-GRPC' from project 'Pods')
    cd /Users/pauloricha/StudioProjects/BolaoDaGalera/iosApp/Pods
    builtin-infoPlistUtility /Users/pauloricha/StudioProjects/BolaoDaGalera/iosApp/Pods/Target\ Support\ Files/BoringSSL-GRPC/BoringSSL-GRPC-Info.plist -producttype com.apple.product-type.framework -expandbuildsettings -format binary -platform iphonesimulator -o /Users/pauloricha/Library/Developer/Xcode/DerivedData/iosApp-cynwljdxdnoqyxhdtywpdbpkuabz/Build/Products/Debug-iphonesimulator/BoringSSL-GRPC/openssl_grpc.framework/Info.plist

WriteAuxiliaryFile /Users/pauloricha/Library/Developer/Xcode/DerivedData/iosApp-cynwljdxdnoqyxhdtywpdbpkuabz/Build/Intermediates.noindex/Pods.build/Debug-iphonesimulator/gRPC-Core.build/Script-26344E91DB228D8E34F11F6F1FE35DA9.sh (in target 'gRPC-Core' from project 'Pods')
    cd /Users/pauloricha/StudioProjects/BolaoDaGalera/iosApp/Pods
    write-file /Users/pauloricha/Library/Developer/Xcode/DerivedData/iosApp-cynwljdxdnoqyxhdtywpdbpkuabz/Build/Intermediates.noindex/Pods.build/Debug-iphonesimulator/gRPC-Core.build/Script-26344E91DB228D8E34F11F6F1FE35DA9.sh

WriteAuxiliaryFile /Users/pauloricha/Library/Developer/Xcode/DerivedData/iosApp-cynwljdxdnoqyxhdtywpdbpkuabz/Build/Intermediates.noindex/Pods.build/Debug-iphonesimulator/gRPC-C++.build/Script-366AE0263C15C934A26DF4F186E4819A.sh (in target 'gRPC-C++' from project 'Pods')
    cd /Users/pauloricha/StudioProjects/BolaoDaGalera/iosApp/Pods
    write-file /Users/pauloricha/Library/Developer/Xcode/DerivedData/iosApp-cynwljdxdnoqyxhdtywpdbpkuabz/Build/Intermediates.noindex/Pods.build/Debug-iphonesimulator/gRPC-C++.build/Script-366AE0263C15C934A26DF4F186E4819A.sh

WriteAuxiliaryFile /Users/pauloricha/Library/Developer/Xcode/DerivedData/iosApp-cynwljdxdnoqyxhdtywpdbpkuabz/Build/Intermediates.noindex/Pods.build/Debug-iphonesimulator/abseil.build/Script-A8323C070D2757BE86A33CD6959CE697.sh (in target 'abseil' from project 'Pods')
    cd /Users/pauloricha/StudioProjects/BolaoDaGalera/iosApp/Pods
    write-file /Users/pauloricha/Library/Developer/Xcode/DerivedData/iosApp-cynwljdxdnoqyxhdtywpdbpkuabz/Build/Intermediates.noindex/Pods.build/Debug-iphonesimulator/abseil.build/Script-A8323C070D2757BE86A33CD6959CE697.sh

ProcessInfoPlistFile /Users/pauloricha/Library/Developer/Xcode/DerivedData/iosApp-cynwljdxdnoqyxhdtywpdbpkuabz/Build/Products/Debug-iphonesimulator/abseil/absl.framework/Info.plist /Users/pauloricha/StudioProjects/BolaoDaGalera/iosApp/Pods/Target\ Support\ Files/abseil/abseil-Info.plist (in target 'abseil' from project 'Pods')
    cd /Users/pauloricha/StudioProjects/BolaoDaGalera/iosApp/Pods
    builtin-infoPlistUtility /Users/pauloricha/StudioProjects/BolaoDaGalera/iosApp/Pods/Target\ Support\ Files/abseil/abseil-Info.plist -producttype com.apple.product-type.framework -expandbuildsettings -format binary -platform iphonesimulator -o /Users/pauloricha/Library/Developer/Xcode/DerivedData/iosApp-cynwljdxdnoqyxhdtywpdbpkuabz/Build/Products/Debug-iphonesimulator/abseil/absl.framework/Info.plist

Ld /Users/pauloricha/Library/Developer/Xcode/DerivedData/iosApp-cynwljdxdnoqyxhdtywpdbpkuabz/Build/Products/Debug-iphonesimulator/abseil/absl.framework/absl normal (in target 'abseil' from project 'Pods')
    cd /Users/pauloricha/StudioProjects/BolaoDaGalera/iosApp/Pods
    /Applications/Xcode.app/Contents/Developer/Toolchains/XcodeDefault.xctoolchain/usr/bin/clang++ -Xlinker -reproducible -target arm64-apple-ios16.0-simulator -dynamiclib -isysroot /Applications/Xcode.app/Contents/Developer/Platforms/iPhoneSimulator.platform/Developer/SDKs/iPhoneSimulator26.5.sdk -O0 -L/Users/pauloricha/Library/Developer/Xcode/DerivedData/iosApp-cynwljdxdnoqyxhdtywpdbpkuabz/Build/Intermediates.noindex/EagerLinkingTBDs/Debug-iphonesimulator -L/Users/pauloricha/Library/Developer/Xcode/DerivedData/iosApp-cynwljdxdnoqyxhdtywpdbpkuabz/Build/Products/Debug-iphonesimulator/abseil -F/Users/pauloricha/Library/Developer/Xcode/DerivedData/iosApp-cynwljdxdnoqyxhdtywpdbpkuabz/Build/Intermediates.noindex/EagerLinkingTBDs/Debug-iphonesimulator -F/Users/pauloricha/Library/Developer/Xcode/DerivedData/iosApp-cynwljdxdnoqyxhdtywpdbpkuabz/Build/Products/Debug-iphonesimulator/abseil -filelist /Users/pauloricha/Library/Developer/Xcode/DerivedData/iosApp-cynwljdxdnoqyxhdtywpdbpkuabz/Build/Intermediates.noindex/Pods.build/Debug-iphonesimulator/abseil.build/Objects-normal/arm64/absl.LinkFileList -install_name @rpath/absl.framework/absl -Xlinker -rpath -Xlinker @executable_path/Frameworks -Xlinker -rpath -Xlinker @loader_path/Frameworks -Xlinker -dead_strip -Xlinker -object_path_lto -Xlinker /Users/pauloricha/Library/Developer/Xcode/DerivedData/iosApp-cynwljdxdnoqyxhdtywpdbpkuabz/Build/Intermediates.noindex/Pods.build/Debug-iphonesimulator/abseil.build/Objects-normal/arm64/absl_lto.o -rdynamic -Xlinker -no_deduplicate -Xlinker -objc_abi_version -Xlinker 2 -Xlinker -dependency_info -Xlinker /Users/pauloricha/Library/Developer/Xcode/DerivedData/iosApp-cynwljdxdnoqyxhdtywpdbpkuabz/Build/Intermediates.noindex/Pods.build/Debug-iphonesimulator/abseil.build/Objects-normal/arm64/absl_dependency_info.dat -stdlib\=libc++ -fobjc-arc -fobjc-link-runtime -lc++ -framework Foundation -Xlinker -no_adhoc_codesign -compatibility_version 1 -current_version 1 -o /Users/pauloricha/Library/Developer/Xcode/DerivedData/iosApp-cynwljdxdnoqyxhdtywpdbpkuabz/Build/Products/Debug-iphonesimulator/abseil/absl.framework/absl
/Users/pauloricha/StudioProjects/BolaoDaGalera/iosApp/Pods/Pods.xcodeproj: abseil: ld: warning: ignoring duplicate libraries: '-lc++'

GenerateTAPI /Users/pauloricha/Library/Developer/Xcode/DerivedData/iosApp-cynwljdxdnoqyxhdtywpdbpkuabz/Build/Intermediates.noindex/EagerLinkingTBDs/Debug-iphonesimulator/RecaptchaInterop.framework/RecaptchaInterop.tbd (in target 'RecaptchaInterop' from project 'Pods')
    cd /Users/pauloricha/StudioProjects/BolaoDaGalera/iosApp/Pods
    /Applications/Xcode.app/Contents/Developer/Toolchains/XcodeDefault.xctoolchain/usr/bin/tapi stubify -isysroot /Applications/Xcode.app/Contents/Developer/Platforms/iPhoneSimulator.platform/Developer/SDKs/iPhoneSimulator26.5.sdk -F/Users/pauloricha/Library/Developer/Xcode/DerivedData/iosApp-cynwljdxdnoqyxhdtywpdbpkuabz/Build/Products/Debug-iphonesimulator/RecaptchaInterop -L/Users/pauloricha/Library/Developer/Xcode/DerivedData/iosApp-cynwljdxdnoqyxhdtywpdbpkuabz/Build/Products/Debug-iphonesimulator/RecaptchaInterop /Users/pauloricha/Library/Developer/Xcode/DerivedData/iosApp-cynwljdxdnoqyxhdtywpdbpkuabz/Build/Products/Debug-iphonesimulator/RecaptchaInterop/RecaptchaInterop.framework/RecaptchaInterop -o /Users/pauloricha/Library/Developer/Xcode/DerivedData/iosApp-cynwljdxdnoqyxhdtywpdbpkuabz/Build/Intermediates.noindex/EagerLinkingTBDs/Debug-iphonesimulator/RecaptchaInterop.framework/RecaptchaInterop.tbd

GenerateTAPI /Users/pauloricha/Library/Developer/Xcode/DerivedData/iosApp-cynwljdxdnoqyxhdtywpdbpkuabz/Build/Intermediates.noindex/EagerLinkingTBDs/Debug-iphonesimulator/FirebaseAuthInterop.framework/FirebaseAuthInterop.tbd (in target 'FirebaseAuthInterop' from project 'Pods')
    cd /Users/pauloricha/StudioProjects/BolaoDaGalera/iosApp/Pods
    /Applications/Xcode.app/Contents/Developer/Toolchains/XcodeDefault.xctoolchain/usr/bin/tapi stubify -isysroot /Applications/Xcode.app/Contents/Developer/Platforms/iPhoneSimulator.platform/Developer/SDKs/iPhoneSimulator26.5.sdk -F/Users/pauloricha/Library/Developer/Xcode/DerivedData/iosApp-cynwljdxdnoqyxhdtywpdbpkuabz/Build/Products/Debug-iphonesimulator/FirebaseAuthInterop -L/Users/pauloricha/Library/Developer/Xcode/DerivedData/iosApp-cynwljdxdnoqyxhdtywpdbpkuabz/Build/Products/Debug-iphonesimulator/FirebaseAuthInterop /Users/pauloricha/Library/Developer/Xcode/DerivedData/iosApp-cynwljdxdnoqyxhdtywpdbpkuabz/Build/Products/Debug-iphonesimulator/FirebaseAuthInterop/FirebaseAuthInterop.framework/FirebaseAuthInterop -o /Users/pauloricha/Library/Developer/Xcode/DerivedData/iosApp-cynwljdxdnoqyxhdtywpdbpkuabz/Build/Intermediates.noindex/EagerLinkingTBDs/Debug-iphonesimulator/FirebaseAuthInterop.framework/FirebaseAuthInterop.tbd

GenerateTAPI /Users/pauloricha/Library/Developer/Xcode/DerivedData/iosApp-cynwljdxdnoqyxhdtywpdbpkuabz/Build/Intermediates.noindex/EagerLinkingTBDs/Debug-iphonesimulator/FirebaseAppCheckInterop.framework/FirebaseAppCheckInterop.tbd (in target 'FirebaseAppCheckInterop' from project 'Pods')
    cd /Users/pauloricha/StudioProjects/BolaoDaGalera/iosApp/Pods
    /Applications/Xcode.app/Contents/Developer/Toolchains/XcodeDefault.xctoolchain/usr/bin/tapi stubify -isysroot /Applications/Xcode.app/Contents/Developer/Platforms/iPhoneSimulator.platform/Developer/SDKs/iPhoneSimulator26.5.sdk -F/Users/pauloricha/Library/Developer/Xcode/DerivedData/iosApp-cynwljdxdnoqyxhdtywpdbpkuabz/Build/Products/Debug-iphonesimulator/FirebaseAppCheckInterop -L/Users/pauloricha/Library/Developer/Xcode/DerivedData/iosApp-cynwljdxdnoqyxhdtywpdbpkuabz/Build/Products/Debug-iphonesimulator/FirebaseAppCheckInterop /Users/pauloricha/Library/Developer/Xcode/DerivedData/iosApp-cynwljdxdnoqyxhdtywpdbpkuabz/Build/Products/Debug-iphonesimulator/FirebaseAppCheckInterop/FirebaseAppCheckInterop.framework/FirebaseAppCheckInterop -o /Users/pauloricha/Library/Developer/Xcode/DerivedData/iosApp-cynwljdxdnoqyxhdtywpdbpkuabz/Build/Intermediates.noindex/EagerLinkingTBDs/Debug-iphonesimulator/FirebaseAppCheckInterop.framework/FirebaseAppCheckInterop.tbd

GenerateTAPI /Users/pauloricha/Library/Developer/Xcode/DerivedData/iosApp-cynwljdxdnoqyxhdtywpdbpkuabz/Build/Intermediates.noindex/EagerLinkingTBDs/Debug-iphonesimulator/nanopb.framework/nanopb.tbd (in target 'nanopb' from project 'Pods')
    cd /Users/pauloricha/StudioProjects/BolaoDaGalera/iosApp/Pods
    /Applications/Xcode.app/Contents/Developer/Toolchains/XcodeDefault.xctoolchain/usr/bin/tapi stubify -isysroot /Applications/Xcode.app/Contents/Developer/Platforms/iPhoneSimulator.platform/Developer/SDKs/iPhoneSimulator26.5.sdk -F/Users/pauloricha/Library/Developer/Xcode/DerivedData/iosApp-cynwljdxdnoqyxhdtywpdbpkuabz/Build/Products/Debug-iphonesimulator/nanopb -L/Users/pauloricha/Library/Developer/Xcode/DerivedData/iosApp-cynwljdxdnoqyxhdtywpdbpkuabz/Build/Products/Debug-iphonesimulator/nanopb /Users/pauloricha/Library/Developer/Xcode/DerivedData/iosApp-cynwljdxdnoqyxhdtywpdbpkuabz/Build/Products/Debug-iphonesimulator/nanopb/nanopb.framework/nanopb -o /Users/pauloricha/Library/Developer/Xcode/DerivedData/iosApp-cynwljdxdnoqyxhdtywpdbpkuabz/Build/Intermediates.noindex/EagerLinkingTBDs/Debug-iphonesimulator/nanopb.framework/nanopb.tbd

GenerateTAPI /Users/pauloricha/Library/Developer/Xcode/DerivedData/iosApp-cynwljdxdnoqyxhdtywpdbpkuabz/Build/Intermediates.noindex/EagerLinkingTBDs/Debug-iphonesimulator/FirebaseCoreExtension.framework/FirebaseCoreExtension.tbd (in target 'FirebaseCoreExtension' from project 'Pods')
    cd /Users/pauloricha/StudioProjects/BolaoDaGalera/iosApp/Pods
    /Applications/Xcode.app/Contents/Developer/Toolchains/XcodeDefault.xctoolchain/usr/bin/tapi stubify -isysroot /Applications/Xcode.app/Contents/Developer/Platforms/iPhoneSimulator.platform/Developer/SDKs/iPhoneSimulator26.5.sdk -F/Users/pauloricha/Library/Developer/Xcode/DerivedData/iosApp-cynwljdxdnoqyxhdtywpdbpkuabz/Build/Products/Debug-iphonesimulator/FirebaseCoreExtension -F/Users/pauloricha/Library/Developer/Xcode/DerivedData/iosApp-cynwljdxdnoqyxhdtywpdbpkuabz/Build/Products/Debug-iphonesimulator/FirebaseCore -F/Users/pauloricha/Library/Developer/Xcode/DerivedData/iosApp-cynwljdxdnoqyxhdtywpdbpkuabz/Build/Products/Debug-iphonesimulator/FirebaseCoreInternal -F/Users/pauloricha/Library/Developer/Xcode/DerivedData/iosApp-cynwljdxdnoqyxhdtywpdbpkuabz/Build/Products/Debug-iphonesimulator/GoogleUtilities -L/Users/pauloricha/Library/Developer/Xcode/DerivedData/iosApp-cynwljdxdnoqyxhdtywpdbpkuabz/Build/Products/Debug-iphonesimulator/FirebaseCoreExtension /Users/pauloricha/Library/Developer/Xcode/DerivedData/iosApp-cynwljdxdnoqyxhdtywpdbpkuabz/Build/Products/Debug-iphonesimulator/FirebaseCoreExtension/FirebaseCoreExtension.framework/FirebaseCoreExtension -o /Users/pauloricha/Library/Developer/Xcode/DerivedData/iosApp-cynwljdxdnoqyxhdtywpdbpkuabz/Build/Intermediates.noindex/EagerLinkingTBDs/Debug-iphonesimulator/FirebaseCoreExtension.framework/FirebaseCoreExtension.tbd

GenerateTAPI /Users/pauloricha/Library/Developer/Xcode/DerivedData/iosApp-cynwljdxdnoqyxhdtywpdbpkuabz/Build/Intermediates.noindex/EagerLinkingTBDs/Debug-iphonesimulator/GTMSessionFetcher.framework/GTMSessionFetcher.tbd (in target 'GTMSessionFetcher' from project 'Pods')
    cd /Users/pauloricha/StudioProjects/BolaoDaGalera/iosApp/Pods
    /Applications/Xcode.app/Contents/Developer/Toolchains/XcodeDefault.xctoolchain/usr/bin/tapi stubify -isysroot /Applications/Xcode.app/Contents/Developer/Platforms/iPhoneSimulator.platform/Developer/SDKs/iPhoneSimulator26.5.sdk -F/Users/pauloricha/Library/Developer/Xcode/DerivedData/iosApp-cynwljdxdnoqyxhdtywpdbpkuabz/Build/Products/Debug-iphonesimulator/GTMSessionFetcher -L/Users/pauloricha/Library/Developer/Xcode/DerivedData/iosApp-cynwljdxdnoqyxhdtywpdbpkuabz/Build/Products/Debug-iphonesimulator/GTMSessionFetcher /Users/pauloricha/Library/Developer/Xcode/DerivedData/iosApp-cynwljdxdnoqyxhdtywpdbpkuabz/Build/Products/Debug-iphonesimulator/GTMSessionFetcher/GTMSessionFetcher.framework/GTMSessionFetcher -o /Users/pauloricha/Library/Developer/Xcode/DerivedData/iosApp-cynwljdxdnoqyxhdtywpdbpkuabz/Build/Intermediates.noindex/EagerLinkingTBDs/Debug-iphonesimulator/GTMSessionFetcher.framework/GTMSessionFetcher.tbd

PhaseScriptExecution Create\ Symlinks\ to\ Header\ Folders /Users/pauloricha/Library/Developer/Xcode/DerivedData/iosApp-cynwljdxdnoqyxhdtywpdbpkuabz/Build/Intermediates.noindex/Pods.build/Debug-iphonesimulator/BoringSSL-GRPC.build/Script-0BB99DAD485A532CF6FEE8171D04681F.sh (in target 'BoringSSL-GRPC' from project 'Pods')
    cd /Users/pauloricha/StudioProjects/BolaoDaGalera/iosApp/Pods
    export ACTION\=build
    export AD_HOC_CODE_SIGNING_ALLOWED\=YES
    export ALLOW_BUILD_REQUEST_OVERRIDES\=NO
    export ALLOW_TARGET_PLATFORM_SPECIALIZATION\=NO
    export ALTERNATE_GROUP\=staff
    export ALTERNATE_MODE\=u+w,go-w,a+rX
    export ALTERNATE_OWNER\=pauloricha
    export ALTERNATIVE_DISTRIBUTION_WEB\=NO
    export ALWAYS_EMBED_SWIFT_STANDARD_LIBRARIES\=NO
    export ALWAYS_SEARCH_USER_PATHS\=NO
    export ALWAYS_USE_SEPARATE_HEADERMAPS\=NO
    export APPLICATION_EXTENSION_API_ONLY\=NO
    export APPLY_RULES_IN_COPY_FILES\=NO
    export APPLY_RULES_IN_COPY_HEADERS\=NO
    export APP_SHORTCUTS_ENABLE_FLEXIBLE_MATCHING\=YES
    export ARCHS\=arm64
    export ARCHS_BASE\=arm64
    export ARCHS_STANDARD\=arm64\ x86_64
    export ARCHS_STANDARD_32_64_BIT\=arm64\ x86_64
    export ARCHS_STANDARD_64_BIT\=arm64\ x86_64
    export ARCHS_STANDARD_INCLUDING_64_BIT\=arm64\ x86_64
    export ARCHS_UNIVERSAL_IPHONE_OS\=arm64\ x86_64
    export ASSETCATALOG_FILTER_FOR_DEVICE_MODEL\=iPhone18,1
    export ASSETCATALOG_FILTER_FOR_DEVICE_OS_VERSION\=26.5
    export ASSETCATALOG_FILTER_FOR_THINNING_DEVICE_CONFIGURATION\=iPhone18,1
    export AUTOMATICALLY_MERGE_DEPENDENCIES\=NO
    export AUTOMATION_APPLE_EVENTS\=NO
    export AVAILABLE_PLATFORMS\=android\ appletvos\ appletvsimulator\ driverkit\ freebsd\ iphoneos\ iphonesimulator\ linux\ macosx\ none\ openbsd\ qnx\ watchos\ watchsimulator\ webassembly\ xros\ xrsimulator
    export AppIdentifierPrefix\=FAKETEAMID.
    export BUILD_ACTIVE_RESOURCES_ONLY\=YES
    export BUILD_COMPONENTS\=headers\ build
    export BUILD_DIR\=/Users/pauloricha/Library/Developer/Xcode/DerivedData/iosApp-cynwljdxdnoqyxhdtywpdbpkuabz/Build/Products
    export BUILD_LIBRARY_FOR_DISTRIBUTION\=NO
    export BUILD_ONLY_KNOWN_LOCALIZATIONS\=NO
    export BUILD_ROOT\=/Users/pauloricha/Library/Developer/Xcode/DerivedData/iosApp-cynwljdxdnoqyxhdtywpdbpkuabz/Build/Products
    export BUILD_STYLE\=
    export BUILD_VARIANTS\=normal
    export BUILT_PRODUCTS_DIR\=/Users/pauloricha/Library/Developer/Xcode/DerivedData/iosApp-cynwljdxdnoqyxhdtywpdbpkuabz/Build/Products/Debug-iphonesimulator/BoringSSL-GRPC
    export BUNDLE_CONTENTS_FOLDER_PATH_deep\=Contents/
    export BUNDLE_EXECUTABLE_FOLDER_NAME_deep\=MacOS
    export BUNDLE_EXTENSIONS_FOLDER_PATH\=Extensions
    export BUNDLE_FORMAT\=shallow
    export BUNDLE_FRAMEWORKS_FOLDER_PATH\=Frameworks
    export BUNDLE_PLUGINS_FOLDER_PATH\=PlugIns
    export BUNDLE_PRIVATE_HEADERS_FOLDER_PATH\=PrivateHeaders
    export BUNDLE_PUBLIC_HEADERS_FOLDER_PATH\=Headers
    export CACHE_ROOT\=/var/folders/4r/3rcf_fc95ll948ycc5r4nl_r0000gn/C/com.apple.DeveloperTools/26.6-17F113/Xcode
    export CCHROOT\=/var/folders/4r/3rcf_fc95ll948ycc5r4nl_r0000gn/C/com.apple.DeveloperTools/26.6-17F113/Xcode
    export CHMOD\=/bin/chmod
    export CHOWN\=chown
    export CLANG_ANALYZER_LOCALIZABILITY_NONLOCALIZED\=YES
    export CLANG_ANALYZER_NONNULL\=YES
    export CLANG_ANALYZER_NUMBER_OBJECT_CONVERSION\=YES_AGGRESSIVE
    export CLANG_CACHE_FINE_GRAINED_OUTPUTS\=YES
    export CLANG_CXX_LANGUAGE_STANDARD\=gnu++14
    export CLANG_CXX_LIBRARY\=libc++
    export CLANG_ENABLE_EXPLICIT_MODULES\=YES
    export CLANG_ENABLE_MODULES\=YES
    export CLANG_ENABLE_OBJC_ARC\=YES
    export CLANG_ENABLE_OBJC_WEAK\=NO
    export CLANG_MODULES_BUILD_SESSION_FILE\=/Users/pauloricha/Library/Developer/Xcode/DerivedData/ModuleCache.noindex/Session.modulevalidation
    export CLANG_WARN_BLOCK_CAPTURE_AUTORELEASING\=YES
    export CLANG_WARN_BOOL_CONVERSION\=YES
    export CLANG_WARN_COMMA\=YES
    export CLANG_WARN_CONSTANT_CONVERSION\=YES
    export CLANG_WARN_DEPRECATED_OBJC_IMPLEMENTATIONS\=YES
    export CLANG_WARN_DIRECT_OBJC_ISA_USAGE\=YES_ERROR
    export CLANG_WARN_DOCUMENTATION_COMMENTS\=YES
    export CLANG_WARN_EMPTY_BODY\=YES
    export CLANG_WARN_ENUM_CONVERSION\=YES
    export CLANG_WARN_INFINITE_RECURSION\=YES
    export CLANG_WARN_INT_CONVERSION\=YES
    export CLANG_WARN_NON_LITERAL_NULL_CONVERSION\=YES
    export CLANG_WARN_OBJC_IMPLICIT_RETAIN_SELF\=YES
    export CLANG_WARN_OBJC_LITERAL_CONVERSION\=YES
    export CLANG_WARN_OBJC_ROOT_CLASS\=YES_ERROR
    export CLANG_WARN_QUOTED_INCLUDE_IN_FRAMEWORK_HEADER\=NO
    export CLANG_WARN_RANGE_LOOP_ANALYSIS\=YES
    export CLANG_WARN_STRICT_PROTOTYPES\=YES
    export CLANG_WARN_SUSPICIOUS_MOVE\=YES
    export CLANG_WARN_UNGUARDED_AVAILABILITY\=YES_AGGRESSIVE
    export CLANG_WARN_UNREACHABLE_CODE\=YES
    export CLANG_WARN__DUPLICATE_METHOD_MATCH\=YES
    export CLASS_FILE_DIR\=/Users/pauloricha/Library/Developer/Xcode/DerivedData/iosApp-cynwljdxdnoqyxhdtywpdbpkuabz/Build/Intermediates.noindex/Pods.build/Debug-iphonesimulator/BoringSSL-GRPC.build/JavaClasses
    export CLEAN_PRECOMPS\=YES
    export CLONE_HEADERS\=NO
    export CODESIGNING_FOLDER_PATH\=/Users/pauloricha/Library/Developer/Xcode/DerivedData/iosApp-cynwljdxdnoqyxhdtywpdbpkuabz/Build/Products/Debug-iphonesimulator/BoringSSL-GRPC/openssl_grpc.framework
    export CODE_SIGNING_ALLOWED\=YES
    export CODE_SIGNING_REQUIRED\=NO
    export CODE_SIGNING_REQUIRES_TEAM\=YES
    export CODE_SIGN_CONTEXT_CLASS\=XCiPhoneSimulatorCodeSignContext
    export CODE_SIGN_IDENTITY\=-
    export CODE_SIGN_INJECT_BASE_ENTITLEMENTS\=YES
    export COLOR_DIAGNOSTICS\=NO
    export COMBINE_HIDPI_IMAGES\=NO
    export COMPILATION_CACHE_CAS_PATH\=/Users/pauloricha/Library/Developer/Xcode/DerivedData/CompilationCache.noindex
    export COMPILATION_CACHE_KEEP_CAS_DIRECTORY\=YES
    export COMPILER_INDEX_STORE_ENABLE\=Default
    export COMPOSITE_SDK_DIRS\=/Users/pauloricha/Library/Developer/Xcode/DerivedData/iosApp-cynwljdxdnoqyxhdtywpdbpkuabz/Build/Intermediates.noindex/CompositeSDKs
    export COMPRESS_PNG_FILES\=YES
    export CONFIGURATION\=Debug
    export CONFIGURATION_BUILD_DIR\=/Users/pauloricha/Library/Developer/Xcode/DerivedData/iosApp-cynwljdxdnoqyxhdtywpdbpkuabz/Build/Products/Debug-iphonesimulator/BoringSSL-GRPC
    export CONFIGURATION_TEMP_DIR\=/Users/pauloricha/Library/Developer/Xcode/DerivedData/iosApp-cynwljdxdnoqyxhdtywpdbpkuabz/Build/Intermediates.noindex/Pods.build/Debug-iphonesimulator
    export CONTENTS_FOLDER_PATH\=openssl_grpc.framework
    export CONTENTS_FOLDER_PATH_SHALLOW_BUNDLE_NO\=openssl_grpc.framework/A
    export CONTENTS_FOLDER_PATH_SHALLOW_BUNDLE_YES\=openssl_grpc.framework
    export COPYING_PRESERVES_HFS_DATA\=NO
    export COPY_HEADERS_RUN_UNIFDEF\=NO
    export COPY_PHASE_STRIP\=NO
    export CORRESPONDING_DEVICE_PLATFORM_DIR\=/Applications/Xcode.app/Contents/Developer/Platforms/iPhoneOS.platform
    export CORRESPONDING_DEVICE_PLATFORM_NAME\=iphoneos
    export CORRESPONDING_DEVICE_SDK_DIR\=/Applications/Xcode.app/Contents/Developer/Platforms/iPhoneOS.platform/Developer/SDKs/iPhoneOS26.5.sdk
    export CORRESPONDING_DEVICE_SDK_NAME\=iphoneos26.5
    export CP\=/bin/cp
    export CREATE_INFOPLIST_SECTION_IN_BINARY\=NO
    export CURRENT_ARCH\=undefined_arch
    export CURRENT_PROJECT_VERSION\=1
    export CURRENT_VARIANT\=normal
    export CURRENT_VERSION\=Current
    export DEAD_CODE_STRIPPING\=YES
    export DEBUGGING_SYMBOLS\=YES
    export DEBUG_INFORMATION_FORMAT\=dwarf
    export DEBUG_INFORMATION_VERSION\=compiler-default
    export DEFAULT_COMPILER\=com.apple.compilers.llvm.clang.1_0
    export DEFAULT_DEXT_INSTALL_PATH\=/System/Library/DriverExtensions
    export DEFAULT_KEXT_INSTALL_PATH\=/System/Library/Extensions
    export DEFINES_MODULE\=YES
    export DEPLOYMENT_LOCATION\=NO
    export DEPLOYMENT_POSTPROCESSING\=NO
    export DEPLOYMENT_TARGET_SETTING_NAME\=IPHONEOS_DEPLOYMENT_TARGET
    export DEPLOYMENT_TARGET_SUGGESTED_VALUES\=12.0\ 12.1\ 12.2\ 12.3\ 12.4\ 13.0\ 13.1\ 13.2\ 13.3\ 13.4\ 13.5\ 13.6\ 14.0\ 14.1\ 14.2\ 14.3\ 14.4\ 14.5\ 14.6\ 14.7\ 15.0\ 15.1\ 15.2\ 15.3\ 15.4\ 15.5\ 15.6\ 16.0\ 16.1\ 16.2\ 16.3\ 16.4\ 16.5\ 16.6\ 17.0\ 17.1\ 17.2\ 17.3\ 17.4\ 17.5\ 17.6\ 18.0\ 18.1\ 18.2\ 18.3\ 18.4\ 18.5\ 18.6\ 26.0\ 26.2\ 26.3\ 26.4\ 26.5
    export DERIVED_FILES_DIR\=/Users/pauloricha/Library/Developer/Xcode/DerivedData/iosApp-cynwljdxdnoqyxhdtywpdbpkuabz/Build/Intermediates.noindex/Pods.build/Debug-iphonesimulator/BoringSSL-GRPC.build/DerivedSources
    export DERIVED_FILE_DIR\=/Users/pauloricha/Library/Developer/Xcode/DerivedData/iosApp-cynwljdxdnoqyxhdtywpdbpkuabz/Build/Intermediates.noindex/Pods.build/Debug-iphonesimulator/BoringSSL-GRPC.build/DerivedSources
    export DERIVED_SOURCES_DIR\=/Users/pauloricha/Library/Developer/Xcode/DerivedData/iosApp-cynwljdxdnoqyxhdtywpdbpkuabz/Build/Intermediates.noindex/Pods.build/Debug-iphonesimulator/BoringSSL-GRPC.build/DerivedSources
    export DEVELOPER_APPLICATIONS_DIR\=/Applications/Xcode.app/Contents/Developer/Applications
    export DEVELOPER_BIN_DIR\=/Applications/Xcode.app/Contents/Developer/usr/bin
    export DEVELOPER_DIR\=/Applications/Xcode.app/Contents/Developer
    export DEVELOPER_FRAMEWORKS_DIR\=/Applications/Xcode.app/Contents/Developer/Library/Frameworks
    export DEVELOPER_FRAMEWORKS_DIR_QUOTED\=/Applications/Xcode.app/Contents/Developer/Library/Frameworks
    export DEVELOPER_LIBRARY_DIR\=/Applications/Xcode.app/Contents/Developer/Library
    export DEVELOPER_SDK_DIR\=/Applications/Xcode.app/Contents/Developer/Platforms/MacOSX.platform/Developer/SDKs
    export DEVELOPER_TOOLS_DIR\=/Applications/Xcode.app/Contents/Developer/Tools
    export DEVELOPER_USR_DIR\=/Applications/Xcode.app/Contents/Developer/usr
    export DEVELOPMENT_LANGUAGE\=en
    export DIAGNOSE_MISSING_TARGET_DEPENDENCIES\=YES
    export DIFF\=/usr/bin/diff
    export DOCUMENTATION_FOLDER_PATH\=openssl_grpc.framework/en.lproj/Documentation
    export DONT_GENERATE_INFOPLIST_FILE\=NO
    export DSTROOT\=/tmp/Pods.dst
    export DT_TOOLCHAIN_DIR\=/Applications/Xcode.app/Contents/Developer/Toolchains/XcodeDefault.xctoolchain
    export DUMP_DEPENDENCIES\=NO
    export DUMP_DEPENDENCIES_OUTPUT_PATH\=/Users/pauloricha/Library/Developer/Xcode/DerivedData/iosApp-cynwljdxdnoqyxhdtywpdbpkuabz/Build/Intermediates.noindex/Pods.build/Debug-iphonesimulator/BoringSSL-GRPC.build/BoringSSL-GRPC-BuildDependencyInfo.json
    export DWARF_DSYM_FILE_NAME\=openssl_grpc.framework.dSYM
    export DWARF_DSYM_FILE_SHOULD_ACCOMPANY_PRODUCT\=NO
    export DWARF_DSYM_FOLDER_PATH\=/Users/pauloricha/Library/Developer/Xcode/DerivedData/iosApp-cynwljdxdnoqyxhdtywpdbpkuabz/Build/Products/Debug-iphonesimulator/BoringSSL-GRPC
    export DYLIB_COMPATIBILITY_VERSION\=1
    export DYLIB_CURRENT_VERSION\=1
    export DYLIB_INSTALL_NAME_BASE\=@rpath
    export DYNAMIC_LIBRARY_EXTENSION\=dylib
    export EAGER_COMPILATION_ALLOW_SCRIPTS\=NO
    export EAGER_LINKING\=NO
    export EFFECTIVE_PLATFORM_NAME\=-iphonesimulator
    export EFFECTIVE_SWIFT_VERSION\=5
    export EMBEDDED_CONTENT_CONTAINS_SWIFT\=NO
    export EMBED_ASSET_PACKS_IN_PRODUCT_BUNDLE\=NO
    export ENABLE_APP_SANDBOX\=NO
    export ENABLE_CODE_COVERAGE\=YES
    export ENABLE_COHORT_ARCHS\=NO
    export ENABLE_CPLUSPLUS_BOUNDS_SAFE_BUFFERS\=NO
    export ENABLE_C_BOUNDS_SAFETY\=NO
    export ENABLE_DEFAULT_HEADER_SEARCH_PATHS\=YES
    export ENABLE_DEFAULT_SEARCH_PATHS\=YES
    export ENABLE_ENHANCED_SECURITY\=NO
    export ENABLE_HARDENED_RUNTIME\=NO
    export ENABLE_HEADER_DEPENDENCIES\=YES
    export ENABLE_INCOMING_NETWORK_CONNECTIONS\=NO
    export ENABLE_MODULE_VERIFIER\=NO
    export ENABLE_ON_DEMAND_RESOURCES\=NO
    export ENABLE_OUTGOING_NETWORK_CONNECTIONS\=NO
    export ENABLE_POINTER_AUTHENTICATION\=NO
    export ENABLE_PREVIEWS\=NO
    export ENABLE_RESOURCE_ACCESS_AUDIO_INPUT\=NO
    export ENABLE_RESOURCE_ACCESS_BLUETOOTH\=NO
    export ENABLE_RESOURCE_ACCESS_CALENDARS\=NO
    export ENABLE_RESOURCE_ACCESS_CAMERA\=NO
    export ENABLE_RESOURCE_ACCESS_CONTACTS\=NO
    export ENABLE_RESOURCE_ACCESS_LOCATION\=NO
    export ENABLE_RESOURCE_ACCESS_PHOTO_LIBRARY\=NO
    export ENABLE_RESOURCE_ACCESS_PRINTING\=NO
    export ENABLE_RESOURCE_ACCESS_USB\=NO
    export ENABLE_SDK_IMPORTS\=NO
    export ENABLE_SECURITY_COMPILER_WARNINGS\=NO
    export ENABLE_STRICT_OBJC_MSGSEND\=YES
    export ENABLE_TESTABILITY\=YES
    export ENABLE_TESTING_SEARCH_PATHS\=NO
    export ENABLE_USER_SCRIPT_SANDBOXING\=NO
    export ENABLE_XOJIT_PREVIEWS\=YES
    export ENFORCE_VALID_ARCHS\=YES
    export ENTITLEMENTS_DESTINATION\=__entitlements
    export ENTITLEMENTS_REQUIRED\=NO
    export EXCLUDED_INSTALLSRC_SUBDIRECTORY_PATTERNS\=.DS_Store\ .svn\ .git\ .hg\ CVS
    export EXCLUDED_RECURSIVE_SEARCH_PATH_SUBDIRECTORIES\=\*.nib\ \*.lproj\ \*.framework\ \*.gch\ \*.xcode\*\ \*.xcassets\ \*.icon\ \(\*\)\ .DS_Store\ CVS\ .svn\ .git\ .hg\ \*.pbproj\ \*.pbxproj
    export EXECUTABLES_FOLDER_PATH\=openssl_grpc.framework/en.lproj
    export EXECUTABLE_FOLDER_PATH\=openssl_grpc.framework
    export EXECUTABLE_FOLDER_PATH_SHALLOW_BUNDLE_NO\=openssl_grpc.framework
    export EXECUTABLE_FOLDER_PATH_SHALLOW_BUNDLE_YES\=openssl_grpc.framework
    export EXECUTABLE_NAME\=openssl_grpc
    export EXECUTABLE_PATH\=openssl_grpc.framework/openssl_grpc
    export EXPANDED_CODE_SIGN_IDENTITY\=-
    export EXPANDED_CODE_SIGN_IDENTITY_NAME\=Sign\ to\ Run\ Locally
    export EXTENSIONS_FOLDER_PATH\=openssl_grpc.framework/Extensions
    export FILE_LIST\=/Users/pauloricha/Library/Developer/Xcode/DerivedData/iosApp-cynwljdxdnoqyxhdtywpdbpkuabz/Build/Intermediates.noindex/Pods.build/Debug-iphonesimulator/BoringSSL-GRPC.build/Objects/LinkFileList
    export FIXED_FILES_DIR\=/Users/pauloricha/Library/Developer/Xcode/DerivedData/iosApp-cynwljdxdnoqyxhdtywpdbpkuabz/Build/Intermediates.noindex/Pods.build/Debug-iphonesimulator/BoringSSL-GRPC.build/FixedFiles
    export FRAMEWORKS_FOLDER_PATH\=openssl_grpc.framework/Frameworks
    export FRAMEWORK_FLAG_PREFIX\=-framework
    export FRAMEWORK_SEARCH_PATHS\=/Users/pauloricha/Library/Developer/Xcode/DerivedData/iosApp-cynwljdxdnoqyxhdtywpdbpkuabz/Build/Products/Debug-iphonesimulator/BoringSSL-GRPC\ 
    export FRAMEWORK_VERSION\=A
    export FULL_PRODUCT_NAME\=openssl_grpc.framework
    export FUSE_BUILD_PHASES\=YES
    export FUSE_BUILD_SCRIPT_PHASES\=NO
    export GCC3_VERSION\=3.3
    export GCC_C_LANGUAGE_STANDARD\=gnu11
    export GCC_DYNAMIC_NO_PIC\=NO
    export GCC_INLINES_ARE_PRIVATE_EXTERN\=YES
    export GCC_NO_COMMON_BLOCKS\=YES
    export GCC_OBJC_LEGACY_DISPATCH\=YES
    export GCC_OPTIMIZATION_LEVEL\=0
    export GCC_PFE_FILE_C_DIALECTS\=c\ objective-c\ c++\ objective-c++
    export GCC_PREFIX_HEADER\=Target\ Support\ Files/BoringSSL-GRPC/BoringSSL-GRPC-prefix.pch
    export GCC_PREPROCESSOR_DEFINITIONS\=POD_CONFIGURATION_DEBUG\=1\ DEBUG\=1\ \ COCOAPODS\=1
    export GCC_TREAT_WARNINGS_AS_ERRORS\=NO
    export GCC_VERSION\=com.apple.compilers.llvm.clang.1_0
    export GCC_VERSION_IDENTIFIER\=com_apple_compilers_llvm_clang_1_0
    export GCC_WARN_64_TO_32_BIT_CONVERSION\=YES
    export GCC_WARN_ABOUT_RETURN_TYPE\=YES_ERROR
    export GCC_WARN_UNDECLARED_SELECTOR\=YES
    export GCC_WARN_UNINITIALIZED_AUTOS\=YES_AGGRESSIVE
    export GCC_WARN_UNUSED_FUNCTION\=YES
    export GCC_WARN_UNUSED_VARIABLE\=YES
    export GENERATED_MODULEMAP_DIR\=/Users/pauloricha/Library/Developer/Xcode/DerivedData/iosApp-cynwljdxdnoqyxhdtywpdbpkuabz/Build/Intermediates.noindex/GeneratedModuleMaps-iphonesimulator
    export GENERATE_INFOPLIST_FILE\=NO
    export GENERATE_INTERMEDIATE_TEXT_BASED_STUBS\=YES
    export GENERATE_PKGINFO_FILE\=NO
    export GENERATE_PRELINK_OBJECT_FILE\=NO
    export GENERATE_PROFILING_CODE\=NO
    export GENERATE_TEXT_BASED_STUBS\=NO
    export GID\=20
    export GROUP\=staff
    export HEADERMAP_INCLUDES_FLAT_ENTRIES_FOR_TARGET_BEING_BUILT\=YES
    export HEADERMAP_INCLUDES_FRAMEWORK_ENTRIES_FOR_ALL_PRODUCT_TYPES\=YES
    export HEADERMAP_INCLUDES_FRAMEWORK_ENTRIES_FOR_TARGETS_NOT_BEING_BUILT\=YES
    export HEADERMAP_INCLUDES_NONPUBLIC_NONPRIVATE_HEADERS\=YES
    export HEADERMAP_INCLUDES_PROJECT_HEADERS\=YES
    export HEADERMAP_USES_FRAMEWORK_PREFIX_ENTRIES\=YES
    export HEADERMAP_USES_VFS\=YES
    export HEADER_SEARCH_PATHS\=/Users/pauloricha/Library/Developer/Xcode/DerivedData/iosApp-cynwljdxdnoqyxhdtywpdbpkuabz/Build/Products/Debug-iphonesimulator/BoringSSL-GRPC/include\ 
    export HOME\=/Users/pauloricha
    export HOST_ARCH\=arm64
    export HOST_PLATFORM\=macosx
    export ICONV\=/usr/bin/iconv
    export IMPLICIT_DEPENDENCY_DOMAIN\=default
    export INDEX_STORE_COMPRESS\=NO
    export INDEX_STORE_ONLY_PROJECT_FILES\=NO
    export INFOPLIST_ENABLE_CFBUNDLEICONS_MERGE\=YES
    export INFOPLIST_EXPAND_BUILD_SETTINGS\=YES
    export INFOPLIST_FILE\=Target\ Support\ Files/BoringSSL-GRPC/BoringSSL-GRPC-Info.plist
    export INFOPLIST_OUTPUT_FORMAT\=binary
    export INFOPLIST_PATH\=openssl_grpc.framework/Info.plist
    export INFOPLIST_PREPROCESS\=NO
    export INFOSTRINGS_PATH\=openssl_grpc.framework/en.lproj/InfoPlist.strings
    export INLINE_PRIVATE_FRAMEWORKS\=NO
    export INSTALLAPI_IGNORE_SKIP_INSTALL\=YES
    export INSTALLHDRS_COPY_PHASE\=NO
    export INSTALLHDRS_SCRIPT_PHASE\=NO
    export INSTALL_DIR\=/tmp/Pods.dst/Library/Frameworks
    export INSTALL_GROUP\=staff
    export INSTALL_MODE_FLAG\=u+w,go-w,a+rX
    export INSTALL_OWNER\=pauloricha
    export INSTALL_PATH\=/Library/Frameworks
    export INSTALL_ROOT\=/tmp/Pods.dst
    export IPHONEOS_DEPLOYMENT_TARGET\=16.0
    export IS_UNOPTIMIZED_BUILD\=YES
    export JAVAC_DEFAULT_FLAGS\=-J-Xms64m\ -J-XX:NewSize\=4M\ -J-Dfile.encoding\=UTF8
    export JAVA_APP_STUB\=/System/Library/Frameworks/JavaVM.framework/Resources/MacOS/JavaApplicationStub
    export JAVA_ARCHIVE_CLASSES\=YES
    export JAVA_ARCHIVE_TYPE\=JAR
    export JAVA_COMPILER\=/usr/bin/javac
    export JAVA_FOLDER_PATH\=openssl_grpc.framework/Java
    export JAVA_FRAMEWORK_RESOURCES_DIRS\=Resources
    export JAVA_JAR_FLAGS\=cv
    export JAVA_SOURCE_SUBDIR\=.
    export JAVA_USE_DEPENDENCIES\=YES
    export JAVA_ZIP_FLAGS\=-urg
    export JIKES_DEFAULT_FLAGS\=+E\ +OLDCSO
    export KEEP_PRIVATE_EXTERNS\=NO
    export LD_DEPENDENCY_INFO_FILE\=/Users/pauloricha/Library/Developer/Xcode/DerivedData/iosApp-cynwljdxdnoqyxhdtywpdbpkuabz/Build/Intermediates.noindex/Pods.build/Debug-iphonesimulator/BoringSSL-GRPC.build/Objects-normal/undefined_arch/openssl_grpc_dependency_info.dat
    export LD_DYLIB_INSTALL_NAME\=@rpath/openssl_grpc.framework/openssl_grpc
    export LD_EXPORT_SYMBOLS\=YES
    export LD_GENERATE_MAP_FILE\=NO
    export LD_MAP_FILE_PATH\=/Users/pauloricha/Library/Developer/Xcode/DerivedData/iosApp-cynwljdxdnoqyxhdtywpdbpkuabz/Build/Intermediates.noindex/Pods.build/Debug-iphonesimulator/BoringSSL-GRPC.build/openssl_grpc-LinkMap-normal-undefined_arch.txt
    export LD_NO_PIE\=NO
    export LD_QUOTE_LINKER_ARGUMENTS_FOR_COMPILER_DRIVER\=YES
    export LD_RUNPATH_SEARCH_PATHS\=\ @executable_path/Frameworks\ @loader_path/Frameworks
    export LD_SHARED_CACHE_ELIGIBLE\=Automatic
    export LD_WARN_DUPLICATE_LIBRARIES\=NO
    export LD_WARN_UNUSED_DYLIBS\=NO
    export LEGACY_DEVELOPER_DIR\=/Applications/Xcode.app/Contents/PlugIns/Xcode3Core.ideplugin/Contents/SharedSupport/Developer
    export LEX\=lex
    export LIBRARY_DEXT_INSTALL_PATH\=/Library/DriverExtensions
    export LIBRARY_FLAG_NOSPACE\=YES
    export LIBRARY_FLAG_PREFIX\=-l
    export LIBRARY_KEXT_INSTALL_PATH\=/Library/Extensions
    export LIBRARY_SEARCH_PATHS\=/Users/pauloricha/Library/Developer/Xcode/DerivedData/iosApp-cynwljdxdnoqyxhdtywpdbpkuabz/Build/Products/Debug-iphonesimulator/BoringSSL-GRPC\ 
    export LINKER_DISPLAYS_MANGLED_NAMES\=NO
    export LINK_FILE_LIST_normal_arm64\=/Users/pauloricha/Library/Developer/Xcode/DerivedData/iosApp-cynwljdxdnoqyxhdtywpdbpkuabz/Build/Intermediates.noindex/Pods.build/Debug-iphonesimulator/BoringSSL-GRPC.build/Objects-normal/arm64/openssl_grpc.LinkFileList
    export LINK_OBJC_RUNTIME\=YES
    export LINK_WITH_STANDARD_LIBRARIES\=YES
    export LLVM_TARGET_TRIPLE_OS_VERSION\=ios16.0
    export LLVM_TARGET_TRIPLE_SUFFIX\=-simulator
    export LLVM_TARGET_TRIPLE_VENDOR\=apple
    export LM_AUX_CONST_METADATA_LIST_PATH_normal_arm64\=/Users/pauloricha/Library/Developer/Xcode/DerivedData/iosApp-cynwljdxdnoqyxhdtywpdbpkuabz/Build/Intermediates.noindex/Pods.build/Debug-iphonesimulator/BoringSSL-GRPC.build/Objects-normal/arm64/openssl_grpc.SwiftConstValuesFileList
    export LOCALIZATION_EXPORT_SUPPORTED\=YES
    export LOCALIZATION_PREFERS_STRING_CATALOGS\=NO
    export LOCALIZED_RESOURCES_FOLDER_PATH\=openssl_grpc.framework/en.lproj
    export LOCALIZED_STRING_CODE_COMMENTS\=NO
    export LOCALIZED_STRING_MACRO_NAMES\=NSLocalizedString\ CFCopyLocalizedString
    export LOCALIZED_STRING_SWIFTUI_SUPPORT\=YES
    export LOCAL_ADMIN_APPS_DIR\=/Applications/Utilities
    export LOCAL_APPS_DIR\=/Applications
    export LOCAL_DEVELOPER_DIR\=/Library/Developer
    export LOCAL_LIBRARY_DIR\=/Library
    export LOCROOT\=/Users/pauloricha/StudioProjects/BolaoDaGalera/iosApp/Pods
    export LOCSYMROOT\=/Users/pauloricha/StudioProjects/BolaoDaGalera/iosApp/Pods
    export MACH_O_TYPE\=mh_dylib
    export MAC_OS_X_PRODUCT_BUILD_VERSION\=25F71
    export MAC_OS_X_VERSION_ACTUAL\=260500
    export MAC_OS_X_VERSION_MAJOR\=260000
    export MAC_OS_X_VERSION_MINOR\=260500
    export MAKE_MERGEABLE\=NO
    export MERGEABLE_LIBRARY\=NO
    export MERGED_BINARY_TYPE\=none
    export MERGE_LINKED_LIBRARIES\=NO
    export METAL_LIBRARY_FILE_BASE\=default
    export METAL_LIBRARY_OUTPUT_DIR\=/Users/pauloricha/Library/Developer/Xcode/DerivedData/iosApp-cynwljdxdnoqyxhdtywpdbpkuabz/Build/Products/Debug-iphonesimulator/BoringSSL-GRPC/openssl_grpc.framework
    export MODULEMAP_FILE\=Target\ Support\ Files/BoringSSL-GRPC/BoringSSL-GRPC.modulemap
    export MODULES_FOLDER_PATH\=openssl_grpc.framework/Modules
    export MODULE_CACHE_DIR\=/Users/pauloricha/Library/Developer/Xcode/DerivedData/ModuleCache.noindex
    export MTL_ENABLE_DEBUG_INFO\=INCLUDE_SOURCE
    export MTL_FAST_MATH\=YES
    export NATIVE_ARCH\=arm64
    export NATIVE_ARCH_32_BIT\=arm
    export NATIVE_ARCH_64_BIT\=arm64
    export NATIVE_ARCH_ACTUAL\=arm64
    export NO_COMMON\=YES
    export OBJC_ABI_VERSION\=2
    export OBJECT_FILE_DIR\=/Users/pauloricha/Library/Developer/Xcode/DerivedData/iosApp-cynwljdxdnoqyxhdtywpdbpkuabz/Build/Intermediates.noindex/Pods.build/Debug-iphonesimulator/BoringSSL-GRPC.build/Objects
    export OBJECT_FILE_DIR_normal\=/Users/pauloricha/Library/Developer/Xcode/DerivedData/iosApp-cynwljdxdnoqyxhdtywpdbpkuabz/Build/Intermediates.noindex/Pods.build/Debug-iphonesimulator/BoringSSL-GRPC.build/Objects-normal
    export OBJROOT\=/Users/pauloricha/Library/Developer/Xcode/DerivedData/iosApp-cynwljdxdnoqyxhdtywpdbpkuabz/Build/Intermediates.noindex
    export ONLY_ACTIVE_ARCH\=YES
    export OS\=MACOS
    export OSAC\=/usr/bin/osacompile
    export PACKAGE_TYPE\=com.apple.package-type.wrapper.framework
    export PASCAL_STRINGS\=YES
    export PATH\=/Applications/Xcode.app/Contents/SharedFrameworks/SwiftBuild.framework/Versions/A/PlugIns/SWBBuildService.bundle/Contents/PlugIns/SWBUniversalPlatformPlugin.bundle/Contents/Frameworks/SWBUniversalPlatform.framework/Resources:/Applications/Xcode.app/Contents/Developer/Toolchains/XcodeDefault.xctoolchain/usr/bin:/Applications/Xcode.app/Contents/Developer/Toolchains/XcodeDefault.xctoolchain/usr/local/bin:/Applications/Xcode.app/Contents/Developer/Toolchains/XcodeDefault.xctoolchain/usr/libexec:/Applications/Xcode.app/Contents/Developer/Platforms/iPhoneSimulator.platform/usr/bin:/Applications/Xcode.app/Contents/Developer/Platforms/iPhoneSimulator.platform/usr/local/bin:/Applications/Xcode.app/Contents/Developer/Platforms/iPhoneSimulator.platform/Developer/usr/bin:/Applications/Xcode.app/Contents/Developer/Platforms/iPhoneSimulator.platform/Developer/usr/local/bin:/Applications/Xcode.app/Contents/Developer/usr/bin:/Applications/Xcode.app/Contents/Developer/usr/local/bin:/usr/local/bin:/System/Cryptexes/App/usr/bin:/usr/bin:/bin:/usr/sbin:/sbin:/var/run/com.apple.security.cryptexd/codex.system/bootstrap/usr/local/bin:/var/run/com.apple.security.cryptexd/codex.system/bootstrap/usr/bin:/var/run/com.apple.security.cryptexd/codex.system/bootstrap/usr/appleinternal/bin:/pkg/env/global/bin:/Library/Apple/usr/bin:/Applications/Android\ Studio.app/Contents/plugins/android/resources/android-cli/bin
    export PATH_PREFIXES_EXCLUDED_FROM_HEADER_DEPENDENCIES\=/usr/include\ /usr/local/include\ /System/Library/Frameworks\ /System/Library/PrivateFrameworks\ /Applications/Xcode.app/Contents/Developer/Headers\ /Applications/Xcode.app/Contents/Developer/SDKs\ /Applications/Xcode.app/Contents/Developer/Platforms
    export PBDEVELOPMENTPLIST_PATH\=openssl_grpc.framework/pbdevelopment.plist
    export PER_ARCH_MODULE_FILE_DIR\=/Users/pauloricha/Library/Developer/Xcode/DerivedData/iosApp-cynwljdxdnoqyxhdtywpdbpkuabz/Build/Intermediates.noindex/Pods.build/Debug-iphonesimulator/BoringSSL-GRPC.build/Objects-normal/undefined_arch
    export PER_ARCH_OBJECT_FILE_DIR\=/Users/pauloricha/Library/Developer/Xcode/DerivedData/iosApp-cynwljdxdnoqyxhdtywpdbpkuabz/Build/Intermediates.noindex/Pods.build/Debug-iphonesimulator/BoringSSL-GRPC.build/Objects-normal/undefined_arch
    export PER_VARIANT_OBJECT_FILE_DIR\=/Users/pauloricha/Library/Developer/Xcode/DerivedData/iosApp-cynwljdxdnoqyxhdtywpdbpkuabz/Build/Intermediates.noindex/Pods.build/Debug-iphonesimulator/BoringSSL-GRPC.build/Objects-normal
    export PKGINFO_FILE_PATH\=/Users/pauloricha/Library/Developer/Xcode/DerivedData/iosApp-cynwljdxdnoqyxhdtywpdbpkuabz/Build/Intermediates.noindex/Pods.build/Debug-iphonesimulator/BoringSSL-GRPC.build/PkgInfo
    export PKGINFO_PATH\=openssl_grpc.framework/PkgInfo
    export PLATFORM_DEVELOPER_APPLICATIONS_DIR\=/Applications/Xcode.app/Contents/Developer/Platforms/iPhoneSimulator.platform/Developer/Applications
    export PLATFORM_DEVELOPER_BIN_DIR\=/Applications/Xcode.app/Contents/Developer/Platforms/iPhoneSimulator.platform/Developer/usr/bin
    export PLATFORM_DEVELOPER_LIBRARY_DIR\=/Applications/Xcode.app/Contents/Developer/Platforms/iPhoneSimulator.platform/Developer/Library
    export PLATFORM_DEVELOPER_SDK_DIR\=/Applications/Xcode.app/Contents/Developer/Platforms/iPhoneSimulator.platform/Developer/SDKs
    export PLATFORM_DEVELOPER_TOOLS_DIR\=/Applications/Xcode.app/Contents/Developer/Platforms/iPhoneSimulator.platform/Developer/Tools
    export PLATFORM_DEVELOPER_USR_DIR\=/Applications/Xcode.app/Contents/Developer/Platforms/iPhoneSimulator.platform/Developer/usr
    export PLATFORM_DIR\=/Applications/Xcode.app/Contents/Developer/Platforms/iPhoneSimulator.platform
    export PLATFORM_DISPLAY_NAME\=iOS\ Simulator
    export PLATFORM_FAMILY_NAME\=iOS
    export PLATFORM_NAME\=iphonesimulator
    export PLATFORM_PREFERRED_ARCH\=x86_64
    export PLATFORM_PRODUCT_BUILD_VERSION\=23F81a
    export PLATFORM_REQUIRES_SWIFT_AUTOLINK_EXTRACT\=NO
    export PLATFORM_REQUIRES_SWIFT_MODULEWRAP\=NO
    export PLATFORM_USES_DSYMS\=YES
    export PLIST_FILE_OUTPUT_FORMAT\=binary
    export PLUGINS_FOLDER_PATH\=openssl_grpc.framework/PlugIns
    export PODS_BUILD_DIR\=/Users/pauloricha/Library/Developer/Xcode/DerivedData/iosApp-cynwljdxdnoqyxhdtywpdbpkuabz/Build/Products
    export PODS_CONFIGURATION_BUILD_DIR\=/Users/pauloricha/Library/Developer/Xcode/DerivedData/iosApp-cynwljdxdnoqyxhdtywpdbpkuabz/Build/Products/Debug-iphonesimulator
    export PODS_DEVELOPMENT_LANGUAGE\=en
    export PODS_ROOT\=/Users/pauloricha/StudioProjects/BolaoDaGalera/iosApp/Pods
    export PODS_TARGET_SRCROOT\=/Users/pauloricha/StudioProjects/BolaoDaGalera/iosApp/Pods/BoringSSL-GRPC
    export PODS_XCFRAMEWORKS_BUILD_DIR\=/Users/pauloricha/Library/Developer/Xcode/DerivedData/iosApp-cynwljdxdnoqyxhdtywpdbpkuabz/Build/Products/Debug-iphonesimulator/XCFrameworkIntermediates
    export PRECOMPS_INCLUDE_HEADERS_FROM_BUILT_PRODUCTS_DIR\=YES
    export PRECOMP_DESTINATION_DIR\=/Users/pauloricha/Library/Developer/Xcode/DerivedData/iosApp-cynwljdxdnoqyxhdtywpdbpkuabz/Build/Intermediates.noindex/Pods.build/Debug-iphonesimulator/BoringSSL-GRPC.build/PrefixHeaders
    export PRIVATE_HEADERS_FOLDER_PATH\=openssl_grpc.framework/PrivateHeaders
    export PROCESSED_INFOPLIST_PATH\=/Users/pauloricha/Library/Developer/Xcode/DerivedData/iosApp-cynwljdxdnoqyxhdtywpdbpkuabz/Build/Intermediates.noindex/Pods.build/Debug-iphonesimulator/BoringSSL-GRPC.build/Objects-normal/undefined_arch/Processed-Info.plist
    export PRODUCT_BUNDLE_IDENTIFIER\=org.cocoapods.openssl-grpc
    export PRODUCT_BUNDLE_PACKAGE_TYPE\=FMWK
    export PRODUCT_MODULE_NAME\=openssl_grpc
    export PRODUCT_NAME\=openssl_grpc
    export PRODUCT_SETTINGS_PATH\=/Users/pauloricha/StudioProjects/BolaoDaGalera/iosApp/Pods/Target\ Support\ Files/BoringSSL-GRPC/BoringSSL-GRPC-Info.plist
    export PRODUCT_TYPE\=com.apple.product-type.framework
    export PROFILING_CODE\=NO
    export PROJECT\=Pods
    export PROJECT_DERIVED_FILE_DIR\=/Users/pauloricha/Library/Developer/Xcode/DerivedData/iosApp-cynwljdxdnoqyxhdtywpdbpkuabz/Build/Intermediates.noindex/Pods.build/DerivedSources
    export PROJECT_DIR\=/Users/pauloricha/StudioProjects/BolaoDaGalera/iosApp/Pods
    export PROJECT_FILE_PATH\=/Users/pauloricha/StudioProjects/BolaoDaGalera/iosApp/Pods/Pods.xcodeproj
    export PROJECT_GUID\=8699adb1dd336b26511df848a716bd42
    export PROJECT_NAME\=Pods
    export PROJECT_TEMP_DIR\=/Users/pauloricha/Library/Developer/Xcode/DerivedData/iosApp-cynwljdxdnoqyxhdtywpdbpkuabz/Build/Intermediates.noindex/Pods.build
    export PROJECT_TEMP_ROOT\=/Users/pauloricha/Library/Developer/Xcode/DerivedData/iosApp-cynwljdxdnoqyxhdtywpdbpkuabz/Build/Intermediates.noindex
    export PUBLIC_HEADERS_FOLDER_PATH\=openssl_grpc.framework/Headers
    export RECOMMENDED_IPHONEOS_DEPLOYMENT_TARGET\=15.0
    export RECURSIVE_SEARCH_PATHS_FOLLOW_SYMLINKS\=YES
    export REMOVE_CVS_FROM_RESOURCES\=YES
    export REMOVE_GIT_FROM_RESOURCES\=YES
    export REMOVE_HEADERS_FROM_EMBEDDED_BUNDLES\=YES
    export REMOVE_HG_FROM_RESOURCES\=YES
    export REMOVE_STATIC_EXECUTABLES_FROM_EMBEDDED_BUNDLES\=YES
    export REMOVE_SVN_FROM_RESOURCES\=YES
    export RESCHEDULE_INDEPENDENT_HEADERS_PHASES\=YES
    export REZ_COLLECTOR_DIR\=/Users/pauloricha/Library/Developer/Xcode/DerivedData/iosApp-cynwljdxdnoqyxhdtywpdbpkuabz/Build/Intermediates.noindex/Pods.build/Debug-iphonesimulator/BoringSSL-GRPC.build/ResourceManagerResources
    export REZ_OBJECTS_DIR\=/Users/pauloricha/Library/Developer/Xcode/DerivedData/iosApp-cynwljdxdnoqyxhdtywpdbpkuabz/Build/Intermediates.noindex/Pods.build/Debug-iphonesimulator/BoringSSL-GRPC.build/ResourceManagerResources/Objects
    export REZ_SEARCH_PATHS\=/Users/pauloricha/Library/Developer/Xcode/DerivedData/iosApp-cynwljdxdnoqyxhdtywpdbpkuabz/Build/Products/Debug-iphonesimulator/BoringSSL-GRPC\ 
    export RPATH_ORIGIN\=@loader_path
    export RUNTIME_EXCEPTION_ALLOW_DYLD_ENVIRONMENT_VARIABLES\=NO
    export RUNTIME_EXCEPTION_ALLOW_JIT\=NO
    export RUNTIME_EXCEPTION_ALLOW_UNSIGNED_EXECUTABLE_MEMORY\=NO
    export RUNTIME_EXCEPTION_DEBUGGING_TOOL\=NO
    export RUNTIME_EXCEPTION_DISABLE_EXECUTABLE_PAGE_PROTECTION\=NO
    export RUNTIME_EXCEPTION_DISABLE_LIBRARY_VALIDATION\=NO
    export SCANNING_PCM_KEEP_CACHE_DIRECTORY\=YES
    export SCAN_ALL_SOURCE_FILES_FOR_INCLUDES\=NO
    export SCRIPTS_FOLDER_PATH\=openssl_grpc.framework/Scripts
    export SCRIPT_INPUT_FILE_COUNT\=0
    export SCRIPT_INPUT_FILE_LIST_COUNT\=0
    export SCRIPT_OUTPUT_FILE_COUNT\=0
    export SCRIPT_OUTPUT_FILE_LIST_COUNT\=0
    export SDKROOT\=/Applications/Xcode.app/Contents/Developer/Platforms/iPhoneSimulator.platform/Developer/SDKs/iPhoneSimulator26.5.sdk
    export SDK_DIR\=/Applications/Xcode.app/Contents/Developer/Platforms/iPhoneSimulator.platform/Developer/SDKs/iPhoneSimulator26.5.sdk
    export SDK_DIR_iphonesimulator\=/Applications/Xcode.app/Contents/Developer/Platforms/iPhoneSimulator.platform/Developer/SDKs/iPhoneSimulator26.5.sdk
    export SDK_DIR_iphonesimulator26_5\=/Applications/Xcode.app/Contents/Developer/Platforms/iPhoneSimulator.platform/Developer/SDKs/iPhoneSimulator26.5.sdk
    export SDK_NAME\=iphonesimulator26.5
    export SDK_NAMES\=iphonesimulator26.5
    export SDK_PRODUCT_BUILD_VERSION\=23F81a
    export SDK_STAT_CACHE_DIR\=/Users/pauloricha/Library/Developer/Xcode/DerivedData
    export SDK_STAT_CACHE_ENABLE\=YES
    export SDK_STAT_CACHE_PATH\=/Users/pauloricha/Library/Developer/Xcode/DerivedData/SDKStatCaches.noindex/iphonesimulator26.5-23F81a-6cfe768891a92b912361537c460fe42b.sdkstatcache
    export SDK_VERSION\=26.5
    export SDK_VERSION_ACTUAL\=260500
    export SDK_VERSION_MAJOR\=260000
    export SDK_VERSION_MINOR\=260500
    export SED\=/usr/bin/sed
    export SEPARATE_STRIP\=NO
    export SEPARATE_SYMBOL_EDIT\=NO
    export SET_DIR_MODE_OWNER_GROUP\=YES
    export SET_FILE_MODE_OWNER_GROUP\=NO
    export SHALLOW_BUNDLE\=YES
    export SHALLOW_BUNDLE_TRIPLE\=ios-simulator
    export SHALLOW_BUNDLE_ios_macabi\=NO
    export SHALLOW_BUNDLE_macos\=NO
    export SHARED_DERIVED_FILE_DIR\=/Users/pauloricha/Library/Developer/Xcode/DerivedData/iosApp-cynwljdxdnoqyxhdtywpdbpkuabz/Build/Products/Debug-iphonesimulator/BoringSSL-GRPC/DerivedSources
    export SHARED_FRAMEWORKS_FOLDER_PATH\=openssl_grpc.framework/SharedFrameworks
    export SHARED_PRECOMPS_DIR\=/Users/pauloricha/Library/Developer/Xcode/DerivedData/iosApp-cynwljdxdnoqyxhdtywpdbpkuabz/Build/Intermediates.noindex/PrecompiledHeaders
    export SHARED_SUPPORT_FOLDER_PATH\=openssl_grpc.framework
    export SKIP_INSTALL\=YES
    export SKIP_MERGEABLE_LIBRARY_BUNDLE_HOOK\=NO
    export SOURCE_ROOT\=/Users/pauloricha/StudioProjects/BolaoDaGalera/iosApp/Pods
    export SRCROOT\=/Users/pauloricha/StudioProjects/BolaoDaGalera/iosApp/Pods
    export STRINGSDATA_DIR\=/Users/pauloricha/Library/Developer/Xcode/DerivedData/iosApp-cynwljdxdnoqyxhdtywpdbpkuabz/Build/Intermediates.noindex/Pods.build/Debug-iphonesimulator/BoringSSL-GRPC.build/Objects-normal/undefined_arch
    export STRINGSDATA_ROOT\=/Users/pauloricha/Library/Developer/Xcode/DerivedData/iosApp-cynwljdxdnoqyxhdtywpdbpkuabz/Build/Intermediates.noindex/Pods.build/Debug-iphonesimulator/BoringSSL-GRPC.build
    export STRINGS_FILE_INFOPLIST_RENAME\=YES
    export STRINGS_FILE_OUTPUT_ENCODING\=binary
    export STRING_CATALOG_GENERATE_SYMBOLS\=NO
    export STRIP_BITCODE_FROM_COPIED_FILES\=NO
    export STRIP_INSTALLED_PRODUCT\=NO
    export STRIP_STYLE\=debugging
    export STRIP_SWIFT_SYMBOLS\=YES
    export SUPPORTED_DEVICE_FAMILIES\=1,2
    export SUPPORTED_PLATFORMS\=iphoneos\ iphonesimulator
    export SUPPORTS_TEXT_BASED_API\=NO
    export SUPPRESS_WARNINGS\=NO
    export SWIFT_ACTIVE_COMPILATION_CONDITIONS\=DEBUG\ 
    export SWIFT_EMIT_CONST_VALUE_PROTOCOLS\=AnyResolverProviding\ AppEntity\ AppEnum\ AppExtension\ AppIntent\ AppIntentsPackage\ AppShortcutProviding\ AppShortcutsProvider\ AppUnionValue\ AppUnionValueCasesProviding\ DynamicOptionsProvider\ EntityQuery\ ExtensionPointDefining\ IntentValueQuery\ Resolver\ TransientEntity\ _AssistantIntentsProvider\ _GenerativeFunctionExtractable\ _IntentValueRepresentable
    export SWIFT_EMIT_LOC_STRINGS\=NO
    export SWIFT_ENABLE_EXPLICIT_MODULES\=YES
    export SWIFT_INSTALL_MODULE_FOR_DEPLOYMENT\=YES
    export SWIFT_INSTALL_OBJC_HEADER\=YES
    export SWIFT_OPTIMIZATION_LEVEL\=-Onone
    export SWIFT_PLATFORM_TARGET_PREFIX\=ios
    export SWIFT_RESPONSE_FILE_PATH_normal_arm64\=/Users/pauloricha/Library/Developer/Xcode/DerivedData/iosApp-cynwljdxdnoqyxhdtywpdbpkuabz/Build/Intermediates.noindex/Pods.build/Debug-iphonesimulator/BoringSSL-GRPC.build/Objects-normal/arm64/openssl_grpc.SwiftFileList
    export SWIFT_VERSION\=5.0
    export SYMROOT\=/Users/pauloricha/Library/Developer/Xcode/DerivedData/iosApp-cynwljdxdnoqyxhdtywpdbpkuabz/Build/Products
    export SYSTEM_ADMIN_APPS_DIR\=/Applications/Utilities
    export SYSTEM_APPS_DIR\=/Applications
    export SYSTEM_CORE_SERVICES_DIR\=/System/Library/CoreServices
    export SYSTEM_DEMOS_DIR\=/Applications/Extras
    export SYSTEM_DEVELOPER_APPS_DIR\=/Applications/Xcode.app/Contents/Developer/Applications
    export SYSTEM_DEVELOPER_BIN_DIR\=/Applications/Xcode.app/Contents/Developer/usr/bin
    export SYSTEM_DEVELOPER_DEMOS_DIR\=/Applications/Xcode.app/Contents/Developer/Applications/Utilities/Built\ Examples
    export SYSTEM_DEVELOPER_DIR\=/Applications/Xcode.app/Contents/Developer
    export SYSTEM_DEVELOPER_DOC_DIR\=/Applications/Xcode.app/Contents/Developer/ADC\ Reference\ Library
    export SYSTEM_DEVELOPER_GRAPHICS_TOOLS_DIR\=/Applications/Xcode.app/Contents/Developer/Applications/Graphics\ Tools
    export SYSTEM_DEVELOPER_JAVA_TOOLS_DIR\=/Applications/Xcode.app/Contents/Developer/Applications/Java\ Tools
    export SYSTEM_DEVELOPER_PERFORMANCE_TOOLS_DIR\=/Applications/Xcode.app/Contents/Developer/Applications/Performance\ Tools
    export SYSTEM_DEVELOPER_RELEASENOTES_DIR\=/Applications/Xcode.app/Contents/Developer/ADC\ Reference\ Library/releasenotes
    export SYSTEM_DEVELOPER_TOOLS\=/Applications/Xcode.app/Contents/Developer/Tools
    export SYSTEM_DEVELOPER_TOOLS_DOC_DIR\=/Applications/Xcode.app/Contents/Developer/ADC\ Reference\ Library/documentation/DeveloperTools
    export SYSTEM_DEVELOPER_TOOLS_RELEASENOTES_DIR\=/Applications/Xcode.app/Contents/Developer/ADC\ Reference\ Library/releasenotes/DeveloperTools
    export SYSTEM_DEVELOPER_USR_DIR\=/Applications/Xcode.app/Contents/Developer/usr
    export SYSTEM_DEVELOPER_UTILITIES_DIR\=/Applications/Xcode.app/Contents/Developer/Applications/Utilities
    export SYSTEM_DEXT_INSTALL_PATH\=/System/Library/DriverExtensions
    export SYSTEM_DOCUMENTATION_DIR\=/Library/Documentation
    export SYSTEM_EXTENSIONS_FOLDER_PATH\=openssl_grpc.framework/SystemExtensions
    export SYSTEM_EXTENSIONS_FOLDER_PATH_SHALLOW_BUNDLE_NO\=openssl_grpc.framework/Library/SystemExtensions
    export SYSTEM_EXTENSIONS_FOLDER_PATH_SHALLOW_BUNDLE_YES\=openssl_grpc.framework/SystemExtensions
    export SYSTEM_KEXT_INSTALL_PATH\=/System/Library/Extensions
    export SYSTEM_LIBRARY_DIR\=/System/Library
    export TAPI_DEMANGLE\=YES
    export TAPI_ENABLE_PROJECT_HEADERS\=NO
    export TAPI_LANGUAGE\=objective-c
    export TAPI_LANGUAGE_STANDARD\=compiler-default
    export TAPI_USE_SRCROOT\=YES
    export TAPI_VERIFY_MODE\=Pedantic
    export TARGETED_DEVICE_FAMILY\=1,2
    export TARGETNAME\=BoringSSL-GRPC
    export TARGET_BUILD_DIR\=/Users/pauloricha/Library/Developer/Xcode/DerivedData/iosApp-cynwljdxdnoqyxhdtywpdbpkuabz/Build/Products/Debug-iphonesimulator/BoringSSL-GRPC
    export TARGET_DEVICE_IDENTIFIER\=CA8A1A4E-12BA-4D74-A6D0-D29E9E821390
    export TARGET_DEVICE_MODEL\=iPhone18,1
    export TARGET_DEVICE_OS_VERSION\=26.5
    export TARGET_DEVICE_PLATFORM_NAME\=iphonesimulator
    export TARGET_NAME\=BoringSSL-GRPC
    export TARGET_TEMP_DIR\=/Users/pauloricha/Library/Developer/Xcode/DerivedData/iosApp-cynwljdxdnoqyxhdtywpdbpkuabz/Build/Intermediates.noindex/Pods.build/Debug-iphonesimulator/BoringSSL-GRPC.build
    export TEMP_DIR\=/Users/pauloricha/Library/Developer/Xcode/DerivedData/iosApp-cynwljdxdnoqyxhdtywpdbpkuabz/Build/Intermediates.noindex/Pods.build/Debug-iphonesimulator/BoringSSL-GRPC.build
    export TEMP_FILES_DIR\=/Users/pauloricha/Library/Developer/Xcode/DerivedData/iosApp-cynwljdxdnoqyxhdtywpdbpkuabz/Build/Intermediates.noindex/Pods.build/Debug-iphonesimulator/BoringSSL-GRPC.build
    export TEMP_FILE_DIR\=/Users/pauloricha/Library/Developer/Xcode/DerivedData/iosApp-cynwljdxdnoqyxhdtywpdbpkuabz/Build/Intermediates.noindex/Pods.build/Debug-iphonesimulator/BoringSSL-GRPC.build
    export TEMP_ROOT\=/Users/pauloricha/Library/Developer/Xcode/DerivedData/iosApp-cynwljdxdnoqyxhdtywpdbpkuabz/Build/Intermediates.noindex
    export TEMP_SANDBOX_DIR\=/Users/pauloricha/Library/Developer/Xcode/DerivedData/iosApp-cynwljdxdnoqyxhdtywpdbpkuabz/Build/Intermediates.noindex/TemporaryTaskSandboxes
    export TEST_FRAMEWORK_SEARCH_PATHS\=\ /Applications/Xcode.app/Contents/Developer/Platforms/iPhoneSimulator.platform/Developer/Library/Frameworks\ /Applications/Xcode.app/Contents/Developer/Platforms/iPhoneSimulator.platform/Developer/SDKs/iPhoneSimulator26.5.sdk/Developer/Library/Frameworks
    export TEST_LIBRARY_SEARCH_PATHS\=\ /Applications/Xcode.app/Contents/Developer/Platforms/iPhoneSimulator.platform/Developer/usr/lib
    export TOOLCHAINS\=com.apple.dt.toolchain.XcodeDefault
    export TOOLCHAIN_DIR\=/Applications/Xcode.app/Contents/Developer/Toolchains/XcodeDefault.xctoolchain
    export TREAT_MISSING_BASELINES_AS_TEST_FAILURES\=NO
    export TREAT_MISSING_SCRIPT_PHASE_OUTPUTS_AS_ERRORS\=NO
    export TeamIdentifierPrefix\=FAKETEAMID.
    export UID\=501
    export UNINSTALLED_PRODUCTS_DIR\=/Users/pauloricha/Library/Developer/Xcode/DerivedData/iosApp-cynwljdxdnoqyxhdtywpdbpkuabz/Build/Intermediates.noindex/UninstalledProducts
    export UNLOCALIZED_RESOURCES_FOLDER_PATH\=openssl_grpc.framework
    export UNLOCALIZED_RESOURCES_FOLDER_PATH_SHALLOW_BUNDLE_NO\=openssl_grpc.framework/Resources
    export UNLOCALIZED_RESOURCES_FOLDER_PATH_SHALLOW_BUNDLE_YES\=openssl_grpc.framework
    export UNSTRIPPED_PRODUCT\=NO
    export USER\=pauloricha
    export USER_APPS_DIR\=/Users/pauloricha/Applications
    export USER_LIBRARY_DIR\=/Users/pauloricha/Library
    export USE_DYNAMIC_NO_PIC\=YES
    export USE_HEADERMAP\=NO
    export USE_HEADER_SYMLINKS\=NO
    export USE_RECURSIVE_SCRIPT_INPUTS_IN_SCRIPT_PHASES\=YES
    export VALIDATE_DEVELOPMENT_ASSET_PATHS\=YES_ERROR
    export VALIDATE_PRODUCT\=NO
    export VALID_ARCHS\=arm64\ x86_64
    export VERBOSE_PBXCP\=NO
    export VERSIONING_SYSTEM\=apple-generic
    export VERSIONPLIST_PATH\=openssl_grpc.framework/version.plist
    export VERSIONS_FOLDER_PATH\=openssl_grpc.framework
    export VERSIONS_FOLDER_PATH_SHALLOW_BUNDLE_NO\=openssl_grpc.framework/Versions
    export VERSIONS_FOLDER_PATH_SHALLOW_BUNDLE_YES\=openssl_grpc.framework
    export VERSION_INFO_BUILDER\=pauloricha
    export VERSION_INFO_FILE\=openssl_grpc_vers.c
    export VERSION_INFO_STRING\=\"@\(\#\)PROGRAM:openssl_grpc\ \ PROJECT:Pods-1\"
    export WORKSPACE_DIR\=/Users/pauloricha/StudioProjects/BolaoDaGalera/iosApp
    export WRAPPER_EXTENSION\=framework
    export WRAPPER_NAME\=openssl_grpc.framework
    export WRAPPER_SUFFIX\=.framework
    export WRAP_ASSET_PACKS_IN_SEPARATE_DIRECTORIES\=NO
    export XCODE_APP_SUPPORT_DIR\=/Applications/Xcode.app/Contents/Developer/Library/Xcode
    export XCODE_PRODUCT_BUILD_VERSION\=17F113
    export XCODE_VERSION_ACTUAL\=2660
    export XCODE_VERSION_MAJOR\=2600
    export XCODE_VERSION_MINOR\=2660
    export XPCSERVICES_FOLDER_PATH\=openssl_grpc.framework/XPCServices
    export YACC\=yacc
    export _DISCOVER_COMMAND_LINE_LINKER_INPUTS\=YES
    export _DISCOVER_COMMAND_LINE_LINKER_INPUTS_INCLUDE_WL\=YES
    export _LD_MULTIARCH\=YES
    export _WRAPPER_CONTENTS_DIR_SHALLOW_BUNDLE_NO\=/Contents
    export _WRAPPER_PARENT_PATH_SHALLOW_BUNDLE_NO\=/..
    export _WRAPPER_RESOURCES_DIR_SHALLOW_BUNDLE_NO\=/Resources
    export __DIAGNOSE_DEPRECATED_ARCHS\=YES
    export __ORIGINAL_SDK_DEFINED_LLVM_TARGET_TRIPLE_SYS\=ios
    export arch\=undefined_arch
    export variant\=normal
    /bin/sh -c /Users/pauloricha/Library/Developer/Xcode/DerivedData/iosApp-cynwljdxdnoqyxhdtywpdbpkuabz/Build/Intermediates.noindex/Pods.build/Debug-iphonesimulator/BoringSSL-GRPC.build/Script-0BB99DAD485A532CF6FEE8171D04681F.sh

CodeSign /Users/pauloricha/Library/Developer/Xcode/DerivedData/iosApp-cynwljdxdnoqyxhdtywpdbpkuabz/Build/Products/Debug-iphonesimulator/RecaptchaInterop/RecaptchaInterop.framework (in target 'RecaptchaInterop' from project 'Pods')
    cd /Users/pauloricha/StudioProjects/BolaoDaGalera/iosApp/Pods
    
    Signing Identity:     "Sign to Run Locally"
    
    /usr/bin/codesign --force --sign - --timestamp\=none --generate-entitlement-der /Users/pauloricha/Library/Developer/Xcode/DerivedData/iosApp-cynwljdxdnoqyxhdtywpdbpkuabz/Build/Products/Debug-iphonesimulator/RecaptchaInterop/RecaptchaInterop.framework

CodeSign /Users/pauloricha/Library/Developer/Xcode/DerivedData/iosApp-cynwljdxdnoqyxhdtywpdbpkuabz/Build/Products/Debug-iphonesimulator/FirebaseAuthInterop/FirebaseAuthInterop.framework (in target 'FirebaseAuthInterop' from project 'Pods')
    cd /Users/pauloricha/StudioProjects/BolaoDaGalera/iosApp/Pods
    
    Signing Identity:     "Sign to Run Locally"
    
    /usr/bin/codesign --force --sign - --timestamp\=none --generate-entitlement-der /Users/pauloricha/Library/Developer/Xcode/DerivedData/iosApp-cynwljdxdnoqyxhdtywpdbpkuabz/Build/Products/Debug-iphonesimulator/FirebaseAuthInterop/FirebaseAuthInterop.framework

CodeSign /Users/pauloricha/Library/Developer/Xcode/DerivedData/iosApp-cynwljdxdnoqyxhdtywpdbpkuabz/Build/Products/Debug-iphonesimulator/FirebaseAppCheckInterop/FirebaseAppCheckInterop.framework (in target 'FirebaseAppCheckInterop' from project 'Pods')
    cd /Users/pauloricha/StudioProjects/BolaoDaGalera/iosApp/Pods
    
    Signing Identity:     "Sign to Run Locally"
    
    /usr/bin/codesign --force --sign - --timestamp\=none --generate-entitlement-der /Users/pauloricha/Library/Developer/Xcode/DerivedData/iosApp-cynwljdxdnoqyxhdtywpdbpkuabz/Build/Products/Debug-iphonesimulator/FirebaseAppCheckInterop/FirebaseAppCheckInterop.framework

GenerateTAPI /Users/pauloricha/Library/Developer/Xcode/DerivedData/iosApp-cynwljdxdnoqyxhdtywpdbpkuabz/Build/Intermediates.noindex/EagerLinkingTBDs/Debug-iphonesimulator/leveldb.framework/leveldb.tbd (in target 'leveldb-library' from project 'Pods')
    cd /Users/pauloricha/StudioProjects/BolaoDaGalera/iosApp/Pods
    /Applications/Xcode.app/Contents/Developer/Toolchains/XcodeDefault.xctoolchain/usr/bin/tapi stubify -isysroot /Applications/Xcode.app/Contents/Developer/Platforms/iPhoneSimulator.platform/Developer/SDKs/iPhoneSimulator26.5.sdk -F/Users/pauloricha/Library/Developer/Xcode/DerivedData/iosApp-cynwljdxdnoqyxhdtywpdbpkuabz/Build/Products/Debug-iphonesimulator/leveldb-library -L/Users/pauloricha/Library/Developer/Xcode/DerivedData/iosApp-cynwljdxdnoqyxhdtywpdbpkuabz/Build/Products/Debug-iphonesimulator/leveldb-library /Users/pauloricha/Library/Developer/Xcode/DerivedData/iosApp-cynwljdxdnoqyxhdtywpdbpkuabz/Build/Products/Debug-iphonesimulator/leveldb-library/leveldb.framework/leveldb -o /Users/pauloricha/Library/Developer/Xcode/DerivedData/iosApp-cynwljdxdnoqyxhdtywpdbpkuabz/Build/Intermediates.noindex/EagerLinkingTBDs/Debug-iphonesimulator/leveldb.framework/leveldb.tbd

CodeSign /Users/pauloricha/Library/Developer/Xcode/DerivedData/iosApp-cynwljdxdnoqyxhdtywpdbpkuabz/Build/Products/Debug-iphonesimulator/nanopb/nanopb.framework (in target 'nanopb' from project 'Pods')
    cd /Users/pauloricha/StudioProjects/BolaoDaGalera/iosApp/Pods
    
    Signing Identity:     "Sign to Run Locally"
    
    /usr/bin/codesign --force --sign - --timestamp\=none --generate-entitlement-der /Users/pauloricha/Library/Developer/Xcode/DerivedData/iosApp-cynwljdxdnoqyxhdtywpdbpkuabz/Build/Products/Debug-iphonesimulator/nanopb/nanopb.framework

CodeSign /Users/pauloricha/Library/Developer/Xcode/DerivedData/iosApp-cynwljdxdnoqyxhdtywpdbpkuabz/Build/Products/Debug-iphonesimulator/GTMSessionFetcher/GTMSessionFetcher.framework (in target 'GTMSessionFetcher' from project 'Pods')
    cd /Users/pauloricha/StudioProjects/BolaoDaGalera/iosApp/Pods
    
    Signing Identity:     "Sign to Run Locally"
    
    /usr/bin/codesign --force --sign - --timestamp\=none --generate-entitlement-der /Users/pauloricha/Library/Developer/Xcode/DerivedData/iosApp-cynwljdxdnoqyxhdtywpdbpkuabz/Build/Products/Debug-iphonesimulator/GTMSessionFetcher/GTMSessionFetcher.framework

CodeSign /Users/pauloricha/Library/Developer/Xcode/DerivedData/iosApp-cynwljdxdnoqyxhdtywpdbpkuabz/Build/Products/Debug-iphonesimulator/FirebaseCoreExtension/FirebaseCoreExtension.framework (in target 'FirebaseCoreExtension' from project 'Pods')
    cd /Users/pauloricha/StudioProjects/BolaoDaGalera/iosApp/Pods
    
    Signing Identity:     "Sign to Run Locally"
    
    /usr/bin/codesign --force --sign - --timestamp\=none --generate-entitlement-der /Users/pauloricha/Library/Developer/Xcode/DerivedData/iosApp-cynwljdxdnoqyxhdtywpdbpkuabz/Build/Products/Debug-iphonesimulator/FirebaseCoreExtension/FirebaseCoreExtension.framework

CodeSign /Users/pauloricha/Library/Developer/Xcode/DerivedData/iosApp-cynwljdxdnoqyxhdtywpdbpkuabz/Build/Products/Debug-iphonesimulator/leveldb-library/leveldb.framework (in target 'leveldb-library' from project 'Pods')
    cd /Users/pauloricha/StudioProjects/BolaoDaGalera/iosApp/Pods
    
    Signing Identity:     "Sign to Run Locally"
    
    /usr/bin/codesign --force --sign - --timestamp\=none --generate-entitlement-der /Users/pauloricha/Library/Developer/Xcode/DerivedData/iosApp-cynwljdxdnoqyxhdtywpdbpkuabz/Build/Products/Debug-iphonesimulator/leveldb-library/leveldb.framework

CodeSign /Users/pauloricha/Library/Developer/Xcode/DerivedData/iosApp-cynwljdxdnoqyxhdtywpdbpkuabz/Build/Products/Debug-iphonesimulator/BoringSSL-GRPC/openssl_grpc.framework (in target 'BoringSSL-GRPC' from project 'Pods')
    cd /Users/pauloricha/StudioProjects/BolaoDaGalera/iosApp/Pods
    
    Signing Identity:     "Sign to Run Locally"
    
    /usr/bin/codesign --force --sign - --timestamp\=none --generate-entitlement-der /Users/pauloricha/Library/Developer/Xcode/DerivedData/iosApp-cynwljdxdnoqyxhdtywpdbpkuabz/Build/Products/Debug-iphonesimulator/BoringSSL-GRPC/openssl_grpc.framework

ProcessInfoPlistFile /Users/pauloricha/Library/Developer/Xcode/DerivedData/iosApp-cynwljdxdnoqyxhdtywpdbpkuabz/Build/Products/Debug-iphonesimulator/FirebaseAuth/FirebaseAuth_Privacy.bundle/Info.plist /Users/pauloricha/StudioProjects/BolaoDaGalera/iosApp/Pods/Target\ Support\ Files/FirebaseAuth/ResourceBundle-FirebaseAuth_Privacy-FirebaseAuth-Info.plist (in target 'FirebaseAuth-FirebaseAuth_Privacy' from project 'Pods')
    cd /Users/pauloricha/StudioProjects/BolaoDaGalera/iosApp/Pods
    builtin-infoPlistUtility /Users/pauloricha/StudioProjects/BolaoDaGalera/iosApp/Pods/Target\ Support\ Files/FirebaseAuth/ResourceBundle-FirebaseAuth_Privacy-FirebaseAuth-Info.plist -producttype com.apple.product-type.bundle -expandbuildsettings -format binary -platform iphonesimulator -o /Users/pauloricha/Library/Developer/Xcode/DerivedData/iosApp-cynwljdxdnoqyxhdtywpdbpkuabz/Build/Products/Debug-iphonesimulator/FirebaseAuth/FirebaseAuth_Privacy.bundle/Info.plist

Ld /Users/pauloricha/Library/Developer/Xcode/DerivedData/iosApp-cynwljdxdnoqyxhdtywpdbpkuabz/Build/Products/Debug-iphonesimulator/FirebaseAuth/FirebaseAuth.framework/FirebaseAuth normal (in target 'FirebaseAuth' from project 'Pods')
    cd /Users/pauloricha/StudioProjects/BolaoDaGalera/iosApp/Pods
    /Applications/Xcode.app/Contents/Developer/Toolchains/XcodeDefault.xctoolchain/usr/bin/clang -Xlinker -reproducible -target arm64-apple-ios16.0-simulator -dynamiclib -isysroot /Applications/Xcode.app/Contents/Developer/Platforms/iPhoneSimulator.platform/Developer/SDKs/iPhoneSimulator26.5.sdk -O0 -L/Users/pauloricha/Library/Developer/Xcode/DerivedData/iosApp-cynwljdxdnoqyxhdtywpdbpkuabz/Build/Intermediates.noindex/EagerLinkingTBDs/Debug-iphonesimulator -L/Users/pauloricha/Library/Developer/Xcode/DerivedData/iosApp-cynwljdxdnoqyxhdtywpdbpkuabz/Build/Products/Debug-iphonesimulator/FirebaseAuth -L/Applications/Xcode.app/Contents/Developer/Toolchains/XcodeDefault.xctoolchain/usr/lib/swift/iphonesimulator -L/Applications/Xcode.app/Contents/Developer/Platforms/iPhoneSimulator.platform/Developer/SDKs/iPhoneSimulator26.5.sdk/usr/lib/swift -F/Users/pauloricha/Library/Developer/Xcode/DerivedData/iosApp-cynwljdxdnoqyxhdtywpdbpkuabz/Build/Intermediates.noindex/EagerLinkingTBDs/Debug-iphonesimulator -F/Users/pauloricha/Library/Developer/Xcode/DerivedData/iosApp-cynwljdxdnoqyxhdtywpdbpkuabz/Build/Products/Debug-iphonesimulator/FirebaseAuth -F/Users/pauloricha/Library/Developer/Xcode/DerivedData/iosApp-cynwljdxdnoqyxhdtywpdbpkuabz/Build/Products/Debug-iphonesimulator/FirebaseAppCheckInterop -F/Users/pauloricha/Library/Developer/Xcode/DerivedData/iosApp-cynwljdxdnoqyxhdtywpdbpkuabz/Build/Products/Debug-iphonesimulator/FirebaseAuthInterop -F/Users/pauloricha/Library/Developer/Xcode/DerivedData/iosApp-cynwljdxdnoqyxhdtywpdbpkuabz/Build/Products/Debug-iphonesimulator/FirebaseCore -F/Users/pauloricha/Library/Developer/Xcode/DerivedData/iosApp-cynwljdxdnoqyxhdtywpdbpkuabz/Build/Products/Debug-iphonesimulator/FirebaseCoreExtension -F/Users/pauloricha/Library/Developer/Xcode/DerivedData/iosApp-cynwljdxdnoqyxhdtywpdbpkuabz/Build/Products/Debug-iphonesimulator/FirebaseCoreInternal -F/Users/pauloricha/Library/Developer/Xcode/DerivedData/iosApp-cynwljdxdnoqyxhdtywpdbpkuabz/Build/Products/Debug-iphonesimulator/GTMSessionFetcher -F/Users/pauloricha/Library/Developer/Xcode/DerivedData/iosApp-cynwljdxdnoqyxhdtywpdbpkuabz/Build/Products/Debug-iphonesimulator/GoogleUtilities -F/Users/pauloricha/Library/Developer/Xcode/DerivedData/iosApp-cynwljdxdnoqyxhdtywpdbpkuabz/Build/Products/Debug-iphonesimulator/RecaptchaInterop -filelist /Users/pauloricha/Library/Developer/Xcode/DerivedData/iosApp-cynwljdxdnoqyxhdtywpdbpkuabz/Build/Intermediates.noindex/Pods.build/Debug-iphonesimulator/FirebaseAuth.build/Objects-normal/arm64/FirebaseAuth.LinkFileList -install_name @rpath/FirebaseAuth.framework/FirebaseAuth -Xlinker -rpath -Xlinker /usr/lib/swift -Xlinker -rpath -Xlinker @executable_path/Frameworks -Xlinker -rpath -Xlinker @loader_path/Frameworks -Xlinker -dead_strip -Xlinker -object_path_lto -Xlinker /Users/pauloricha/Library/Developer/Xcode/DerivedData/iosApp-cynwljdxdnoqyxhdtywpdbpkuabz/Build/Intermediates.noindex/Pods.build/Debug-iphonesimulator/FirebaseAuth.build/Objects-normal/arm64/FirebaseAuth_lto.o -rdynamic -Xlinker -no_deduplicate -Xlinker -objc_abi_version -Xlinker 2 -Xlinker -dependency_info -Xlinker /Users/pauloricha/Library/Developer/Xcode/DerivedData/iosApp-cynwljdxdnoqyxhdtywpdbpkuabz/Build/Intermediates.noindex/Pods.build/Debug-iphonesimulator/FirebaseAuth.build/Objects-normal/arm64/FirebaseAuth_dependency_info.dat -fobjc-arc -fobjc-link-runtime -L/Applications/Xcode.app/Contents/Developer/Toolchains/XcodeDefault.xctoolchain/usr/lib/swift/iphonesimulator -L/usr/lib/swift -Xlinker -add_ast_path -Xlinker /Users/pauloricha/Library/Developer/Xcode/DerivedData/iosApp-cynwljdxdnoqyxhdtywpdbpkuabz/Build/Intermediates.noindex/Pods.build/Debug-iphonesimulator/FirebaseAuth.build/Objects-normal/arm64/FirebaseAuth.swiftmodule @/Users/pauloricha/Library/Developer/Xcode/DerivedData/iosApp-cynwljdxdnoqyxhdtywpdbpkuabz/Build/Intermediates.noindex/Pods.build/Debug-iphonesimulator/FirebaseAuth.build/Objects-normal/arm64/FirebaseAuth-linker-args.resp -framework FirebaseAppCheckInterop -framework FirebaseAuthInterop -framework FirebaseCore -framework FirebaseCoreExtension -framework Foundation -framework GTMSessionFetcher -framework GoogleUtilities -framework RecaptchaInterop -framework SafariServices -framework Security -framework SystemConfiguration -framework UIKit -framework Foundation -framework SafariServices -framework Security -Xlinker -no_adhoc_codesign -compatibility_version 1 -current_version 1 -o /Users/pauloricha/Library/Developer/Xcode/DerivedData/iosApp-cynwljdxdnoqyxhdtywpdbpkuabz/Build/Products/Debug-iphonesimulator/FirebaseAuth/FirebaseAuth.framework/FirebaseAuth

ProcessInfoPlistFile /Users/pauloricha/Library/Developer/Xcode/DerivedData/iosApp-cynwljdxdnoqyxhdtywpdbpkuabz/Build/Products/Debug-iphonesimulator/FirebaseAuth/FirebaseAuth.framework/Info.plist /Users/pauloricha/StudioProjects/BolaoDaGalera/iosApp/Pods/Target\ Support\ Files/FirebaseAuth/FirebaseAuth-Info.plist (in target 'FirebaseAuth' from project 'Pods')
    cd /Users/pauloricha/StudioProjects/BolaoDaGalera/iosApp/Pods
    builtin-infoPlistUtility /Users/pauloricha/StudioProjects/BolaoDaGalera/iosApp/Pods/Target\ Support\ Files/FirebaseAuth/FirebaseAuth-Info.plist -producttype com.apple.product-type.framework -expandbuildsettings -format binary -platform iphonesimulator -o /Users/pauloricha/Library/Developer/Xcode/DerivedData/iosApp-cynwljdxdnoqyxhdtywpdbpkuabz/Build/Products/Debug-iphonesimulator/FirebaseAuth/FirebaseAuth.framework/Info.plist

PhaseScriptExecution Create\ Symlinks\ to\ Header\ Folders /Users/pauloricha/Library/Developer/Xcode/DerivedData/iosApp-cynwljdxdnoqyxhdtywpdbpkuabz/Build/Intermediates.noindex/Pods.build/Debug-iphonesimulator/abseil.build/Script-A8323C070D2757BE86A33CD6959CE697.sh (in target 'abseil' from project 'Pods')
    cd /Users/pauloricha/StudioProjects/BolaoDaGalera/iosApp/Pods
    export ACTION\=build
    export AD_HOC_CODE_SIGNING_ALLOWED\=YES
    export ALLOW_BUILD_REQUEST_OVERRIDES\=NO
    export ALLOW_TARGET_PLATFORM_SPECIALIZATION\=NO
    export ALTERNATE_GROUP\=staff
    export ALTERNATE_MODE\=u+w,go-w,a+rX
    export ALTERNATE_OWNER\=pauloricha
    export ALTERNATIVE_DISTRIBUTION_WEB\=NO
    export ALWAYS_EMBED_SWIFT_STANDARD_LIBRARIES\=NO
    export ALWAYS_SEARCH_USER_PATHS\=NO
    export ALWAYS_USE_SEPARATE_HEADERMAPS\=NO
    export APPLICATION_EXTENSION_API_ONLY\=NO
    export APPLY_RULES_IN_COPY_FILES\=NO
    export APPLY_RULES_IN_COPY_HEADERS\=NO
    export APP_SHORTCUTS_ENABLE_FLEXIBLE_MATCHING\=YES
    export ARCHS\=arm64
    export ARCHS_BASE\=arm64
    export ARCHS_STANDARD\=arm64\ x86_64
    export ARCHS_STANDARD_32_64_BIT\=arm64\ x86_64
    export ARCHS_STANDARD_64_BIT\=arm64\ x86_64
    export ARCHS_STANDARD_INCLUDING_64_BIT\=arm64\ x86_64
    export ARCHS_UNIVERSAL_IPHONE_OS\=arm64\ x86_64
    export ASSETCATALOG_FILTER_FOR_DEVICE_MODEL\=iPhone18,1
    export ASSETCATALOG_FILTER_FOR_DEVICE_OS_VERSION\=26.5
    export ASSETCATALOG_FILTER_FOR_THINNING_DEVICE_CONFIGURATION\=iPhone18,1
    export AUTOMATICALLY_MERGE_DEPENDENCIES\=NO
    export AUTOMATION_APPLE_EVENTS\=NO
    export AVAILABLE_PLATFORMS\=android\ appletvos\ appletvsimulator\ driverkit\ freebsd\ iphoneos\ iphonesimulator\ linux\ macosx\ none\ openbsd\ qnx\ watchos\ watchsimulator\ webassembly\ xros\ xrsimulator
    export AppIdentifierPrefix\=FAKETEAMID.
    export BUILD_ACTIVE_RESOURCES_ONLY\=YES
    export BUILD_COMPONENTS\=headers\ build
    export BUILD_DIR\=/Users/pauloricha/Library/Developer/Xcode/DerivedData/iosApp-cynwljdxdnoqyxhdtywpdbpkuabz/Build/Products
    export BUILD_LIBRARY_FOR_DISTRIBUTION\=NO
    export BUILD_ONLY_KNOWN_LOCALIZATIONS\=NO
    export BUILD_ROOT\=/Users/pauloricha/Library/Developer/Xcode/DerivedData/iosApp-cynwljdxdnoqyxhdtywpdbpkuabz/Build/Products
    export BUILD_STYLE\=
    export BUILD_VARIANTS\=normal
    export BUILT_PRODUCTS_DIR\=/Users/pauloricha/Library/Developer/Xcode/DerivedData/iosApp-cynwljdxdnoqyxhdtywpdbpkuabz/Build/Products/Debug-iphonesimulator/abseil
    export BUNDLE_CONTENTS_FOLDER_PATH_deep\=Contents/
    export BUNDLE_EXECUTABLE_FOLDER_NAME_deep\=MacOS
    export BUNDLE_EXTENSIONS_FOLDER_PATH\=Extensions
    export BUNDLE_FORMAT\=shallow
    export BUNDLE_FRAMEWORKS_FOLDER_PATH\=Frameworks
    export BUNDLE_PLUGINS_FOLDER_PATH\=PlugIns
    export BUNDLE_PRIVATE_HEADERS_FOLDER_PATH\=PrivateHeaders
    export BUNDLE_PUBLIC_HEADERS_FOLDER_PATH\=Headers
    export CACHE_ROOT\=/var/folders/4r/3rcf_fc95ll948ycc5r4nl_r0000gn/C/com.apple.DeveloperTools/26.6-17F113/Xcode
    export CCHROOT\=/var/folders/4r/3rcf_fc95ll948ycc5r4nl_r0000gn/C/com.apple.DeveloperTools/26.6-17F113/Xcode
    export CHMOD\=/bin/chmod
    export CHOWN\=chown
    export CLANG_ANALYZER_LOCALIZABILITY_NONLOCALIZED\=YES
    export CLANG_ANALYZER_NONNULL\=YES
    export CLANG_ANALYZER_NUMBER_OBJECT_CONVERSION\=YES_AGGRESSIVE
    export CLANG_CACHE_FINE_GRAINED_OUTPUTS\=YES
    export CLANG_CXX_LANGUAGE_STANDARD\=gnu++14
    export CLANG_CXX_LIBRARY\=libc++
    export CLANG_ENABLE_EXPLICIT_MODULES\=YES
    export CLANG_ENABLE_MODULES\=YES
    export CLANG_ENABLE_OBJC_ARC\=YES
    export CLANG_ENABLE_OBJC_WEAK\=YES
    export CLANG_MODULES_BUILD_SESSION_FILE\=/Users/pauloricha/Library/Developer/Xcode/DerivedData/ModuleCache.noindex/Session.modulevalidation
    export CLANG_WARN_BLOCK_CAPTURE_AUTORELEASING\=YES
    export CLANG_WARN_BOOL_CONVERSION\=YES
    export CLANG_WARN_COMMA\=YES
    export CLANG_WARN_CONSTANT_CONVERSION\=YES
    export CLANG_WARN_DEPRECATED_OBJC_IMPLEMENTATIONS\=YES
    export CLANG_WARN_DIRECT_OBJC_ISA_USAGE\=YES_ERROR
    export CLANG_WARN_DOCUMENTATION_COMMENTS\=YES
    export CLANG_WARN_EMPTY_BODY\=YES
    export CLANG_WARN_ENUM_CONVERSION\=YES
    export CLANG_WARN_INFINITE_RECURSION\=YES
    export CLANG_WARN_INT_CONVERSION\=YES
    export CLANG_WARN_NON_LITERAL_NULL_CONVERSION\=YES
    export CLANG_WARN_OBJC_IMPLICIT_RETAIN_SELF\=YES
    export CLANG_WARN_OBJC_LITERAL_CONVERSION\=YES
    export CLANG_WARN_OBJC_ROOT_CLASS\=YES_ERROR
    export CLANG_WARN_QUOTED_INCLUDE_IN_FRAMEWORK_HEADER\=NO
    export CLANG_WARN_RANGE_LOOP_ANALYSIS\=YES
    export CLANG_WARN_STRICT_PROTOTYPES\=YES
    export CLANG_WARN_SUSPICIOUS_MOVE\=YES
    export CLANG_WARN_UNGUARDED_AVAILABILITY\=YES_AGGRESSIVE
    export CLANG_WARN_UNREACHABLE_CODE\=YES
    export CLANG_WARN__DUPLICATE_METHOD_MATCH\=YES
    export CLASS_FILE_DIR\=/Users/pauloricha/Library/Developer/Xcode/DerivedData/iosApp-cynwljdxdnoqyxhdtywpdbpkuabz/Build/Intermediates.noindex/Pods.build/Debug-iphonesimulator/abseil.build/JavaClasses
    export CLEAN_PRECOMPS\=YES
    export CLONE_HEADERS\=NO
    export CODESIGNING_FOLDER_PATH\=/Users/pauloricha/Library/Developer/Xcode/DerivedData/iosApp-cynwljdxdnoqyxhdtywpdbpkuabz/Build/Products/Debug-iphonesimulator/abseil/absl.framework
    export CODE_SIGNING_ALLOWED\=YES
    export CODE_SIGNING_REQUIRED\=NO
    export CODE_SIGNING_REQUIRES_TEAM\=YES
    export CODE_SIGN_CONTEXT_CLASS\=XCiPhoneSimulatorCodeSignContext
    export CODE_SIGN_IDENTITY\=-
    export CODE_SIGN_INJECT_BASE_ENTITLEMENTS\=YES
    export COLOR_DIAGNOSTICS\=NO
    export COMBINE_HIDPI_IMAGES\=NO
    export COMPILATION_CACHE_CAS_PATH\=/Users/pauloricha/Library/Developer/Xcode/DerivedData/CompilationCache.noindex
    export COMPILATION_CACHE_KEEP_CAS_DIRECTORY\=YES
    export COMPILER_INDEX_STORE_ENABLE\=Default
    export COMPOSITE_SDK_DIRS\=/Users/pauloricha/Library/Developer/Xcode/DerivedData/iosApp-cynwljdxdnoqyxhdtywpdbpkuabz/Build/Intermediates.noindex/CompositeSDKs
    export COMPRESS_PNG_FILES\=YES
    export CONFIGURATION\=Debug
    export CONFIGURATION_BUILD_DIR\=/Users/pauloricha/Library/Developer/Xcode/DerivedData/iosApp-cynwljdxdnoqyxhdtywpdbpkuabz/Build/Products/Debug-iphonesimulator/abseil
    export CONFIGURATION_TEMP_DIR\=/Users/pauloricha/Library/Developer/Xcode/DerivedData/iosApp-cynwljdxdnoqyxhdtywpdbpkuabz/Build/Intermediates.noindex/Pods.build/Debug-iphonesimulator
    export CONTENTS_FOLDER_PATH\=absl.framework
    export CONTENTS_FOLDER_PATH_SHALLOW_BUNDLE_NO\=absl.framework/A
    export CONTENTS_FOLDER_PATH_SHALLOW_BUNDLE_YES\=absl.framework
    export COPYING_PRESERVES_HFS_DATA\=NO
    export COPY_HEADERS_RUN_UNIFDEF\=NO
    export COPY_PHASE_STRIP\=NO
    export CORRESPONDING_DEVICE_PLATFORM_DIR\=/Applications/Xcode.app/Contents/Developer/Platforms/iPhoneOS.platform
    export CORRESPONDING_DEVICE_PLATFORM_NAME\=iphoneos
    export CORRESPONDING_DEVICE_SDK_DIR\=/Applications/Xcode.app/Contents/Developer/Platforms/iPhoneOS.platform/Developer/SDKs/iPhoneOS26.5.sdk
    export CORRESPONDING_DEVICE_SDK_NAME\=iphoneos26.5
    export CP\=/bin/cp
    export CREATE_INFOPLIST_SECTION_IN_BINARY\=NO
    export CURRENT_ARCH\=undefined_arch
    export CURRENT_PROJECT_VERSION\=1
    export CURRENT_VARIANT\=normal
    export CURRENT_VERSION\=Current
    export DEAD_CODE_STRIPPING\=YES
    export DEBUGGING_SYMBOLS\=YES
    export DEBUG_INFORMATION_FORMAT\=dwarf
    export DEBUG_INFORMATION_VERSION\=compiler-default
    export DEFAULT_COMPILER\=com.apple.compilers.llvm.clang.1_0
    export DEFAULT_DEXT_INSTALL_PATH\=/System/Library/DriverExtensions
    export DEFAULT_KEXT_INSTALL_PATH\=/System/Library/Extensions
    export DEFINES_MODULE\=YES
    export DEPLOYMENT_LOCATION\=NO
    export DEPLOYMENT_POSTPROCESSING\=NO
    export DEPLOYMENT_TARGET_SETTING_NAME\=IPHONEOS_DEPLOYMENT_TARGET
    export DEPLOYMENT_TARGET_SUGGESTED_VALUES\=12.0\ 12.1\ 12.2\ 12.3\ 12.4\ 13.0\ 13.1\ 13.2\ 13.3\ 13.4\ 13.5\ 13.6\ 14.0\ 14.1\ 14.2\ 14.3\ 14.4\ 14.5\ 14.6\ 14.7\ 15.0\ 15.1\ 15.2\ 15.3\ 15.4\ 15.5\ 15.6\ 16.0\ 16.1\ 16.2\ 16.3\ 16.4\ 16.5\ 16.6\ 17.0\ 17.1\ 17.2\ 17.3\ 17.4\ 17.5\ 17.6\ 18.0\ 18.1\ 18.2\ 18.3\ 18.4\ 18.5\ 18.6\ 26.0\ 26.2\ 26.3\ 26.4\ 26.5
    export DERIVED_FILES_DIR\=/Users/pauloricha/Library/Developer/Xcode/DerivedData/iosApp-cynwljdxdnoqyxhdtywpdbpkuabz/Build/Intermediates.noindex/Pods.build/Debug-iphonesimulator/abseil.build/DerivedSources
    export DERIVED_FILE_DIR\=/Users/pauloricha/Library/Developer/Xcode/DerivedData/iosApp-cynwljdxdnoqyxhdtywpdbpkuabz/Build/Intermediates.noindex/Pods.build/Debug-iphonesimulator/abseil.build/DerivedSources
    export DERIVED_SOURCES_DIR\=/Users/pauloricha/Library/Developer/Xcode/DerivedData/iosApp-cynwljdxdnoqyxhdtywpdbpkuabz/Build/Intermediates.noindex/Pods.build/Debug-iphonesimulator/abseil.build/DerivedSources
    export DEVELOPER_APPLICATIONS_DIR\=/Applications/Xcode.app/Contents/Developer/Applications
    export DEVELOPER_BIN_DIR\=/Applications/Xcode.app/Contents/Developer/usr/bin
    export DEVELOPER_DIR\=/Applications/Xcode.app/Contents/Developer
    export DEVELOPER_FRAMEWORKS_DIR\=/Applications/Xcode.app/Contents/Developer/Library/Frameworks
    export DEVELOPER_FRAMEWORKS_DIR_QUOTED\=/Applications/Xcode.app/Contents/Developer/Library/Frameworks
    export DEVELOPER_LIBRARY_DIR\=/Applications/Xcode.app/Contents/Developer/Library
    export DEVELOPER_SDK_DIR\=/Applications/Xcode.app/Contents/Developer/Platforms/MacOSX.platform/Developer/SDKs
    export DEVELOPER_TOOLS_DIR\=/Applications/Xcode.app/Contents/Developer/Tools
    export DEVELOPER_USR_DIR\=/Applications/Xcode.app/Contents/Developer/usr
    export DEVELOPMENT_LANGUAGE\=en
    export DIAGNOSE_MISSING_TARGET_DEPENDENCIES\=YES
    export DIFF\=/usr/bin/diff
    export DOCUMENTATION_FOLDER_PATH\=absl.framework/en.lproj/Documentation
    export DONT_GENERATE_INFOPLIST_FILE\=NO
    export DSTROOT\=/tmp/Pods.dst
    export DT_TOOLCHAIN_DIR\=/Applications/Xcode.app/Contents/Developer/Toolchains/XcodeDefault.xctoolchain
    export DUMP_DEPENDENCIES\=NO
    export DUMP_DEPENDENCIES_OUTPUT_PATH\=/Users/pauloricha/Library/Developer/Xcode/DerivedData/iosApp-cynwljdxdnoqyxhdtywpdbpkuabz/Build/Intermediates.noindex/Pods.build/Debug-iphonesimulator/abseil.build/abseil-BuildDependencyInfo.json
    export DWARF_DSYM_FILE_NAME\=absl.framework.dSYM
    export DWARF_DSYM_FILE_SHOULD_ACCOMPANY_PRODUCT\=NO
    export DWARF_DSYM_FOLDER_PATH\=/Users/pauloricha/Library/Developer/Xcode/DerivedData/iosApp-cynwljdxdnoqyxhdtywpdbpkuabz/Build/Products/Debug-iphonesimulator/abseil
    export DYLIB_COMPATIBILITY_VERSION\=1
    export DYLIB_CURRENT_VERSION\=1
    export DYLIB_INSTALL_NAME_BASE\=@rpath
    export DYNAMIC_LIBRARY_EXTENSION\=dylib
    export EAGER_COMPILATION_ALLOW_SCRIPTS\=NO
    export EAGER_LINKING\=NO
    export EFFECTIVE_PLATFORM_NAME\=-iphonesimulator
    export EFFECTIVE_SWIFT_VERSION\=5
    export EMBEDDED_CONTENT_CONTAINS_SWIFT\=NO
    export EMBED_ASSET_PACKS_IN_PRODUCT_BUNDLE\=NO
    export ENABLE_APP_SANDBOX\=NO
    export ENABLE_CODE_COVERAGE\=YES
    export ENABLE_COHORT_ARCHS\=NO
    export ENABLE_CPLUSPLUS_BOUNDS_SAFE_BUFFERS\=NO
    export ENABLE_C_BOUNDS_SAFETY\=NO
    export ENABLE_DEFAULT_HEADER_SEARCH_PATHS\=YES
    export ENABLE_DEFAULT_SEARCH_PATHS\=YES
    export ENABLE_ENHANCED_SECURITY\=NO
    export ENABLE_HARDENED_RUNTIME\=NO
    export ENABLE_HEADER_DEPENDENCIES\=YES
    export ENABLE_INCOMING_NETWORK_CONNECTIONS\=NO
    export ENABLE_MODULE_VERIFIER\=NO
    export ENABLE_ON_DEMAND_RESOURCES\=NO
    export ENABLE_OUTGOING_NETWORK_CONNECTIONS\=NO
    export ENABLE_POINTER_AUTHENTICATION\=NO
    export ENABLE_PREVIEWS\=NO
    export ENABLE_RESOURCE_ACCESS_AUDIO_INPUT\=NO
    export ENABLE_RESOURCE_ACCESS_BLUETOOTH\=NO
    export ENABLE_RESOURCE_ACCESS_CALENDARS\=NO
    export ENABLE_RESOURCE_ACCESS_CAMERA\=NO
    export ENABLE_RESOURCE_ACCESS_CONTACTS\=NO
    export ENABLE_RESOURCE_ACCESS_LOCATION\=NO
    export ENABLE_RESOURCE_ACCESS_PHOTO_LIBRARY\=NO
    export ENABLE_RESOURCE_ACCESS_PRINTING\=NO
    export ENABLE_RESOURCE_ACCESS_USB\=NO
    export ENABLE_SDK_IMPORTS\=NO
    export ENABLE_SECURITY_COMPILER_WARNINGS\=NO
    export ENABLE_STRICT_OBJC_MSGSEND\=YES
    export ENABLE_TESTABILITY\=YES
    export ENABLE_TESTING_SEARCH_PATHS\=NO
    export ENABLE_USER_SCRIPT_SANDBOXING\=NO
    export ENABLE_XOJIT_PREVIEWS\=YES
    export ENFORCE_VALID_ARCHS\=YES
    export ENTITLEMENTS_DESTINATION\=__entitlements
    export ENTITLEMENTS_REQUIRED\=NO
    export EXCLUDED_INSTALLSRC_SUBDIRECTORY_PATTERNS\=.DS_Store\ .svn\ .git\ .hg\ CVS
    export EXCLUDED_RECURSIVE_SEARCH_PATH_SUBDIRECTORIES\=\*.nib\ \*.lproj\ \*.framework\ \*.gch\ \*.xcode\*\ \*.xcassets\ \*.icon\ \(\*\)\ .DS_Store\ CVS\ .svn\ .git\ .hg\ \*.pbproj\ \*.pbxproj
    export EXECUTABLES_FOLDER_PATH\=absl.framework/en.lproj
    export EXECUTABLE_FOLDER_PATH\=absl.framework
    export EXECUTABLE_FOLDER_PATH_SHALLOW_BUNDLE_NO\=absl.framework
    export EXECUTABLE_FOLDER_PATH_SHALLOW_BUNDLE_YES\=absl.framework
    export EXECUTABLE_NAME\=absl
    export EXECUTABLE_PATH\=absl.framework/absl
    export EXPANDED_CODE_SIGN_IDENTITY\=-
    export EXPANDED_CODE_SIGN_IDENTITY_NAME\=Sign\ to\ Run\ Locally
    export EXTENSIONS_FOLDER_PATH\=absl.framework/Extensions
    export FILE_LIST\=/Users/pauloricha/Library/Developer/Xcode/DerivedData/iosApp-cynwljdxdnoqyxhdtywpdbpkuabz/Build/Intermediates.noindex/Pods.build/Debug-iphonesimulator/abseil.build/Objects/LinkFileList
    export FIXED_FILES_DIR\=/Users/pauloricha/Library/Developer/Xcode/DerivedData/iosApp-cynwljdxdnoqyxhdtywpdbpkuabz/Build/Intermediates.noindex/Pods.build/Debug-iphonesimulator/abseil.build/FixedFiles
    export FRAMEWORKS_FOLDER_PATH\=absl.framework/Frameworks
    export FRAMEWORK_FLAG_PREFIX\=-framework
    export FRAMEWORK_SEARCH_PATHS\=/Users/pauloricha/Library/Developer/Xcode/DerivedData/iosApp-cynwljdxdnoqyxhdtywpdbpkuabz/Build/Products/Debug-iphonesimulator/abseil\ 
    export FRAMEWORK_VERSION\=A
    export FULL_PRODUCT_NAME\=absl.framework
    export FUSE_BUILD_PHASES\=YES
    export FUSE_BUILD_SCRIPT_PHASES\=NO
    export GCC3_VERSION\=3.3
    export GCC_C_LANGUAGE_STANDARD\=gnu11
    export GCC_DYNAMIC_NO_PIC\=NO
    export GCC_INLINES_ARE_PRIVATE_EXTERN\=YES
    export GCC_NO_COMMON_BLOCKS\=YES
    export GCC_OBJC_LEGACY_DISPATCH\=YES
    export GCC_OPTIMIZATION_LEVEL\=0
    export GCC_PFE_FILE_C_DIALECTS\=c\ objective-c\ c++\ objective-c++
    export GCC_PREFIX_HEADER\=Target\ Support\ Files/abseil/abseil-prefix.pch
    export GCC_PREPROCESSOR_DEFINITIONS\=POD_CONFIGURATION_DEBUG\=1\ DEBUG\=1\ \ COCOAPODS\=1
    export GCC_TREAT_WARNINGS_AS_ERRORS\=NO
    export GCC_VERSION\=com.apple.compilers.llvm.clang.1_0
    export GCC_VERSION_IDENTIFIER\=com_apple_compilers_llvm_clang_1_0
    export GCC_WARN_64_TO_32_BIT_CONVERSION\=YES
    export GCC_WARN_ABOUT_RETURN_TYPE\=YES_ERROR
    export GCC_WARN_UNDECLARED_SELECTOR\=YES
    export GCC_WARN_UNINITIALIZED_AUTOS\=YES_AGGRESSIVE
    export GCC_WARN_UNUSED_FUNCTION\=YES
    export GCC_WARN_UNUSED_VARIABLE\=YES
    export GENERATED_MODULEMAP_DIR\=/Users/pauloricha/Library/Developer/Xcode/DerivedData/iosApp-cynwljdxdnoqyxhdtywpdbpkuabz/Build/Intermediates.noindex/GeneratedModuleMaps-iphonesimulator
    export GENERATE_INFOPLIST_FILE\=NO
    export GENERATE_INTERMEDIATE_TEXT_BASED_STUBS\=YES
    export GENERATE_PKGINFO_FILE\=NO
    export GENERATE_PRELINK_OBJECT_FILE\=NO
    export GENERATE_PROFILING_CODE\=NO
    export GENERATE_TEXT_BASED_STUBS\=NO
    export GID\=20
    export GROUP\=staff
    export HEADERMAP_INCLUDES_FLAT_ENTRIES_FOR_TARGET_BEING_BUILT\=YES
    export HEADERMAP_INCLUDES_FRAMEWORK_ENTRIES_FOR_ALL_PRODUCT_TYPES\=YES
    export HEADERMAP_INCLUDES_FRAMEWORK_ENTRIES_FOR_TARGETS_NOT_BEING_BUILT\=YES
    export HEADERMAP_INCLUDES_NONPUBLIC_NONPRIVATE_HEADERS\=YES
    export HEADERMAP_INCLUDES_PROJECT_HEADERS\=YES
    export HEADERMAP_USES_FRAMEWORK_PREFIX_ENTRIES\=YES
    export HEADERMAP_USES_VFS\=YES
    export HEADER_SEARCH_PATHS\=/Users/pauloricha/Library/Developer/Xcode/DerivedData/iosApp-cynwljdxdnoqyxhdtywpdbpkuabz/Build/Products/Debug-iphonesimulator/abseil/include\ 
    export HOME\=/Users/pauloricha
    export HOST_ARCH\=arm64
    export HOST_PLATFORM\=macosx
    export ICONV\=/usr/bin/iconv
    export IMPLICIT_DEPENDENCY_DOMAIN\=default
    export INDEX_STORE_COMPRESS\=NO
    export INDEX_STORE_ONLY_PROJECT_FILES\=NO
    export INFOPLIST_ENABLE_CFBUNDLEICONS_MERGE\=YES
    export INFOPLIST_EXPAND_BUILD_SETTINGS\=YES
    export INFOPLIST_FILE\=Target\ Support\ Files/abseil/abseil-Info.plist
    export INFOPLIST_OUTPUT_FORMAT\=binary
    export INFOPLIST_PATH\=absl.framework/Info.plist
    export INFOPLIST_PREPROCESS\=NO
    export INFOSTRINGS_PATH\=absl.framework/en.lproj/InfoPlist.strings
    export INLINE_PRIVATE_FRAMEWORKS\=NO
    export INSTALLAPI_IGNORE_SKIP_INSTALL\=YES
    export INSTALLHDRS_COPY_PHASE\=NO
    export INSTALLHDRS_SCRIPT_PHASE\=NO
    export INSTALL_DIR\=/tmp/Pods.dst/Library/Frameworks
    export INSTALL_GROUP\=staff
    export INSTALL_MODE_FLAG\=u+w,go-w,a+rX
    export INSTALL_OWNER\=pauloricha
    export INSTALL_PATH\=/Library/Frameworks
    export INSTALL_ROOT\=/tmp/Pods.dst
    export IPHONEOS_DEPLOYMENT_TARGET\=16.0
    export IS_UNOPTIMIZED_BUILD\=YES
    export JAVAC_DEFAULT_FLAGS\=-J-Xms64m\ -J-XX:NewSize\=4M\ -J-Dfile.encoding\=UTF8
    export JAVA_APP_STUB\=/System/Library/Frameworks/JavaVM.framework/Resources/MacOS/JavaApplicationStub
    export JAVA_ARCHIVE_CLASSES\=YES
    export JAVA_ARCHIVE_TYPE\=JAR
    export JAVA_COMPILER\=/usr/bin/javac
    export JAVA_FOLDER_PATH\=absl.framework/Java
    export JAVA_FRAMEWORK_RESOURCES_DIRS\=Resources
    export JAVA_JAR_FLAGS\=cv
    export JAVA_SOURCE_SUBDIR\=.
    export JAVA_USE_DEPENDENCIES\=YES
    export JAVA_ZIP_FLAGS\=-urg
    export JIKES_DEFAULT_FLAGS\=+E\ +OLDCSO
    export KEEP_PRIVATE_EXTERNS\=NO
    export LD_DEPENDENCY_INFO_FILE\=/Users/pauloricha/Library/Developer/Xcode/DerivedData/iosApp-cynwljdxdnoqyxhdtywpdbpkuabz/Build/Intermediates.noindex/Pods.build/Debug-iphonesimulator/abseil.build/Objects-normal/undefined_arch/absl_dependency_info.dat
    export LD_DYLIB_INSTALL_NAME\=@rpath/absl.framework/absl
    export LD_EXPORT_SYMBOLS\=YES
    export LD_GENERATE_MAP_FILE\=NO
    export LD_MAP_FILE_PATH\=/Users/pauloricha/Library/Developer/Xcode/DerivedData/iosApp-cynwljdxdnoqyxhdtywpdbpkuabz/Build/Intermediates.noindex/Pods.build/Debug-iphonesimulator/abseil.build/absl-LinkMap-normal-undefined_arch.txt
    export LD_NO_PIE\=NO
    export LD_QUOTE_LINKER_ARGUMENTS_FOR_COMPILER_DRIVER\=YES
    export LD_RUNPATH_SEARCH_PATHS\=\ @executable_path/Frameworks\ @loader_path/Frameworks
    export LD_SHARED_CACHE_ELIGIBLE\=Automatic
    export LD_WARN_DUPLICATE_LIBRARIES\=NO
    export LD_WARN_UNUSED_DYLIBS\=NO
    export LEGACY_DEVELOPER_DIR\=/Applications/Xcode.app/Contents/PlugIns/Xcode3Core.ideplugin/Contents/SharedSupport/Developer
    export LEX\=lex
    export LIBRARY_DEXT_INSTALL_PATH\=/Library/DriverExtensions
    export LIBRARY_FLAG_NOSPACE\=YES
    export LIBRARY_FLAG_PREFIX\=-l
    export LIBRARY_KEXT_INSTALL_PATH\=/Library/Extensions
    export LIBRARY_SEARCH_PATHS\=/Users/pauloricha/Library/Developer/Xcode/DerivedData/iosApp-cynwljdxdnoqyxhdtywpdbpkuabz/Build/Products/Debug-iphonesimulator/abseil\ 
    export LINKER_DISPLAYS_MANGLED_NAMES\=NO
    export LINK_FILE_LIST_normal_arm64\=/Users/pauloricha/Library/Developer/Xcode/DerivedData/iosApp-cynwljdxdnoqyxhdtywpdbpkuabz/Build/Intermediates.noindex/Pods.build/Debug-iphonesimulator/abseil.build/Objects-normal/arm64/absl.LinkFileList
    export LINK_OBJC_RUNTIME\=YES
    export LINK_WITH_STANDARD_LIBRARIES\=YES
    export LLVM_TARGET_TRIPLE_OS_VERSION\=ios16.0
    export LLVM_TARGET_TRIPLE_SUFFIX\=-simulator
    export LLVM_TARGET_TRIPLE_VENDOR\=apple
    export LM_AUX_CONST_METADATA_LIST_PATH_normal_arm64\=/Users/pauloricha/Library/Developer/Xcode/DerivedData/iosApp-cynwljdxdnoqyxhdtywpdbpkuabz/Build/Intermediates.noindex/Pods.build/Debug-iphonesimulator/abseil.build/Objects-normal/arm64/absl.SwiftConstValuesFileList
    export LOCALIZATION_EXPORT_SUPPORTED\=YES
    export LOCALIZATION_PREFERS_STRING_CATALOGS\=NO
    export LOCALIZED_RESOURCES_FOLDER_PATH\=absl.framework/en.lproj
    export LOCALIZED_STRING_CODE_COMMENTS\=NO
    export LOCALIZED_STRING_MACRO_NAMES\=NSLocalizedString\ CFCopyLocalizedString
    export LOCALIZED_STRING_SWIFTUI_SUPPORT\=YES
    export LOCAL_ADMIN_APPS_DIR\=/Applications/Utilities
    export LOCAL_APPS_DIR\=/Applications
    export LOCAL_DEVELOPER_DIR\=/Library/Developer
    export LOCAL_LIBRARY_DIR\=/Library
    export LOCROOT\=/Users/pauloricha/StudioProjects/BolaoDaGalera/iosApp/Pods
    export LOCSYMROOT\=/Users/pauloricha/StudioProjects/BolaoDaGalera/iosApp/Pods
    export MACH_O_TYPE\=mh_dylib
    export MAC_OS_X_PRODUCT_BUILD_VERSION\=25F71
    export MAC_OS_X_VERSION_ACTUAL\=260500
    export MAC_OS_X_VERSION_MAJOR\=260000
    export MAC_OS_X_VERSION_MINOR\=260500
    export MAKE_MERGEABLE\=NO
    export MERGEABLE_LIBRARY\=NO
    export MERGED_BINARY_TYPE\=none
    export MERGE_LINKED_LIBRARIES\=NO
    export METAL_LIBRARY_FILE_BASE\=default
    export METAL_LIBRARY_OUTPUT_DIR\=/Users/pauloricha/Library/Developer/Xcode/DerivedData/iosApp-cynwljdxdnoqyxhdtywpdbpkuabz/Build/Products/Debug-iphonesimulator/abseil/absl.framework
    export MODULEMAP_FILE\=Target\ Support\ Files/abseil/abseil.modulemap
    export MODULES_FOLDER_PATH\=absl.framework/Modules
    export MODULE_CACHE_DIR\=/Users/pauloricha/Library/Developer/Xcode/DerivedData/ModuleCache.noindex
    export MTL_ENABLE_DEBUG_INFO\=INCLUDE_SOURCE
    export MTL_FAST_MATH\=YES
    export NATIVE_ARCH\=arm64
    export NATIVE_ARCH_32_BIT\=arm
    export NATIVE_ARCH_64_BIT\=arm64
    export NATIVE_ARCH_ACTUAL\=arm64
    export NO_COMMON\=YES
    export OBJC_ABI_VERSION\=2
    export OBJECT_FILE_DIR\=/Users/pauloricha/Library/Developer/Xcode/DerivedData/iosApp-cynwljdxdnoqyxhdtywpdbpkuabz/Build/Intermediates.noindex/Pods.build/Debug-iphonesimulator/abseil.build/Objects
    export OBJECT_FILE_DIR_normal\=/Users/pauloricha/Library/Developer/Xcode/DerivedData/iosApp-cynwljdxdnoqyxhdtywpdbpkuabz/Build/Intermediates.noindex/Pods.build/Debug-iphonesimulator/abseil.build/Objects-normal
    export OBJROOT\=/Users/pauloricha/Library/Developer/Xcode/DerivedData/iosApp-cynwljdxdnoqyxhdtywpdbpkuabz/Build/Intermediates.noindex
    export ONLY_ACTIVE_ARCH\=YES
    export OS\=MACOS
    export OSAC\=/usr/bin/osacompile
    export OTHER_LDFLAGS\=\ -l\"c++\"
    export PACKAGE_TYPE\=com.apple.package-type.wrapper.framework
    export PASCAL_STRINGS\=YES
    export PATH\=/Applications/Xcode.app/Contents/SharedFrameworks/SwiftBuild.framework/Versions/A/PlugIns/SWBBuildService.bundle/Contents/PlugIns/SWBUniversalPlatformPlugin.bundle/Contents/Frameworks/SWBUniversalPlatform.framework/Resources:/Applications/Xcode.app/Contents/Developer/Toolchains/XcodeDefault.xctoolchain/usr/bin:/Applications/Xcode.app/Contents/Developer/Toolchains/XcodeDefault.xctoolchain/usr/local/bin:/Applications/Xcode.app/Contents/Developer/Toolchains/XcodeDefault.xctoolchain/usr/libexec:/Applications/Xcode.app/Contents/Developer/Platforms/iPhoneSimulator.platform/usr/bin:/Applications/Xcode.app/Contents/Developer/Platforms/iPhoneSimulator.platform/usr/local/bin:/Applications/Xcode.app/Contents/Developer/Platforms/iPhoneSimulator.platform/Developer/usr/bin:/Applications/Xcode.app/Contents/Developer/Platforms/iPhoneSimulator.platform/Developer/usr/local/bin:/Applications/Xcode.app/Contents/Developer/usr/bin:/Applications/Xcode.app/Contents/Developer/usr/local/bin:/usr/local/bin:/System/Cryptexes/App/usr/bin:/usr/bin:/bin:/usr/sbin:/sbin:/var/run/com.apple.security.cryptexd/codex.system/bootstrap/usr/local/bin:/var/run/com.apple.security.cryptexd/codex.system/bootstrap/usr/bin:/var/run/com.apple.security.cryptexd/codex.system/bootstrap/usr/appleinternal/bin:/pkg/env/global/bin:/Library/Apple/usr/bin:/Applications/Android\ Studio.app/Contents/plugins/android/resources/android-cli/bin
    export PATH_PREFIXES_EXCLUDED_FROM_HEADER_DEPENDENCIES\=/usr/include\ /usr/local/include\ /System/Library/Frameworks\ /System/Library/PrivateFrameworks\ /Applications/Xcode.app/Contents/Developer/Headers\ /Applications/Xcode.app/Contents/Developer/SDKs\ /Applications/Xcode.app/Contents/Developer/Platforms
    export PBDEVELOPMENTPLIST_PATH\=absl.framework/pbdevelopment.plist
    export PER_ARCH_MODULE_FILE_DIR\=/Users/pauloricha/Library/Developer/Xcode/DerivedData/iosApp-cynwljdxdnoqyxhdtywpdbpkuabz/Build/Intermediates.noindex/Pods.build/Debug-iphonesimulator/abseil.build/Objects-normal/undefined_arch
    export PER_ARCH_OBJECT_FILE_DIR\=/Users/pauloricha/Library/Developer/Xcode/DerivedData/iosApp-cynwljdxdnoqyxhdtywpdbpkuabz/Build/Intermediates.noindex/Pods.build/Debug-iphonesimulator/abseil.build/Objects-normal/undefined_arch
    export PER_VARIANT_OBJECT_FILE_DIR\=/Users/pauloricha/Library/Developer/Xcode/DerivedData/iosApp-cynwljdxdnoqyxhdtywpdbpkuabz/Build/Intermediates.noindex/Pods.build/Debug-iphonesimulator/abseil.build/Objects-normal
    export PKGINFO_FILE_PATH\=/Users/pauloricha/Library/Developer/Xcode/DerivedData/iosApp-cynwljdxdnoqyxhdtywpdbpkuabz/Build/Intermediates.noindex/Pods.build/Debug-iphonesimulator/abseil.build/PkgInfo
    export PKGINFO_PATH\=absl.framework/PkgInfo
    export PLATFORM_DEVELOPER_APPLICATIONS_DIR\=/Applications/Xcode.app/Contents/Developer/Platforms/iPhoneSimulator.platform/Developer/Applications
    export PLATFORM_DEVELOPER_BIN_DIR\=/Applications/Xcode.app/Contents/Developer/Platforms/iPhoneSimulator.platform/Developer/usr/bin
    export PLATFORM_DEVELOPER_LIBRARY_DIR\=/Applications/Xcode.app/Contents/Developer/Platforms/iPhoneSimulator.platform/Developer/Library
    export PLATFORM_DEVELOPER_SDK_DIR\=/Applications/Xcode.app/Contents/Developer/Platforms/iPhoneSimulator.platform/Developer/SDKs
    export PLATFORM_DEVELOPER_TOOLS_DIR\=/Applications/Xcode.app/Contents/Developer/Platforms/iPhoneSimulator.platform/Developer/Tools
    export PLATFORM_DEVELOPER_USR_DIR\=/Applications/Xcode.app/Contents/Developer/Platforms/iPhoneSimulator.platform/Developer/usr
    export PLATFORM_DIR\=/Applications/Xcode.app/Contents/Developer/Platforms/iPhoneSimulator.platform
    export PLATFORM_DISPLAY_NAME\=iOS\ Simulator
    export PLATFORM_FAMILY_NAME\=iOS
    export PLATFORM_NAME\=iphonesimulator
    export PLATFORM_PREFERRED_ARCH\=x86_64
    export PLATFORM_PRODUCT_BUILD_VERSION\=23F81a
    export PLATFORM_REQUIRES_SWIFT_AUTOLINK_EXTRACT\=NO
    export PLATFORM_REQUIRES_SWIFT_MODULEWRAP\=NO
    export PLATFORM_USES_DSYMS\=YES
    export PLIST_FILE_OUTPUT_FORMAT\=binary
    export PLUGINS_FOLDER_PATH\=absl.framework/PlugIns
    export PODS_BUILD_DIR\=/Users/pauloricha/Library/Developer/Xcode/DerivedData/iosApp-cynwljdxdnoqyxhdtywpdbpkuabz/Build/Products
    export PODS_CONFIGURATION_BUILD_DIR\=/Users/pauloricha/Library/Developer/Xcode/DerivedData/iosApp-cynwljdxdnoqyxhdtywpdbpkuabz/Build/Products/Debug-iphonesimulator
    export PODS_DEVELOPMENT_LANGUAGE\=en
    export PODS_ROOT\=/Users/pauloricha/StudioProjects/BolaoDaGalera/iosApp/Pods
    export PODS_TARGET_SRCROOT\=/Users/pauloricha/StudioProjects/BolaoDaGalera/iosApp/Pods/abseil
    export PODS_XCFRAMEWORKS_BUILD_DIR\=/Users/pauloricha/Library/Developer/Xcode/DerivedData/iosApp-cynwljdxdnoqyxhdtywpdbpkuabz/Build/Products/Debug-iphonesimulator/XCFrameworkIntermediates
    export PRECOMPS_INCLUDE_HEADERS_FROM_BUILT_PRODUCTS_DIR\=YES
    export PRECOMP_DESTINATION_DIR\=/Users/pauloricha/Library/Developer/Xcode/DerivedData/iosApp-cynwljdxdnoqyxhdtywpdbpkuabz/Build/Intermediates.noindex/Pods.build/Debug-iphonesimulator/abseil.build/PrefixHeaders
    export PRIVATE_HEADERS_FOLDER_PATH\=absl.framework/PrivateHeaders
    export PROCESSED_INFOPLIST_PATH\=/Users/pauloricha/Library/Developer/Xcode/DerivedData/iosApp-cynwljdxdnoqyxhdtywpdbpkuabz/Build/Intermediates.noindex/Pods.build/Debug-iphonesimulator/abseil.build/Objects-normal/undefined_arch/Processed-Info.plist
    export PRODUCT_BUNDLE_IDENTIFIER\=org.cocoapods.absl
    export PRODUCT_BUNDLE_PACKAGE_TYPE\=FMWK
    export PRODUCT_MODULE_NAME\=absl
    export PRODUCT_NAME\=absl
    export PRODUCT_SETTINGS_PATH\=/Users/pauloricha/StudioProjects/BolaoDaGalera/iosApp/Pods/Target\ Support\ Files/abseil/abseil-Info.plist
    export PRODUCT_TYPE\=com.apple.product-type.framework
    export PROFILING_CODE\=NO
    export PROJECT\=Pods
    export PROJECT_DERIVED_FILE_DIR\=/Users/pauloricha/Library/Developer/Xcode/DerivedData/iosApp-cynwljdxdnoqyxhdtywpdbpkuabz/Build/Intermediates.noindex/Pods.build/DerivedSources
    export PROJECT_DIR\=/Users/pauloricha/StudioProjects/BolaoDaGalera/iosApp/Pods
    export PROJECT_FILE_PATH\=/Users/pauloricha/StudioProjects/BolaoDaGalera/iosApp/Pods/Pods.xcodeproj
    export PROJECT_GUID\=8699adb1dd336b26511df848a716bd42
    export PROJECT_NAME\=Pods
    export PROJECT_TEMP_DIR\=/Users/pauloricha/Library/Developer/Xcode/DerivedData/iosApp-cynwljdxdnoqyxhdtywpdbpkuabz/Build/Intermediates.noindex/Pods.build
    export PROJECT_TEMP_ROOT\=/Users/pauloricha/Library/Developer/Xcode/DerivedData/iosApp-cynwljdxdnoqyxhdtywpdbpkuabz/Build/Intermediates.noindex
    export PUBLIC_HEADERS_FOLDER_PATH\=absl.framework/Headers
    export RECOMMENDED_IPHONEOS_DEPLOYMENT_TARGET\=15.0
    export RECURSIVE_SEARCH_PATHS_FOLLOW_SYMLINKS\=YES
    export REMOVE_CVS_FROM_RESOURCES\=YES
    export REMOVE_GIT_FROM_RESOURCES\=YES
    export REMOVE_HEADERS_FROM_EMBEDDED_BUNDLES\=YES
    export REMOVE_HG_FROM_RESOURCES\=YES
    export REMOVE_STATIC_EXECUTABLES_FROM_EMBEDDED_BUNDLES\=YES
    export REMOVE_SVN_FROM_RESOURCES\=YES
    export RESCHEDULE_INDEPENDENT_HEADERS_PHASES\=YES
    export REZ_COLLECTOR_DIR\=/Users/pauloricha/Library/Developer/Xcode/DerivedData/iosApp-cynwljdxdnoqyxhdtywpdbpkuabz/Build/Intermediates.noindex/Pods.build/Debug-iphonesimulator/abseil.build/ResourceManagerResources
    export REZ_OBJECTS_DIR\=/Users/pauloricha/Library/Developer/Xcode/DerivedData/iosApp-cynwljdxdnoqyxhdtywpdbpkuabz/Build/Intermediates.noindex/Pods.build/Debug-iphonesimulator/abseil.build/ResourceManagerResources/Objects
    export REZ_SEARCH_PATHS\=/Users/pauloricha/Library/Developer/Xcode/DerivedData/iosApp-cynwljdxdnoqyxhdtywpdbpkuabz/Build/Products/Debug-iphonesimulator/abseil\ 
    export RPATH_ORIGIN\=@loader_path
    export RUNTIME_EXCEPTION_ALLOW_DYLD_ENVIRONMENT_VARIABLES\=NO
    export RUNTIME_EXCEPTION_ALLOW_JIT\=NO
    export RUNTIME_EXCEPTION_ALLOW_UNSIGNED_EXECUTABLE_MEMORY\=NO
    export RUNTIME_EXCEPTION_DEBUGGING_TOOL\=NO
    export RUNTIME_EXCEPTION_DISABLE_EXECUTABLE_PAGE_PROTECTION\=NO
    export RUNTIME_EXCEPTION_DISABLE_LIBRARY_VALIDATION\=NO
    export SCANNING_PCM_KEEP_CACHE_DIRECTORY\=YES
    export SCAN_ALL_SOURCE_FILES_FOR_INCLUDES\=NO
    export SCRIPTS_FOLDER_PATH\=absl.framework/Scripts
    export SCRIPT_INPUT_FILE_COUNT\=0
    export SCRIPT_INPUT_FILE_LIST_COUNT\=0
    export SCRIPT_OUTPUT_FILE_COUNT\=0
    export SCRIPT_OUTPUT_FILE_LIST_COUNT\=0
    export SDKROOT\=/Applications/Xcode.app/Contents/Developer/Platforms/iPhoneSimulator.platform/Developer/SDKs/iPhoneSimulator26.5.sdk
    export SDK_DIR\=/Applications/Xcode.app/Contents/Developer/Platforms/iPhoneSimulator.platform/Developer/SDKs/iPhoneSimulator26.5.sdk
    export SDK_DIR_iphonesimulator\=/Applications/Xcode.app/Contents/Developer/Platforms/iPhoneSimulator.platform/Developer/SDKs/iPhoneSimulator26.5.sdk
    export SDK_DIR_iphonesimulator26_5\=/Applications/Xcode.app/Contents/Developer/Platforms/iPhoneSimulator.platform/Developer/SDKs/iPhoneSimulator26.5.sdk
    export SDK_NAME\=iphonesimulator26.5
    export SDK_NAMES\=iphonesimulator26.5
    export SDK_PRODUCT_BUILD_VERSION\=23F81a
    export SDK_STAT_CACHE_DIR\=/Users/pauloricha/Library/Developer/Xcode/DerivedData
    export SDK_STAT_CACHE_ENABLE\=YES
    export SDK_STAT_CACHE_PATH\=/Users/pauloricha/Library/Developer/Xcode/DerivedData/SDKStatCaches.noindex/iphonesimulator26.5-23F81a-6cfe768891a92b912361537c460fe42b.sdkstatcache
    export SDK_VERSION\=26.5
    export SDK_VERSION_ACTUAL\=260500
    export SDK_VERSION_MAJOR\=260000
    export SDK_VERSION_MINOR\=260500
    export SED\=/usr/bin/sed
    export SEPARATE_STRIP\=NO
    export SEPARATE_SYMBOL_EDIT\=NO
    export SET_DIR_MODE_OWNER_GROUP\=YES
    export SET_FILE_MODE_OWNER_GROUP\=NO
    export SHALLOW_BUNDLE\=YES
    export SHALLOW_BUNDLE_TRIPLE\=ios-simulator
    export SHALLOW_BUNDLE_ios_macabi\=NO
    export SHALLOW_BUNDLE_macos\=NO
    export SHARED_DERIVED_FILE_DIR\=/Users/pauloricha/Library/Developer/Xcode/DerivedData/iosApp-cynwljdxdnoqyxhdtywpdbpkuabz/Build/Products/Debug-iphonesimulator/abseil/DerivedSources
    export SHARED_FRAMEWORKS_FOLDER_PATH\=absl.framework/SharedFrameworks
    export SHARED_PRECOMPS_DIR\=/Users/pauloricha/Library/Developer/Xcode/DerivedData/iosApp-cynwljdxdnoqyxhdtywpdbpkuabz/Build/Intermediates.noindex/PrecompiledHeaders
    export SHARED_SUPPORT_FOLDER_PATH\=absl.framework
    export SKIP_INSTALL\=YES
    export SKIP_MERGEABLE_LIBRARY_BUNDLE_HOOK\=NO
    export SOURCE_ROOT\=/Users/pauloricha/StudioProjects/BolaoDaGalera/iosApp/Pods
    export SRCROOT\=/Users/pauloricha/StudioProjects/BolaoDaGalera/iosApp/Pods
    export STRINGSDATA_DIR\=/Users/pauloricha/Library/Developer/Xcode/DerivedData/iosApp-cynwljdxdnoqyxhdtywpdbpkuabz/Build/Intermediates.noindex/Pods.build/Debug-iphonesimulator/abseil.build/Objects-normal/undefined_arch
    export STRINGSDATA_ROOT\=/Users/pauloricha/Library/Developer/Xcode/DerivedData/iosApp-cynwljdxdnoqyxhdtywpdbpkuabz/Build/Intermediates.noindex/Pods.build/Debug-iphonesimulator/abseil.build
    export STRINGS_FILE_INFOPLIST_RENAME\=YES
    export STRINGS_FILE_OUTPUT_ENCODING\=binary
    export STRING_CATALOG_GENERATE_SYMBOLS\=NO
    export STRIP_BITCODE_FROM_COPIED_FILES\=NO
    export STRIP_INSTALLED_PRODUCT\=NO
    export STRIP_STYLE\=debugging
    export STRIP_SWIFT_SYMBOLS\=YES
    export SUPPORTED_DEVICE_FAMILIES\=1,2
    export SUPPORTED_PLATFORMS\=iphoneos\ iphonesimulator
    export SUPPORTS_TEXT_BASED_API\=NO
    export SUPPRESS_WARNINGS\=NO
    export SWIFT_ACTIVE_COMPILATION_CONDITIONS\=DEBUG\ 
    export SWIFT_EMIT_CONST_VALUE_PROTOCOLS\=AnyResolverProviding\ AppEntity\ AppEnum\ AppExtension\ AppIntent\ AppIntentsPackage\ AppShortcutProviding\ AppShortcutsProvider\ AppUnionValue\ AppUnionValueCasesProviding\ DynamicOptionsProvider\ EntityQuery\ ExtensionPointDefining\ IntentValueQuery\ Resolver\ TransientEntity\ _AssistantIntentsProvider\ _GenerativeFunctionExtractable\ _IntentValueRepresentable
    export SWIFT_EMIT_LOC_STRINGS\=NO
    export SWIFT_ENABLE_EXPLICIT_MODULES\=YES
    export SWIFT_INSTALL_MODULE_FOR_DEPLOYMENT\=YES
    export SWIFT_INSTALL_OBJC_HEADER\=YES
    export SWIFT_OPTIMIZATION_LEVEL\=-Onone
    export SWIFT_PLATFORM_TARGET_PREFIX\=ios
    export SWIFT_RESPONSE_FILE_PATH_normal_arm64\=/Users/pauloricha/Library/Developer/Xcode/DerivedData/iosApp-cynwljdxdnoqyxhdtywpdbpkuabz/Build/Intermediates.noindex/Pods.build/Debug-iphonesimulator/abseil.build/Objects-normal/arm64/absl.SwiftFileList
    export SWIFT_VERSION\=5.0
    export SYMROOT\=/Users/pauloricha/Library/Developer/Xcode/DerivedData/iosApp-cynwljdxdnoqyxhdtywpdbpkuabz/Build/Products
    export SYSTEM_ADMIN_APPS_DIR\=/Applications/Utilities
    export SYSTEM_APPS_DIR\=/Applications
    export SYSTEM_CORE_SERVICES_DIR\=/System/Library/CoreServices
    export SYSTEM_DEMOS_DIR\=/Applications/Extras
    export SYSTEM_DEVELOPER_APPS_DIR\=/Applications/Xcode.app/Contents/Developer/Applications
    export SYSTEM_DEVELOPER_BIN_DIR\=/Applications/Xcode.app/Contents/Developer/usr/bin
    export SYSTEM_DEVELOPER_DEMOS_DIR\=/Applications/Xcode.app/Contents/Developer/Applications/Utilities/Built\ Examples
    export SYSTEM_DEVELOPER_DIR\=/Applications/Xcode.app/Contents/Developer
    export SYSTEM_DEVELOPER_DOC_DIR\=/Applications/Xcode.app/Contents/Developer/ADC\ Reference\ Library
    export SYSTEM_DEVELOPER_GRAPHICS_TOOLS_DIR\=/Applications/Xcode.app/Contents/Developer/Applications/Graphics\ Tools
    export SYSTEM_DEVELOPER_JAVA_TOOLS_DIR\=/Applications/Xcode.app/Contents/Developer/Applications/Java\ Tools
    export SYSTEM_DEVELOPER_PERFORMANCE_TOOLS_DIR\=/Applications/Xcode.app/Contents/Developer/Applications/Performance\ Tools
    export SYSTEM_DEVELOPER_RELEASENOTES_DIR\=/Applications/Xcode.app/Contents/Developer/ADC\ Reference\ Library/releasenotes
    export SYSTEM_DEVELOPER_TOOLS\=/Applications/Xcode.app/Contents/Developer/Tools
    export SYSTEM_DEVELOPER_TOOLS_DOC_DIR\=/Applications/Xcode.app/Contents/Developer/ADC\ Reference\ Library/documentation/DeveloperTools
    export SYSTEM_DEVELOPER_TOOLS_RELEASENOTES_DIR\=/Applications/Xcode.app/Contents/Developer/ADC\ Reference\ Library/releasenotes/DeveloperTools
    export SYSTEM_DEVELOPER_USR_DIR\=/Applications/Xcode.app/Contents/Developer/usr
    export SYSTEM_DEVELOPER_UTILITIES_DIR\=/Applications/Xcode.app/Contents/Developer/Applications/Utilities
    export SYSTEM_DEXT_INSTALL_PATH\=/System/Library/DriverExtensions
    export SYSTEM_DOCUMENTATION_DIR\=/Library/Documentation
    export SYSTEM_EXTENSIONS_FOLDER_PATH\=absl.framework/SystemExtensions
    export SYSTEM_EXTENSIONS_FOLDER_PATH_SHALLOW_BUNDLE_NO\=absl.framework/Library/SystemExtensions
    export SYSTEM_EXTENSIONS_FOLDER_PATH_SHALLOW_BUNDLE_YES\=absl.framework/SystemExtensions
    export SYSTEM_KEXT_INSTALL_PATH\=/System/Library/Extensions
    export SYSTEM_LIBRARY_DIR\=/System/Library
    export TAPI_DEMANGLE\=YES
    export TAPI_ENABLE_PROJECT_HEADERS\=NO
    export TAPI_LANGUAGE\=objective-c
    export TAPI_LANGUAGE_STANDARD\=compiler-default
    export TAPI_USE_SRCROOT\=YES
    export TAPI_VERIFY_MODE\=Pedantic
    export TARGETED_DEVICE_FAMILY\=1,2
    export TARGETNAME\=abseil
    export TARGET_BUILD_DIR\=/Users/pauloricha/Library/Developer/Xcode/DerivedData/iosApp-cynwljdxdnoqyxhdtywpdbpkuabz/Build/Products/Debug-iphonesimulator/abseil
    export TARGET_DEVICE_IDENTIFIER\=CA8A1A4E-12BA-4D74-A6D0-D29E9E821390
    export TARGET_DEVICE_MODEL\=iPhone18,1
    export TARGET_DEVICE_OS_VERSION\=26.5
    export TARGET_DEVICE_PLATFORM_NAME\=iphonesimulator
    export TARGET_NAME\=abseil
    export TARGET_TEMP_DIR\=/Users/pauloricha/Library/Developer/Xcode/DerivedData/iosApp-cynwljdxdnoqyxhdtywpdbpkuabz/Build/Intermediates.noindex/Pods.build/Debug-iphonesimulator/abseil.build
    export TEMP_DIR\=/Users/pauloricha/Library/Developer/Xcode/DerivedData/iosApp-cynwljdxdnoqyxhdtywpdbpkuabz/Build/Intermediates.noindex/Pods.build/Debug-iphonesimulator/abseil.build
    export TEMP_FILES_DIR\=/Users/pauloricha/Library/Developer/Xcode/DerivedData/iosApp-cynwljdxdnoqyxhdtywpdbpkuabz/Build/Intermediates.noindex/Pods.build/Debug-iphonesimulator/abseil.build
    export TEMP_FILE_DIR\=/Users/pauloricha/Library/Developer/Xcode/DerivedData/iosApp-cynwljdxdnoqyxhdtywpdbpkuabz/Build/Intermediates.noindex/Pods.build/Debug-iphonesimulator/abseil.build
    export TEMP_ROOT\=/Users/pauloricha/Library/Developer/Xcode/DerivedData/iosApp-cynwljdxdnoqyxhdtywpdbpkuabz/Build/Intermediates.noindex
    export TEMP_SANDBOX_DIR\=/Users/pauloricha/Library/Developer/Xcode/DerivedData/iosApp-cynwljdxdnoqyxhdtywpdbpkuabz/Build/Intermediates.noindex/TemporaryTaskSandboxes
    export TEST_FRAMEWORK_SEARCH_PATHS\=\ /Applications/Xcode.app/Contents/Developer/Platforms/iPhoneSimulator.platform/Developer/Library/Frameworks\ /Applications/Xcode.app/Contents/Developer/Platforms/iPhoneSimulator.platform/Developer/SDKs/iPhoneSimulator26.5.sdk/Developer/Library/Frameworks
    export TEST_LIBRARY_SEARCH_PATHS\=\ /Applications/Xcode.app/Contents/Developer/Platforms/iPhoneSimulator.platform/Developer/usr/lib
    export TOOLCHAINS\=com.apple.dt.toolchain.XcodeDefault
    export TOOLCHAIN_DIR\=/Applications/Xcode.app/Contents/Developer/Toolchains/XcodeDefault.xctoolchain
    export TREAT_MISSING_BASELINES_AS_TEST_FAILURES\=NO
    export TREAT_MISSING_SCRIPT_PHASE_OUTPUTS_AS_ERRORS\=NO
    export TeamIdentifierPrefix\=FAKETEAMID.
    export UID\=501
    export UNINSTALLED_PRODUCTS_DIR\=/Users/pauloricha/Library/Developer/Xcode/DerivedData/iosApp-cynwljdxdnoqyxhdtywpdbpkuabz/Build/Intermediates.noindex/UninstalledProducts
    export UNLOCALIZED_RESOURCES_FOLDER_PATH\=absl.framework
    export UNLOCALIZED_RESOURCES_FOLDER_PATH_SHALLOW_BUNDLE_NO\=absl.framework/Resources
    export UNLOCALIZED_RESOURCES_FOLDER_PATH_SHALLOW_BUNDLE_YES\=absl.framework
    export UNSTRIPPED_PRODUCT\=NO
    export USER\=pauloricha
    export USER_APPS_DIR\=/Users/pauloricha/Applications
    export USER_HEADER_SEARCH_PATHS\=\ \"/Users/pauloricha/StudioProjects/BolaoDaGalera/iosApp/Pods/abseil\"
    export USER_LIBRARY_DIR\=/Users/pauloricha/Library
    export USE_DYNAMIC_NO_PIC\=YES
    export USE_HEADERMAP\=NO
    export USE_HEADER_SYMLINKS\=NO
    export USE_RECURSIVE_SCRIPT_INPUTS_IN_SCRIPT_PHASES\=YES
    export VALIDATE_DEVELOPMENT_ASSET_PATHS\=YES_ERROR
    export VALIDATE_PRODUCT\=NO
    export VALID_ARCHS\=arm64\ x86_64
    export VERBOSE_PBXCP\=NO
    export VERSIONING_SYSTEM\=apple-generic
    export VERSIONPLIST_PATH\=absl.framework/version.plist
    export VERSIONS_FOLDER_PATH\=absl.framework
    export VERSIONS_FOLDER_PATH_SHALLOW_BUNDLE_NO\=absl.framework/Versions
    export VERSIONS_FOLDER_PATH_SHALLOW_BUNDLE_YES\=absl.framework
    export VERSION_INFO_BUILDER\=pauloricha
    export VERSION_INFO_FILE\=absl_vers.c
    export VERSION_INFO_STRING\=\"@\(\#\)PROGRAM:absl\ \ PROJECT:Pods-1\"
    export WORKSPACE_DIR\=/Users/pauloricha/StudioProjects/BolaoDaGalera/iosApp
    export WRAPPER_EXTENSION\=framework
    export WRAPPER_NAME\=absl.framework
    export WRAPPER_SUFFIX\=.framework
    export WRAP_ASSET_PACKS_IN_SEPARATE_DIRECTORIES\=NO
    export XCODE_APP_SUPPORT_DIR\=/Applications/Xcode.app/Contents/Developer/Library/Xcode
    export XCODE_PRODUCT_BUILD_VERSION\=17F113
    export XCODE_VERSION_ACTUAL\=2660
    export XCODE_VERSION_MAJOR\=2600
    export XCODE_VERSION_MINOR\=2660
    export XPCSERVICES_FOLDER_PATH\=absl.framework/XPCServices
    export YACC\=yacc
    export _DISCOVER_COMMAND_LINE_LINKER_INPUTS\=YES
    export _DISCOVER_COMMAND_LINE_LINKER_INPUTS_INCLUDE_WL\=YES
    export _LD_MULTIARCH\=YES
    export _WRAPPER_CONTENTS_DIR_SHALLOW_BUNDLE_NO\=/Contents
    export _WRAPPER_PARENT_PATH_SHALLOW_BUNDLE_NO\=/..
    export _WRAPPER_RESOURCES_DIR_SHALLOW_BUNDLE_NO\=/Resources
    export __DIAGNOSE_DEPRECATED_ARCHS\=YES
    export __ORIGINAL_SDK_DEFINED_LLVM_TARGET_TRIPLE_SYS\=ios
    export arch\=undefined_arch
    export variant\=normal
    /bin/sh -c /Users/pauloricha/Library/Developer/Xcode/DerivedData/iosApp-cynwljdxdnoqyxhdtywpdbpkuabz/Build/Intermediates.noindex/Pods.build/Debug-iphonesimulator/abseil.build/Script-A8323C070D2757BE86A33CD6959CE697.sh

ExtractAppIntentsMetadata (in target 'FirebaseAuth' from project 'Pods')
    cd /Users/pauloricha/StudioProjects/BolaoDaGalera/iosApp/Pods
    /Applications/Xcode.app/Contents/Developer/Toolchains/XcodeDefault.xctoolchain/usr/bin/appintentsmetadataprocessor --toolchain-dir /Applications/Xcode.app/Contents/Developer/Toolchains/XcodeDefault.xctoolchain --module-name FirebaseAuth --sdk-root /Applications/Xcode.app/Contents/Developer/Platforms/iPhoneSimulator.platform/Developer/SDKs/iPhoneSimulator26.5.sdk --xcode-version 17F113 --platform-family iOS --deployment-target 16.0 --bundle-identifier org.cocoapods.FirebaseAuth --output /Users/pauloricha/Library/Developer/Xcode/DerivedData/iosApp-cynwljdxdnoqyxhdtywpdbpkuabz/Build/Products/Debug-iphonesimulator/FirebaseAuth/FirebaseAuth.framework --target-triple arm64-apple-ios16.0-simulator --binary-file /Users/pauloricha/Library/Developer/Xcode/DerivedData/iosApp-cynwljdxdnoqyxhdtywpdbpkuabz/Build/Products/Debug-iphonesimulator/FirebaseAuth/FirebaseAuth.framework/FirebaseAuth --dependency-file /Users/pauloricha/Library/Developer/Xcode/DerivedData/iosApp-cynwljdxdnoqyxhdtywpdbpkuabz/Build/Intermediates.noindex/Pods.build/Debug-iphonesimulator/FirebaseAuth.build/Objects-normal/arm64/FirebaseAuth_dependency_info.dat --stringsdata-file /Users/pauloricha/Library/Developer/Xcode/DerivedData/iosApp-cynwljdxdnoqyxhdtywpdbpkuabz/Build/Intermediates.noindex/Pods.build/Debug-iphonesimulator/FirebaseAuth.build/Objects-normal/arm64/ExtractedAppShortcutsMetadata.stringsdata --source-file-list /Users/pauloricha/Library/Developer/Xcode/DerivedData/iosApp-cynwljdxdnoqyxhdtywpdbpkuabz/Build/Intermediates.noindex/Pods.build/Debug-iphonesimulator/FirebaseAuth.build/Objects-normal/arm64/FirebaseAuth.SwiftFileList --metadata-file-list /Users/pauloricha/Library/Developer/Xcode/DerivedData/iosApp-cynwljdxdnoqyxhdtywpdbpkuabz/Build/Intermediates.noindex/Pods.build/Debug-iphonesimulator/FirebaseAuth.build/FirebaseAuth.DependencyMetadataFileList --static-metadata-file-list /Users/pauloricha/Library/Developer/Xcode/DerivedData/iosApp-cynwljdxdnoqyxhdtywpdbpkuabz/Build/Intermediates.noindex/Pods.build/Debug-iphonesimulator/FirebaseAuth.build/FirebaseAuth.DependencyStaticMetadataFileList --swift-const-vals-list /Users/pauloricha/Library/Developer/Xcode/DerivedData/iosApp-cynwljdxdnoqyxhdtywpdbpkuabz/Build/Intermediates.noindex/Pods.build/Debug-iphonesimulator/FirebaseAuth.build/Objects-normal/arm64/FirebaseAuth.SwiftConstValuesFileList --compile-time-extraction --deployment-aware-processing --validate-assistant-intents --no-app-shortcuts-localization
2026-08-16 21:38:37.176 appintentsmetadataprocessor[45692:4901531] Starting appintentsmetadataprocessor export
2026-08-16 21:38:37.178 appintentsmetadataprocessor[45692:4901531] warning: Metadata extraction skipped. No AppIntents.framework dependency found.

GenerateTAPI /Users/pauloricha/Library/Developer/Xcode/DerivedData/iosApp-cynwljdxdnoqyxhdtywpdbpkuabz/Build/Intermediates.noindex/EagerLinkingTBDs/Debug-iphonesimulator/FirebaseAuth.framework/FirebaseAuth.tbd (in target 'FirebaseAuth' from project 'Pods')
    cd /Users/pauloricha/StudioProjects/BolaoDaGalera/iosApp/Pods
    /Applications/Xcode.app/Contents/Developer/Toolchains/XcodeDefault.xctoolchain/usr/bin/tapi stubify -isysroot /Applications/Xcode.app/Contents/Developer/Platforms/iPhoneSimulator.platform/Developer/SDKs/iPhoneSimulator26.5.sdk -F/Users/pauloricha/Library/Developer/Xcode/DerivedData/iosApp-cynwljdxdnoqyxhdtywpdbpkuabz/Build/Products/Debug-iphonesimulator/FirebaseAuth -F/Users/pauloricha/Library/Developer/Xcode/DerivedData/iosApp-cynwljdxdnoqyxhdtywpdbpkuabz/Build/Products/Debug-iphonesimulator/FirebaseAppCheckInterop -F/Users/pauloricha/Library/Developer/Xcode/DerivedData/iosApp-cynwljdxdnoqyxhdtywpdbpkuabz/Build/Products/Debug-iphonesimulator/FirebaseAuthInterop -F/Users/pauloricha/Library/Developer/Xcode/DerivedData/iosApp-cynwljdxdnoqyxhdtywpdbpkuabz/Build/Products/Debug-iphonesimulator/FirebaseCore -F/Users/pauloricha/Library/Developer/Xcode/DerivedData/iosApp-cynwljdxdnoqyxhdtywpdbpkuabz/Build/Products/Debug-iphonesimulator/FirebaseCoreExtension -F/Users/pauloricha/Library/Developer/Xcode/DerivedData/iosApp-cynwljdxdnoqyxhdtywpdbpkuabz/Build/Products/Debug-iphonesimulator/FirebaseCoreInternal -F/Users/pauloricha/Library/Developer/Xcode/DerivedData/iosApp-cynwljdxdnoqyxhdtywpdbpkuabz/Build/Products/Debug-iphonesimulator/GTMSessionFetcher -F/Users/pauloricha/Library/Developer/Xcode/DerivedData/iosApp-cynwljdxdnoqyxhdtywpdbpkuabz/Build/Products/Debug-iphonesimulator/GoogleUtilities -F/Users/pauloricha/Library/Developer/Xcode/DerivedData/iosApp-cynwljdxdnoqyxhdtywpdbpkuabz/Build/Products/Debug-iphonesimulator/RecaptchaInterop -L/Users/pauloricha/Library/Developer/Xcode/DerivedData/iosApp-cynwljdxdnoqyxhdtywpdbpkuabz/Build/Products/Debug-iphonesimulator/FirebaseAuth -L/Applications/Xcode.app/Contents/Developer/Toolchains/XcodeDefault.xctoolchain/usr/lib/swift/iphonesimulator -L/Applications/Xcode.app/Contents/Developer/Platforms/iPhoneSimulator.platform/Developer/SDKs/iPhoneSimulator26.5.sdk/usr/lib/swift /Users/pauloricha/Library/Developer/Xcode/DerivedData/iosApp-cynwljdxdnoqyxhdtywpdbpkuabz/Build/Products/Debug-iphonesimulator/FirebaseAuth/FirebaseAuth.framework/FirebaseAuth -o /Users/pauloricha/Library/Developer/Xcode/DerivedData/iosApp-cynwljdxdnoqyxhdtywpdbpkuabz/Build/Intermediates.noindex/EagerLinkingTBDs/Debug-iphonesimulator/FirebaseAuth.framework/FirebaseAuth.tbd

CodeSign /Users/pauloricha/Library/Developer/Xcode/DerivedData/iosApp-cynwljdxdnoqyxhdtywpdbpkuabz/Build/Products/Debug-iphonesimulator/FirebaseAuth/FirebaseAuth.framework (in target 'FirebaseAuth' from project 'Pods')
    cd /Users/pauloricha/StudioProjects/BolaoDaGalera/iosApp/Pods
    
    Signing Identity:     "Sign to Run Locally"
    
    /usr/bin/codesign --force --sign - --timestamp\=none --generate-entitlement-der /Users/pauloricha/Library/Developer/Xcode/DerivedData/iosApp-cynwljdxdnoqyxhdtywpdbpkuabz/Build/Products/Debug-iphonesimulator/FirebaseAuth/FirebaseAuth.framework

GenerateTAPI /Users/pauloricha/Library/Developer/Xcode/DerivedData/iosApp-cynwljdxdnoqyxhdtywpdbpkuabz/Build/Intermediates.noindex/EagerLinkingTBDs/Debug-iphonesimulator/absl.framework/absl.tbd (in target 'abseil' from project 'Pods')
    cd /Users/pauloricha/StudioProjects/BolaoDaGalera/iosApp/Pods
    /Applications/Xcode.app/Contents/Developer/Toolchains/XcodeDefault.xctoolchain/usr/bin/tapi stubify -isysroot /Applications/Xcode.app/Contents/Developer/Platforms/iPhoneSimulator.platform/Developer/SDKs/iPhoneSimulator26.5.sdk -F/Users/pauloricha/Library/Developer/Xcode/DerivedData/iosApp-cynwljdxdnoqyxhdtywpdbpkuabz/Build/Products/Debug-iphonesimulator/abseil -L/Users/pauloricha/Library/Developer/Xcode/DerivedData/iosApp-cynwljdxdnoqyxhdtywpdbpkuabz/Build/Products/Debug-iphonesimulator/abseil /Users/pauloricha/Library/Developer/Xcode/DerivedData/iosApp-cynwljdxdnoqyxhdtywpdbpkuabz/Build/Products/Debug-iphonesimulator/abseil/absl.framework/absl -o /Users/pauloricha/Library/Developer/Xcode/DerivedData/iosApp-cynwljdxdnoqyxhdtywpdbpkuabz/Build/Intermediates.noindex/EagerLinkingTBDs/Debug-iphonesimulator/absl.framework/absl.tbd

CodeSign /Users/pauloricha/Library/Developer/Xcode/DerivedData/iosApp-cynwljdxdnoqyxhdtywpdbpkuabz/Build/Products/Debug-iphonesimulator/abseil/absl.framework (in target 'abseil' from project 'Pods')
    cd /Users/pauloricha/StudioProjects/BolaoDaGalera/iosApp/Pods
    
    Signing Identity:     "Sign to Run Locally"
    
    /usr/bin/codesign --force --sign - --timestamp\=none --generate-entitlement-der /Users/pauloricha/Library/Developer/Xcode/DerivedData/iosApp-cynwljdxdnoqyxhdtywpdbpkuabz/Build/Products/Debug-iphonesimulator/abseil/absl.framework

ProcessInfoPlistFile /Users/pauloricha/Library/Developer/Xcode/DerivedData/iosApp-cynwljdxdnoqyxhdtywpdbpkuabz/Build/Products/Debug-iphonesimulator/gRPC-Core/grpc.bundle/Info.plist /Users/pauloricha/StudioProjects/BolaoDaGalera/iosApp/Pods/Target\ Support\ Files/gRPC-Core/ResourceBundle-grpc-gRPC-Core-Info.plist (in target 'gRPC-Core-grpc' from project 'Pods')
    cd /Users/pauloricha/StudioProjects/BolaoDaGalera/iosApp/Pods
    builtin-infoPlistUtility /Users/pauloricha/StudioProjects/BolaoDaGalera/iosApp/Pods/Target\ Support\ Files/gRPC-Core/ResourceBundle-grpc-gRPC-Core-Info.plist -producttype com.apple.product-type.bundle -expandbuildsettings -format binary -platform iphonesimulator -o /Users/pauloricha/Library/Developer/Xcode/DerivedData/iosApp-cynwljdxdnoqyxhdtywpdbpkuabz/Build/Products/Debug-iphonesimulator/gRPC-Core/grpc.bundle/Info.plist

ProcessInfoPlistFile /Users/pauloricha/Library/Developer/Xcode/DerivedData/iosApp-cynwljdxdnoqyxhdtywpdbpkuabz/Build/Products/Debug-iphonesimulator/gRPC-Core/grpc.framework/Info.plist /Users/pauloricha/StudioProjects/BolaoDaGalera/iosApp/Pods/Target\ Support\ Files/gRPC-Core/gRPC-Core-Info.plist (in target 'gRPC-Core' from project 'Pods')
    cd /Users/pauloricha/StudioProjects/BolaoDaGalera/iosApp/Pods
    builtin-infoPlistUtility /Users/pauloricha/StudioProjects/BolaoDaGalera/iosApp/Pods/Target\ Support\ Files/gRPC-Core/gRPC-Core-Info.plist -producttype com.apple.product-type.framework -expandbuildsettings -format binary -platform iphonesimulator -o /Users/pauloricha/Library/Developer/Xcode/DerivedData/iosApp-cynwljdxdnoqyxhdtywpdbpkuabz/Build/Products/Debug-iphonesimulator/gRPC-Core/grpc.framework/Info.plist

Ld /Users/pauloricha/Library/Developer/Xcode/DerivedData/iosApp-cynwljdxdnoqyxhdtywpdbpkuabz/Build/Products/Debug-iphonesimulator/gRPC-Core/grpc.framework/grpc normal (in target 'gRPC-Core' from project 'Pods')
    cd /Users/pauloricha/StudioProjects/BolaoDaGalera/iosApp/Pods
    /Applications/Xcode.app/Contents/Developer/Toolchains/XcodeDefault.xctoolchain/usr/bin/clang++ -Xlinker -reproducible -target arm64-apple-ios16.0-simulator -dynamiclib -isysroot /Applications/Xcode.app/Contents/Developer/Platforms/iPhoneSimulator.platform/Developer/SDKs/iPhoneSimulator26.5.sdk -O0 -L/Users/pauloricha/Library/Developer/Xcode/DerivedData/iosApp-cynwljdxdnoqyxhdtywpdbpkuabz/Build/Intermediates.noindex/EagerLinkingTBDs/Debug-iphonesimulator -L/Users/pauloricha/Library/Developer/Xcode/DerivedData/iosApp-cynwljdxdnoqyxhdtywpdbpkuabz/Build/Products/Debug-iphonesimulator/gRPC-Core -F/Users/pauloricha/Library/Developer/Xcode/DerivedData/iosApp-cynwljdxdnoqyxhdtywpdbpkuabz/Build/Intermediates.noindex/EagerLinkingTBDs/Debug-iphonesimulator -F/Users/pauloricha/Library/Developer/Xcode/DerivedData/iosApp-cynwljdxdnoqyxhdtywpdbpkuabz/Build/Products/Debug-iphonesimulator/gRPC-Core -F/Users/pauloricha/Library/Developer/Xcode/DerivedData/iosApp-cynwljdxdnoqyxhdtywpdbpkuabz/Build/Products/Debug-iphonesimulator/BoringSSL-GRPC -F/Users/pauloricha/Library/Developer/Xcode/DerivedData/iosApp-cynwljdxdnoqyxhdtywpdbpkuabz/Build/Products/Debug-iphonesimulator/abseil -filelist /Users/pauloricha/Library/Developer/Xcode/DerivedData/iosApp-cynwljdxdnoqyxhdtywpdbpkuabz/Build/Intermediates.noindex/Pods.build/Debug-iphonesimulator/gRPC-Core.build/Objects-normal/arm64/grpc.LinkFileList -install_name @rpath/grpc.framework/grpc -Xlinker -rpath -Xlinker @executable_path/Frameworks -Xlinker -rpath -Xlinker @loader_path/Frameworks -Xlinker -dead_strip -Xlinker -object_path_lto -Xlinker /Users/pauloricha/Library/Developer/Xcode/DerivedData/iosApp-cynwljdxdnoqyxhdtywpdbpkuabz/Build/Intermediates.noindex/Pods.build/Debug-iphonesimulator/gRPC-Core.build/Objects-normal/arm64/grpc_lto.o -rdynamic -Xlinker -no_deduplicate -Xlinker -objc_abi_version -Xlinker 2 -Xlinker -dependency_info -Xlinker /Users/pauloricha/Library/Developer/Xcode/DerivedData/iosApp-cynwljdxdnoqyxhdtywpdbpkuabz/Build/Intermediates.noindex/Pods.build/Debug-iphonesimulator/gRPC-Core.build/Objects-normal/arm64/grpc_dependency_info.dat -stdlib\=libc++ -fobjc-arc -fobjc-link-runtime -lc++ -lz -framework absl -framework openssl_grpc -framework Foundation -Xlinker -no_adhoc_codesign -compatibility_version 1 -current_version 1 -o /Users/pauloricha/Library/Developer/Xcode/DerivedData/iosApp-cynwljdxdnoqyxhdtywpdbpkuabz/Build/Products/Debug-iphonesimulator/gRPC-Core/grpc.framework/grpc
/Users/pauloricha/StudioProjects/BolaoDaGalera/iosApp/Pods/Pods.xcodeproj: gRPC-Core: ld: warning: ignoring duplicate libraries: '-lc++'

PhaseScriptExecution Create\ Symlinks\ to\ Header\ Folders /Users/pauloricha/Library/Developer/Xcode/DerivedData/iosApp-cynwljdxdnoqyxhdtywpdbpkuabz/Build/Intermediates.noindex/Pods.build/Debug-iphonesimulator/gRPC-Core.build/Script-26344E91DB228D8E34F11F6F1FE35DA9.sh (in target 'gRPC-Core' from project 'Pods')
    cd /Users/pauloricha/StudioProjects/BolaoDaGalera/iosApp/Pods
    export ACTION\=build
    export AD_HOC_CODE_SIGNING_ALLOWED\=YES
    export ALLOW_BUILD_REQUEST_OVERRIDES\=NO
    export ALLOW_TARGET_PLATFORM_SPECIALIZATION\=NO
    export ALTERNATE_GROUP\=staff
    export ALTERNATE_MODE\=u+w,go-w,a+rX
    export ALTERNATE_OWNER\=pauloricha
    export ALTERNATIVE_DISTRIBUTION_WEB\=NO
    export ALWAYS_EMBED_SWIFT_STANDARD_LIBRARIES\=NO
    export ALWAYS_SEARCH_USER_PATHS\=NO
    export ALWAYS_USE_SEPARATE_HEADERMAPS\=NO
    export APPLICATION_EXTENSION_API_ONLY\=NO
    export APPLY_RULES_IN_COPY_FILES\=NO
    export APPLY_RULES_IN_COPY_HEADERS\=NO
    export APP_SHORTCUTS_ENABLE_FLEXIBLE_MATCHING\=YES
    export ARCHS\=arm64
    export ARCHS_BASE\=arm64
    export ARCHS_STANDARD\=arm64\ x86_64
    export ARCHS_STANDARD_32_64_BIT\=arm64\ x86_64
    export ARCHS_STANDARD_64_BIT\=arm64\ x86_64
    export ARCHS_STANDARD_INCLUDING_64_BIT\=arm64\ x86_64
    export ARCHS_UNIVERSAL_IPHONE_OS\=arm64\ x86_64
    export ASSETCATALOG_FILTER_FOR_DEVICE_MODEL\=iPhone18,1
    export ASSETCATALOG_FILTER_FOR_DEVICE_OS_VERSION\=26.5
    export ASSETCATALOG_FILTER_FOR_THINNING_DEVICE_CONFIGURATION\=iPhone18,1
    export AUTOMATICALLY_MERGE_DEPENDENCIES\=NO
    export AUTOMATION_APPLE_EVENTS\=NO
    export AVAILABLE_PLATFORMS\=android\ appletvos\ appletvsimulator\ driverkit\ freebsd\ iphoneos\ iphonesimulator\ linux\ macosx\ none\ openbsd\ qnx\ watchos\ watchsimulator\ webassembly\ xros\ xrsimulator
    export AppIdentifierPrefix\=FAKETEAMID.
    export BUILD_ACTIVE_RESOURCES_ONLY\=YES
    export BUILD_COMPONENTS\=headers\ build
    export BUILD_DIR\=/Users/pauloricha/Library/Developer/Xcode/DerivedData/iosApp-cynwljdxdnoqyxhdtywpdbpkuabz/Build/Products
    export BUILD_LIBRARY_FOR_DISTRIBUTION\=NO
    export BUILD_ONLY_KNOWN_LOCALIZATIONS\=NO
    export BUILD_ROOT\=/Users/pauloricha/Library/Developer/Xcode/DerivedData/iosApp-cynwljdxdnoqyxhdtywpdbpkuabz/Build/Products
    export BUILD_STYLE\=
    export BUILD_VARIANTS\=normal
    export BUILT_PRODUCTS_DIR\=/Users/pauloricha/Library/Developer/Xcode/DerivedData/iosApp-cynwljdxdnoqyxhdtywpdbpkuabz/Build/Products/Debug-iphonesimulator/gRPC-Core
    export BUNDLE_CONTENTS_FOLDER_PATH_deep\=Contents/
    export BUNDLE_EXECUTABLE_FOLDER_NAME_deep\=MacOS
    export BUNDLE_EXTENSIONS_FOLDER_PATH\=Extensions
    export BUNDLE_FORMAT\=shallow
    export BUNDLE_FRAMEWORKS_FOLDER_PATH\=Frameworks
    export BUNDLE_PLUGINS_FOLDER_PATH\=PlugIns
    export BUNDLE_PRIVATE_HEADERS_FOLDER_PATH\=PrivateHeaders
    export BUNDLE_PUBLIC_HEADERS_FOLDER_PATH\=Headers
    export CACHE_ROOT\=/var/folders/4r/3rcf_fc95ll948ycc5r4nl_r0000gn/C/com.apple.DeveloperTools/26.6-17F113/Xcode
    export CCHROOT\=/var/folders/4r/3rcf_fc95ll948ycc5r4nl_r0000gn/C/com.apple.DeveloperTools/26.6-17F113/Xcode
    export CHMOD\=/bin/chmod
    export CHOWN\=chown
    export CLANG_ANALYZER_LOCALIZABILITY_NONLOCALIZED\=YES
    export CLANG_ANALYZER_NONNULL\=YES
    export CLANG_ANALYZER_NUMBER_OBJECT_CONVERSION\=YES_AGGRESSIVE
    export CLANG_CACHE_FINE_GRAINED_OUTPUTS\=YES
    export CLANG_CXX_LANGUAGE_STANDARD\=c++14
    export CLANG_CXX_LIBRARY\=libc++
    export CLANG_ENABLE_EXPLICIT_MODULES\=YES
    export CLANG_ENABLE_MODULES\=YES
    export CLANG_ENABLE_OBJC_ARC\=YES
    export CLANG_ENABLE_OBJC_WEAK\=NO
    export CLANG_MODULES_BUILD_SESSION_FILE\=/Users/pauloricha/Library/Developer/Xcode/DerivedData/ModuleCache.noindex/Session.modulevalidation
    export CLANG_WARN_BLOCK_CAPTURE_AUTORELEASING\=YES
    export CLANG_WARN_BOOL_CONVERSION\=YES
    export CLANG_WARN_COMMA\=YES
    export CLANG_WARN_CONSTANT_CONVERSION\=YES
    export CLANG_WARN_DEPRECATED_OBJC_IMPLEMENTATIONS\=YES
    export CLANG_WARN_DIRECT_OBJC_ISA_USAGE\=YES_ERROR
    export CLANG_WARN_DOCUMENTATION_COMMENTS\=YES
    export CLANG_WARN_EMPTY_BODY\=YES
    export CLANG_WARN_ENUM_CONVERSION\=YES
    export CLANG_WARN_INFINITE_RECURSION\=YES
    export CLANG_WARN_INT_CONVERSION\=YES
    export CLANG_WARN_NON_LITERAL_NULL_CONVERSION\=YES
    export CLANG_WARN_OBJC_IMPLICIT_RETAIN_SELF\=YES
    export CLANG_WARN_OBJC_LITERAL_CONVERSION\=YES
    export CLANG_WARN_OBJC_ROOT_CLASS\=YES_ERROR
    export CLANG_WARN_QUOTED_INCLUDE_IN_FRAMEWORK_HEADER\=NO
    export CLANG_WARN_RANGE_LOOP_ANALYSIS\=YES
    export CLANG_WARN_STRICT_PROTOTYPES\=NO
    export CLANG_WARN_SUSPICIOUS_MOVE\=YES
    export CLANG_WARN_UNGUARDED_AVAILABILITY\=YES_AGGRESSIVE
    export CLANG_WARN_UNREACHABLE_CODE\=YES
    export CLANG_WARN__DUPLICATE_METHOD_MATCH\=YES
    export CLASS_FILE_DIR\=/Users/pauloricha/Library/Developer/Xcode/DerivedData/iosApp-cynwljdxdnoqyxhdtywpdbpkuabz/Build/Intermediates.noindex/Pods.build/Debug-iphonesimulator/gRPC-Core.build/JavaClasses
    export CLEAN_PRECOMPS\=YES
    export CLONE_HEADERS\=NO
    export CODESIGNING_FOLDER_PATH\=/Users/pauloricha/Library/Developer/Xcode/DerivedData/iosApp-cynwljdxdnoqyxhdtywpdbpkuabz/Build/Products/Debug-iphonesimulator/gRPC-Core/grpc.framework
    export CODE_SIGNING_ALLOWED\=YES
    export CODE_SIGNING_REQUIRED\=NO
    export CODE_SIGNING_REQUIRES_TEAM\=YES
    export CODE_SIGN_CONTEXT_CLASS\=XCiPhoneSimulatorCodeSignContext
    export CODE_SIGN_IDENTITY\=-
    export CODE_SIGN_INJECT_BASE_ENTITLEMENTS\=YES
    export COLOR_DIAGNOSTICS\=NO
    export COMBINE_HIDPI_IMAGES\=NO
    export COMPILATION_CACHE_CAS_PATH\=/Users/pauloricha/Library/Developer/Xcode/DerivedData/CompilationCache.noindex
    export COMPILATION_CACHE_KEEP_CAS_DIRECTORY\=YES
    export COMPILER_INDEX_STORE_ENABLE\=Default
    export COMPOSITE_SDK_DIRS\=/Users/pauloricha/Library/Developer/Xcode/DerivedData/iosApp-cynwljdxdnoqyxhdtywpdbpkuabz/Build/Intermediates.noindex/CompositeSDKs
    export COMPRESS_PNG_FILES\=YES
    export CONFIGURATION\=Debug
    export CONFIGURATION_BUILD_DIR\=/Users/pauloricha/Library/Developer/Xcode/DerivedData/iosApp-cynwljdxdnoqyxhdtywpdbpkuabz/Build/Products/Debug-iphonesimulator/gRPC-Core
    export CONFIGURATION_TEMP_DIR\=/Users/pauloricha/Library/Developer/Xcode/DerivedData/iosApp-cynwljdxdnoqyxhdtywpdbpkuabz/Build/Intermediates.noindex/Pods.build/Debug-iphonesimulator
    export CONTENTS_FOLDER_PATH\=grpc.framework
    export CONTENTS_FOLDER_PATH_SHALLOW_BUNDLE_NO\=grpc.framework/A
    export CONTENTS_FOLDER_PATH_SHALLOW_BUNDLE_YES\=grpc.framework
    export COPYING_PRESERVES_HFS_DATA\=NO
    export COPY_HEADERS_RUN_UNIFDEF\=NO
    export COPY_PHASE_STRIP\=NO
    export CORRESPONDING_DEVICE_PLATFORM_DIR\=/Applications/Xcode.app/Contents/Developer/Platforms/iPhoneOS.platform
    export CORRESPONDING_DEVICE_PLATFORM_NAME\=iphoneos
    export CORRESPONDING_DEVICE_SDK_DIR\=/Applications/Xcode.app/Contents/Developer/Platforms/iPhoneOS.platform/Developer/SDKs/iPhoneOS26.5.sdk
    export CORRESPONDING_DEVICE_SDK_NAME\=iphoneos26.5
    export CP\=/bin/cp
    export CREATE_INFOPLIST_SECTION_IN_BINARY\=NO
    export CURRENT_ARCH\=undefined_arch
    export CURRENT_PROJECT_VERSION\=1
    export CURRENT_VARIANT\=normal
    export CURRENT_VERSION\=Current
    export DEAD_CODE_STRIPPING\=YES
    export DEBUGGING_SYMBOLS\=YES
    export DEBUG_INFORMATION_FORMAT\=dwarf
    export DEBUG_INFORMATION_VERSION\=compiler-default
    export DEFAULT_COMPILER\=com.apple.compilers.llvm.clang.1_0
    export DEFAULT_DEXT_INSTALL_PATH\=/System/Library/DriverExtensions
    export DEFAULT_KEXT_INSTALL_PATH\=/System/Library/Extensions
    export DEFINES_MODULE\=YES
    export DEPLOYMENT_LOCATION\=NO
    export DEPLOYMENT_POSTPROCESSING\=NO
    export DEPLOYMENT_TARGET_SETTING_NAME\=IPHONEOS_DEPLOYMENT_TARGET
    export DEPLOYMENT_TARGET_SUGGESTED_VALUES\=12.0\ 12.1\ 12.2\ 12.3\ 12.4\ 13.0\ 13.1\ 13.2\ 13.3\ 13.4\ 13.5\ 13.6\ 14.0\ 14.1\ 14.2\ 14.3\ 14.4\ 14.5\ 14.6\ 14.7\ 15.0\ 15.1\ 15.2\ 15.3\ 15.4\ 15.5\ 15.6\ 16.0\ 16.1\ 16.2\ 16.3\ 16.4\ 16.5\ 16.6\ 17.0\ 17.1\ 17.2\ 17.3\ 17.4\ 17.5\ 17.6\ 18.0\ 18.1\ 18.2\ 18.3\ 18.4\ 18.5\ 18.6\ 26.0\ 26.2\ 26.3\ 26.4\ 26.5
    export DERIVED_FILES_DIR\=/Users/pauloricha/Library/Developer/Xcode/DerivedData/iosApp-cynwljdxdnoqyxhdtywpdbpkuabz/Build/Intermediates.noindex/Pods.build/Debug-iphonesimulator/gRPC-Core.build/DerivedSources
    export DERIVED_FILE_DIR\=/Users/pauloricha/Library/Developer/Xcode/DerivedData/iosApp-cynwljdxdnoqyxhdtywpdbpkuabz/Build/Intermediates.noindex/Pods.build/Debug-iphonesimulator/gRPC-Core.build/DerivedSources
    export DERIVED_SOURCES_DIR\=/Users/pauloricha/Library/Developer/Xcode/DerivedData/iosApp-cynwljdxdnoqyxhdtywpdbpkuabz/Build/Intermediates.noindex/Pods.build/Debug-iphonesimulator/gRPC-Core.build/DerivedSources
    export DEVELOPER_APPLICATIONS_DIR\=/Applications/Xcode.app/Contents/Developer/Applications
    export DEVELOPER_BIN_DIR\=/Applications/Xcode.app/Contents/Developer/usr/bin
    export DEVELOPER_DIR\=/Applications/Xcode.app/Contents/Developer
    export DEVELOPER_FRAMEWORKS_DIR\=/Applications/Xcode.app/Contents/Developer/Library/Frameworks
    export DEVELOPER_FRAMEWORKS_DIR_QUOTED\=/Applications/Xcode.app/Contents/Developer/Library/Frameworks
    export DEVELOPER_LIBRARY_DIR\=/Applications/Xcode.app/Contents/Developer/Library
    export DEVELOPER_SDK_DIR\=/Applications/Xcode.app/Contents/Developer/Platforms/MacOSX.platform/Developer/SDKs
    export DEVELOPER_TOOLS_DIR\=/Applications/Xcode.app/Contents/Developer/Tools
    export DEVELOPER_USR_DIR\=/Applications/Xcode.app/Contents/Developer/usr
    export DEVELOPMENT_LANGUAGE\=en
    export DIAGNOSE_MISSING_TARGET_DEPENDENCIES\=YES
    export DIFF\=/usr/bin/diff
    export DOCUMENTATION_FOLDER_PATH\=grpc.framework/en.lproj/Documentation
    export DONT_GENERATE_INFOPLIST_FILE\=NO
    export DSTROOT\=/tmp/Pods.dst
    export DT_TOOLCHAIN_DIR\=/Applications/Xcode.app/Contents/Developer/Toolchains/XcodeDefault.xctoolchain
    export DUMP_DEPENDENCIES\=NO
    export DUMP_DEPENDENCIES_OUTPUT_PATH\=/Users/pauloricha/Library/Developer/Xcode/DerivedData/iosApp-cynwljdxdnoqyxhdtywpdbpkuabz/Build/Intermediates.noindex/Pods.build/Debug-iphonesimulator/gRPC-Core.build/gRPC-Core-BuildDependencyInfo.json
    export DWARF_DSYM_FILE_NAME\=grpc.framework.dSYM
    export DWARF_DSYM_FILE_SHOULD_ACCOMPANY_PRODUCT\=NO
    export DWARF_DSYM_FOLDER_PATH\=/Users/pauloricha/Library/Developer/Xcode/DerivedData/iosApp-cynwljdxdnoqyxhdtywpdbpkuabz/Build/Products/Debug-iphonesimulator/gRPC-Core
    export DYLIB_COMPATIBILITY_VERSION\=1
    export DYLIB_CURRENT_VERSION\=1
    export DYLIB_INSTALL_NAME_BASE\=@rpath
    export DYNAMIC_LIBRARY_EXTENSION\=dylib
    export EAGER_COMPILATION_ALLOW_SCRIPTS\=NO
    export EAGER_LINKING\=NO
    export EFFECTIVE_PLATFORM_NAME\=-iphonesimulator
    export EFFECTIVE_SWIFT_VERSION\=5
    export EMBEDDED_CONTENT_CONTAINS_SWIFT\=NO
    export EMBED_ASSET_PACKS_IN_PRODUCT_BUNDLE\=NO
    export ENABLE_APP_SANDBOX\=NO
    export ENABLE_CODE_COVERAGE\=YES
    export ENABLE_COHORT_ARCHS\=NO
    export ENABLE_CPLUSPLUS_BOUNDS_SAFE_BUFFERS\=NO
    export ENABLE_C_BOUNDS_SAFETY\=NO
    export ENABLE_DEFAULT_HEADER_SEARCH_PATHS\=YES
    export ENABLE_DEFAULT_SEARCH_PATHS\=YES
    export ENABLE_ENHANCED_SECURITY\=NO
    export ENABLE_HARDENED_RUNTIME\=NO
    export ENABLE_HEADER_DEPENDENCIES\=YES
    export ENABLE_INCOMING_NETWORK_CONNECTIONS\=NO
    export ENABLE_MODULE_VERIFIER\=NO
    export ENABLE_ON_DEMAND_RESOURCES\=NO
    export ENABLE_OUTGOING_NETWORK_CONNECTIONS\=NO
    export ENABLE_POINTER_AUTHENTICATION\=NO
    export ENABLE_PREVIEWS\=NO
    export ENABLE_RESOURCE_ACCESS_AUDIO_INPUT\=NO
    export ENABLE_RESOURCE_ACCESS_BLUETOOTH\=NO
    export ENABLE_RESOURCE_ACCESS_CALENDARS\=NO
    export ENABLE_RESOURCE_ACCESS_CAMERA\=NO
    export ENABLE_RESOURCE_ACCESS_CONTACTS\=NO
    export ENABLE_RESOURCE_ACCESS_LOCATION\=NO
    export ENABLE_RESOURCE_ACCESS_PHOTO_LIBRARY\=NO
    export ENABLE_RESOURCE_ACCESS_PRINTING\=NO
    export ENABLE_RESOURCE_ACCESS_USB\=NO
    export ENABLE_SDK_IMPORTS\=NO
    export ENABLE_SECURITY_COMPILER_WARNINGS\=NO
    export ENABLE_STRICT_OBJC_MSGSEND\=YES
    export ENABLE_TESTABILITY\=YES
    export ENABLE_TESTING_SEARCH_PATHS\=NO
    export ENABLE_USER_SCRIPT_SANDBOXING\=NO
    export ENABLE_XOJIT_PREVIEWS\=YES
    export ENFORCE_VALID_ARCHS\=YES
    export ENTITLEMENTS_DESTINATION\=__entitlements
    export ENTITLEMENTS_REQUIRED\=NO
    export EXCLUDED_INSTALLSRC_SUBDIRECTORY_PATTERNS\=.DS_Store\ .svn\ .git\ .hg\ CVS
    export EXCLUDED_RECURSIVE_SEARCH_PATH_SUBDIRECTORIES\=\*.nib\ \*.lproj\ \*.framework\ \*.gch\ \*.xcode\*\ \*.xcassets\ \*.icon\ \(\*\)\ .DS_Store\ CVS\ .svn\ .git\ .hg\ \*.pbproj\ \*.pbxproj
    export EXECUTABLES_FOLDER_PATH\=grpc.framework/en.lproj
    export EXECUTABLE_FOLDER_PATH\=grpc.framework
    export EXECUTABLE_FOLDER_PATH_SHALLOW_BUNDLE_NO\=grpc.framework
    export EXECUTABLE_FOLDER_PATH_SHALLOW_BUNDLE_YES\=grpc.framework
    export EXECUTABLE_NAME\=grpc
    export EXECUTABLE_PATH\=grpc.framework/grpc
    export EXPANDED_CODE_SIGN_IDENTITY\=-
    export EXPANDED_CODE_SIGN_IDENTITY_NAME\=Sign\ to\ Run\ Locally
    export EXTENSIONS_FOLDER_PATH\=grpc.framework/Extensions
    export FILE_LIST\=/Users/pauloricha/Library/Developer/Xcode/DerivedData/iosApp-cynwljdxdnoqyxhdtywpdbpkuabz/Build/Intermediates.noindex/Pods.build/Debug-iphonesimulator/gRPC-Core.build/Objects/LinkFileList
    export FIXED_FILES_DIR\=/Users/pauloricha/Library/Developer/Xcode/DerivedData/iosApp-cynwljdxdnoqyxhdtywpdbpkuabz/Build/Intermediates.noindex/Pods.build/Debug-iphonesimulator/gRPC-Core.build/FixedFiles
    export FRAMEWORKS_FOLDER_PATH\=grpc.framework/Frameworks
    export FRAMEWORK_FLAG_PREFIX\=-framework
    export FRAMEWORK_SEARCH_PATHS\=/Users/pauloricha/Library/Developer/Xcode/DerivedData/iosApp-cynwljdxdnoqyxhdtywpdbpkuabz/Build/Products/Debug-iphonesimulator/gRPC-Core\ \ \"/Users/pauloricha/Library/Developer/Xcode/DerivedData/iosApp-cynwljdxdnoqyxhdtywpdbpkuabz/Build/Products/Debug-iphonesimulator/BoringSSL-GRPC\"\ \"/Users/pauloricha/Library/Developer/Xcode/DerivedData/iosApp-cynwljdxdnoqyxhdtywpdbpkuabz/Build/Products/Debug-iphonesimulator/abseil\"
    export FRAMEWORK_VERSION\=A
    export FULL_PRODUCT_NAME\=grpc.framework
    export FUSE_BUILD_PHASES\=YES
    export FUSE_BUILD_SCRIPT_PHASES\=NO
    export GCC3_VERSION\=3.3
    export GCC_C_LANGUAGE_STANDARD\=gnu11
    export GCC_DYNAMIC_NO_PIC\=NO
    export GCC_INLINES_ARE_PRIVATE_EXTERN\=YES
    export GCC_NO_COMMON_BLOCKS\=YES
    export GCC_OBJC_LEGACY_DISPATCH\=YES
    export GCC_OPTIMIZATION_LEVEL\=0
    export GCC_PFE_FILE_C_DIALECTS\=c\ objective-c\ c++\ objective-c++
    export GCC_PREFIX_HEADER\=Target\ Support\ Files/gRPC-Core/gRPC-Core-prefix.pch
    export GCC_PREPROCESSOR_DEFINITIONS\=POD_CONFIGURATION_DEBUG\=1\ DEBUG\=1\ \ COCOAPODS\=1
    export GCC_TREAT_WARNINGS_AS_ERRORS\=NO
    export GCC_VERSION\=com.apple.compilers.llvm.clang.1_0
    export GCC_VERSION_IDENTIFIER\=com_apple_compilers_llvm_clang_1_0
    export GCC_WARN_64_TO_32_BIT_CONVERSION\=YES
    export GCC_WARN_ABOUT_RETURN_TYPE\=YES_ERROR
    export GCC_WARN_UNDECLARED_SELECTOR\=YES
    export GCC_WARN_UNINITIALIZED_AUTOS\=YES_AGGRESSIVE
    export GCC_WARN_UNUSED_FUNCTION\=YES
    export GCC_WARN_UNUSED_VARIABLE\=YES
    export GENERATED_MODULEMAP_DIR\=/Users/pauloricha/Library/Developer/Xcode/DerivedData/iosApp-cynwljdxdnoqyxhdtywpdbpkuabz/Build/Intermediates.noindex/GeneratedModuleMaps-iphonesimulator
    export GENERATE_INFOPLIST_FILE\=NO
    export GENERATE_INTERMEDIATE_TEXT_BASED_STUBS\=YES
    export GENERATE_PKGINFO_FILE\=NO
    export GENERATE_PRELINK_OBJECT_FILE\=NO
    export GENERATE_PROFILING_CODE\=NO
    export GENERATE_TEXT_BASED_STUBS\=NO
    export GID\=20
    export GROUP\=staff
    export HEADERMAP_INCLUDES_FLAT_ENTRIES_FOR_TARGET_BEING_BUILT\=YES
    export HEADERMAP_INCLUDES_FRAMEWORK_ENTRIES_FOR_ALL_PRODUCT_TYPES\=YES
    export HEADERMAP_INCLUDES_FRAMEWORK_ENTRIES_FOR_TARGETS_NOT_BEING_BUILT\=YES
    export HEADERMAP_INCLUDES_NONPUBLIC_NONPRIVATE_HEADERS\=YES
    export HEADERMAP_INCLUDES_PROJECT_HEADERS\=YES
    export HEADERMAP_USES_FRAMEWORK_PREFIX_ENTRIES\=YES
    export HEADERMAP_USES_VFS\=YES
    export HEADER_SEARCH_PATHS\=/Users/pauloricha/Library/Developer/Xcode/DerivedData/iosApp-cynwljdxdnoqyxhdtywpdbpkuabz/Build/Products/Debug-iphonesimulator/gRPC-Core/include\ \"\"\ \"/Users/pauloricha/StudioProjects/BolaoDaGalera/iosApp/Pods/gRPC-Core/include\"\ \"/Users/pauloricha/StudioProjects/BolaoDaGalera/iosApp/Pods/gRPC-Core/third_party/address_sorting/include\"
    export HOME\=/Users/pauloricha
    export HOST_ARCH\=arm64
    export HOST_PLATFORM\=macosx
    export ICONV\=/usr/bin/iconv
    export IMPLICIT_DEPENDENCY_DOMAIN\=default
    export INDEX_STORE_COMPRESS\=NO
    export INDEX_STORE_ONLY_PROJECT_FILES\=NO
    export INFOPLIST_ENABLE_CFBUNDLEICONS_MERGE\=YES
    export INFOPLIST_EXPAND_BUILD_SETTINGS\=YES
    export INFOPLIST_FILE\=Target\ Support\ Files/gRPC-Core/gRPC-Core-Info.plist
    export INFOPLIST_OUTPUT_FORMAT\=binary
    export INFOPLIST_PATH\=grpc.framework/Info.plist
    export INFOPLIST_PREPROCESS\=NO
    export INFOSTRINGS_PATH\=grpc.framework/en.lproj/InfoPlist.strings
    export INLINE_PRIVATE_FRAMEWORKS\=NO
    export INSTALLAPI_IGNORE_SKIP_INSTALL\=YES
    export INSTALLHDRS_COPY_PHASE\=NO
    export INSTALLHDRS_SCRIPT_PHASE\=NO
    export INSTALL_DIR\=/tmp/Pods.dst/Library/Frameworks
    export INSTALL_GROUP\=staff
    export INSTALL_MODE_FLAG\=u+w,go-w,a+rX
    export INSTALL_OWNER\=pauloricha
    export INSTALL_PATH\=/Library/Frameworks
    export INSTALL_ROOT\=/tmp/Pods.dst
    export IPHONEOS_DEPLOYMENT_TARGET\=16.0
    export IS_UNOPTIMIZED_BUILD\=YES
    export JAVAC_DEFAULT_FLAGS\=-J-Xms64m\ -J-XX:NewSize\=4M\ -J-Dfile.encoding\=UTF8
    export JAVA_APP_STUB\=/System/Library/Frameworks/JavaVM.framework/Resources/MacOS/JavaApplicationStub
    export JAVA_ARCHIVE_CLASSES\=YES
    export JAVA_ARCHIVE_TYPE\=JAR
    export JAVA_COMPILER\=/usr/bin/javac
    export JAVA_FOLDER_PATH\=grpc.framework/Java
    export JAVA_FRAMEWORK_RESOURCES_DIRS\=Resources
    export JAVA_JAR_FLAGS\=cv
    export JAVA_SOURCE_SUBDIR\=.
    export JAVA_USE_DEPENDENCIES\=YES
    export JAVA_ZIP_FLAGS\=-urg
    export JIKES_DEFAULT_FLAGS\=+E\ +OLDCSO
    export KEEP_PRIVATE_EXTERNS\=NO
    export LD_DEPENDENCY_INFO_FILE\=/Users/pauloricha/Library/Developer/Xcode/DerivedData/iosApp-cynwljdxdnoqyxhdtywpdbpkuabz/Build/Intermediates.noindex/Pods.build/Debug-iphonesimulator/gRPC-Core.build/Objects-normal/undefined_arch/grpc_dependency_info.dat
    export LD_DYLIB_INSTALL_NAME\=@rpath/grpc.framework/grpc
    export LD_EXPORT_SYMBOLS\=YES
    export LD_GENERATE_MAP_FILE\=NO
    export LD_MAP_FILE_PATH\=/Users/pauloricha/Library/Developer/Xcode/DerivedData/iosApp-cynwljdxdnoqyxhdtywpdbpkuabz/Build/Intermediates.noindex/Pods.build/Debug-iphonesimulator/gRPC-Core.build/grpc-LinkMap-normal-undefined_arch.txt
    export LD_NO_PIE\=NO
    export LD_QUOTE_LINKER_ARGUMENTS_FOR_COMPILER_DRIVER\=YES
    export LD_RUNPATH_SEARCH_PATHS\=\ @executable_path/Frameworks\ @loader_path/Frameworks
    export LD_SHARED_CACHE_ELIGIBLE\=Automatic
    export LD_WARN_DUPLICATE_LIBRARIES\=NO
    export LD_WARN_UNUSED_DYLIBS\=NO
    export LEGACY_DEVELOPER_DIR\=/Applications/Xcode.app/Contents/PlugIns/Xcode3Core.ideplugin/Contents/SharedSupport/Developer
    export LEX\=lex
    export LIBRARY_DEXT_INSTALL_PATH\=/Library/DriverExtensions
    export LIBRARY_FLAG_NOSPACE\=YES
    export LIBRARY_FLAG_PREFIX\=-l
    export LIBRARY_KEXT_INSTALL_PATH\=/Library/Extensions
    export LIBRARY_SEARCH_PATHS\=/Users/pauloricha/Library/Developer/Xcode/DerivedData/iosApp-cynwljdxdnoqyxhdtywpdbpkuabz/Build/Products/Debug-iphonesimulator/gRPC-Core\ 
    export LINKER_DISPLAYS_MANGLED_NAMES\=NO
    export LINK_FILE_LIST_normal_arm64\=/Users/pauloricha/Library/Developer/Xcode/DerivedData/iosApp-cynwljdxdnoqyxhdtywpdbpkuabz/Build/Intermediates.noindex/Pods.build/Debug-iphonesimulator/gRPC-Core.build/Objects-normal/arm64/grpc.LinkFileList
    export LINK_OBJC_RUNTIME\=YES
    export LINK_WITH_STANDARD_LIBRARIES\=YES
    export LLVM_TARGET_TRIPLE_OS_VERSION\=ios16.0
    export LLVM_TARGET_TRIPLE_SUFFIX\=-simulator
    export LLVM_TARGET_TRIPLE_VENDOR\=apple
    export LM_AUX_CONST_METADATA_LIST_PATH_normal_arm64\=/Users/pauloricha/Library/Developer/Xcode/DerivedData/iosApp-cynwljdxdnoqyxhdtywpdbpkuabz/Build/Intermediates.noindex/Pods.build/Debug-iphonesimulator/gRPC-Core.build/Objects-normal/arm64/grpc.SwiftConstValuesFileList
    export LOCALIZATION_EXPORT_SUPPORTED\=YES
    export LOCALIZATION_PREFERS_STRING_CATALOGS\=NO
    export LOCALIZED_RESOURCES_FOLDER_PATH\=grpc.framework/en.lproj
    export LOCALIZED_STRING_CODE_COMMENTS\=NO
    export LOCALIZED_STRING_MACRO_NAMES\=NSLocalizedString\ CFCopyLocalizedString
    export LOCALIZED_STRING_SWIFTUI_SUPPORT\=YES
    export LOCAL_ADMIN_APPS_DIR\=/Applications/Utilities
    export LOCAL_APPS_DIR\=/Applications
    export LOCAL_DEVELOPER_DIR\=/Library/Developer
    export LOCAL_LIBRARY_DIR\=/Library
    export LOCROOT\=/Users/pauloricha/StudioProjects/BolaoDaGalera/iosApp/Pods
    export LOCSYMROOT\=/Users/pauloricha/StudioProjects/BolaoDaGalera/iosApp/Pods
    export MACH_O_TYPE\=mh_dylib
    export MAC_OS_X_PRODUCT_BUILD_VERSION\=25F71
    export MAC_OS_X_VERSION_ACTUAL\=260500
    export MAC_OS_X_VERSION_MAJOR\=260000
    export MAC_OS_X_VERSION_MINOR\=260500
    export MAKE_MERGEABLE\=NO
    export MERGEABLE_LIBRARY\=NO
    export MERGED_BINARY_TYPE\=none
    export MERGE_LINKED_LIBRARIES\=NO
    export METAL_LIBRARY_FILE_BASE\=default
    export METAL_LIBRARY_OUTPUT_DIR\=/Users/pauloricha/Library/Developer/Xcode/DerivedData/iosApp-cynwljdxdnoqyxhdtywpdbpkuabz/Build/Products/Debug-iphonesimulator/gRPC-Core/grpc.framework
    export MODULEMAP_FILE\=Target\ Support\ Files/gRPC-Core/gRPC-Core.modulemap
    export MODULES_FOLDER_PATH\=grpc.framework/Modules
    export MODULE_CACHE_DIR\=/Users/pauloricha/Library/Developer/Xcode/DerivedData/ModuleCache.noindex
    export MTL_ENABLE_DEBUG_INFO\=INCLUDE_SOURCE
    export MTL_FAST_MATH\=YES
    export NATIVE_ARCH\=arm64
    export NATIVE_ARCH_32_BIT\=arm
    export NATIVE_ARCH_64_BIT\=arm64
    export NATIVE_ARCH_ACTUAL\=arm64
    export NO_COMMON\=YES
    export OBJC_ABI_VERSION\=2
    export OBJECT_FILE_DIR\=/Users/pauloricha/Library/Developer/Xcode/DerivedData/iosApp-cynwljdxdnoqyxhdtywpdbpkuabz/Build/Intermediates.noindex/Pods.build/Debug-iphonesimulator/gRPC-Core.build/Objects
    export OBJECT_FILE_DIR_normal\=/Users/pauloricha/Library/Developer/Xcode/DerivedData/iosApp-cynwljdxdnoqyxhdtywpdbpkuabz/Build/Intermediates.noindex/Pods.build/Debug-iphonesimulator/gRPC-Core.build/Objects-normal
    export OBJROOT\=/Users/pauloricha/Library/Developer/Xcode/DerivedData/iosApp-cynwljdxdnoqyxhdtywpdbpkuabz/Build/Intermediates.noindex
    export ONLY_ACTIVE_ARCH\=YES
    export OS\=MACOS
    export OSAC\=/usr/bin/osacompile
    export OTHER_LDFLAGS\=\ -l\"c++\"\ -l\"z\"\ -framework\ \"absl\"\ -framework\ \"openssl_grpc\"
    export PACKAGE_TYPE\=com.apple.package-type.wrapper.framework
    export PASCAL_STRINGS\=YES
    export PATH\=/Applications/Xcode.app/Contents/SharedFrameworks/SwiftBuild.framework/Versions/A/PlugIns/SWBBuildService.bundle/Contents/PlugIns/SWBUniversalPlatformPlugin.bundle/Contents/Frameworks/SWBUniversalPlatform.framework/Resources:/Applications/Xcode.app/Contents/Developer/Toolchains/XcodeDefault.xctoolchain/usr/bin:/Applications/Xcode.app/Contents/Developer/Toolchains/XcodeDefault.xctoolchain/usr/local/bin:/Applications/Xcode.app/Contents/Developer/Toolchains/XcodeDefault.xctoolchain/usr/libexec:/Applications/Xcode.app/Contents/Developer/Platforms/iPhoneSimulator.platform/usr/bin:/Applications/Xcode.app/Contents/Developer/Platforms/iPhoneSimulator.platform/usr/local/bin:/Applications/Xcode.app/Contents/Developer/Platforms/iPhoneSimulator.platform/Developer/usr/bin:/Applications/Xcode.app/Contents/Developer/Platforms/iPhoneSimulator.platform/Developer/usr/local/bin:/Applications/Xcode.app/Contents/Developer/usr/bin:/Applications/Xcode.app/Contents/Developer/usr/local/bin:/usr/local/bin:/System/Cryptexes/App/usr/bin:/usr/bin:/bin:/usr/sbin:/sbin:/var/run/com.apple.security.cryptexd/codex.system/bootstrap/usr/local/bin:/var/run/com.apple.security.cryptexd/codex.system/bootstrap/usr/bin:/var/run/com.apple.security.cryptexd/codex.system/bootstrap/usr/appleinternal/bin:/pkg/env/global/bin:/Library/Apple/usr/bin:/Applications/Android\ Studio.app/Contents/plugins/android/resources/android-cli/bin
    export PATH_PREFIXES_EXCLUDED_FROM_HEADER_DEPENDENCIES\=/usr/include\ /usr/local/include\ /System/Library/Frameworks\ /System/Library/PrivateFrameworks\ /Applications/Xcode.app/Contents/Developer/Headers\ /Applications/Xcode.app/Contents/Developer/SDKs\ /Applications/Xcode.app/Contents/Developer/Platforms
    export PBDEVELOPMENTPLIST_PATH\=grpc.framework/pbdevelopment.plist
    export PER_ARCH_MODULE_FILE_DIR\=/Users/pauloricha/Library/Developer/Xcode/DerivedData/iosApp-cynwljdxdnoqyxhdtywpdbpkuabz/Build/Intermediates.noindex/Pods.build/Debug-iphonesimulator/gRPC-Core.build/Objects-normal/undefined_arch
    export PER_ARCH_OBJECT_FILE_DIR\=/Users/pauloricha/Library/Developer/Xcode/DerivedData/iosApp-cynwljdxdnoqyxhdtywpdbpkuabz/Build/Intermediates.noindex/Pods.build/Debug-iphonesimulator/gRPC-Core.build/Objects-normal/undefined_arch
    export PER_VARIANT_OBJECT_FILE_DIR\=/Users/pauloricha/Library/Developer/Xcode/DerivedData/iosApp-cynwljdxdnoqyxhdtywpdbpkuabz/Build/Intermediates.noindex/Pods.build/Debug-iphonesimulator/gRPC-Core.build/Objects-normal
    export PKGINFO_FILE_PATH\=/Users/pauloricha/Library/Developer/Xcode/DerivedData/iosApp-cynwljdxdnoqyxhdtywpdbpkuabz/Build/Intermediates.noindex/Pods.build/Debug-iphonesimulator/gRPC-Core.build/PkgInfo
    export PKGINFO_PATH\=grpc.framework/PkgInfo
    export PLATFORM_DEVELOPER_APPLICATIONS_DIR\=/Applications/Xcode.app/Contents/Developer/Platforms/iPhoneSimulator.platform/Developer/Applications
    export PLATFORM_DEVELOPER_BIN_DIR\=/Applications/Xcode.app/Contents/Developer/Platforms/iPhoneSimulator.platform/Developer/usr/bin
    export PLATFORM_DEVELOPER_LIBRARY_DIR\=/Applications/Xcode.app/Contents/Developer/Platforms/iPhoneSimulator.platform/Developer/Library
    export PLATFORM_DEVELOPER_SDK_DIR\=/Applications/Xcode.app/Contents/Developer/Platforms/iPhoneSimulator.platform/Developer/SDKs
    export PLATFORM_DEVELOPER_TOOLS_DIR\=/Applications/Xcode.app/Contents/Developer/Platforms/iPhoneSimulator.platform/Developer/Tools
    export PLATFORM_DEVELOPER_USR_DIR\=/Applications/Xcode.app/Contents/Developer/Platforms/iPhoneSimulator.platform/Developer/usr
    export PLATFORM_DIR\=/Applications/Xcode.app/Contents/Developer/Platforms/iPhoneSimulator.platform
    export PLATFORM_DISPLAY_NAME\=iOS\ Simulator
    export PLATFORM_FAMILY_NAME\=iOS
    export PLATFORM_NAME\=iphonesimulator
    export PLATFORM_PREFERRED_ARCH\=x86_64
    export PLATFORM_PRODUCT_BUILD_VERSION\=23F81a
    export PLATFORM_REQUIRES_SWIFT_AUTOLINK_EXTRACT\=NO
    export PLATFORM_REQUIRES_SWIFT_MODULEWRAP\=NO
    export PLATFORM_USES_DSYMS\=YES
    export PLIST_FILE_OUTPUT_FORMAT\=binary
    export PLUGINS_FOLDER_PATH\=grpc.framework/PlugIns
    export PODS_BUILD_DIR\=/Users/pauloricha/Library/Developer/Xcode/DerivedData/iosApp-cynwljdxdnoqyxhdtywpdbpkuabz/Build/Products
    export PODS_CONFIGURATION_BUILD_DIR\=/Users/pauloricha/Library/Developer/Xcode/DerivedData/iosApp-cynwljdxdnoqyxhdtywpdbpkuabz/Build/Products/Debug-iphonesimulator
    export PODS_DEVELOPMENT_LANGUAGE\=en
    export PODS_ROOT\=/Users/pauloricha/StudioProjects/BolaoDaGalera/iosApp/Pods
    export PODS_TARGET_SRCROOT\=/Users/pauloricha/StudioProjects/BolaoDaGalera/iosApp/Pods/gRPC-Core
    export PODS_XCFRAMEWORKS_BUILD_DIR\=/Users/pauloricha/Library/Developer/Xcode/DerivedData/iosApp-cynwljdxdnoqyxhdtywpdbpkuabz/Build/Products/Debug-iphonesimulator/XCFrameworkIntermediates
    export PRECOMPS_INCLUDE_HEADERS_FROM_BUILT_PRODUCTS_DIR\=YES
    export PRECOMP_DESTINATION_DIR\=/Users/pauloricha/Library/Developer/Xcode/DerivedData/iosApp-cynwljdxdnoqyxhdtywpdbpkuabz/Build/Intermediates.noindex/Pods.build/Debug-iphonesimulator/gRPC-Core.build/PrefixHeaders
    export PRIVATE_HEADERS_FOLDER_PATH\=grpc.framework/PrivateHeaders
    export PROCESSED_INFOPLIST_PATH\=/Users/pauloricha/Library/Developer/Xcode/DerivedData/iosApp-cynwljdxdnoqyxhdtywpdbpkuabz/Build/Intermediates.noindex/Pods.build/Debug-iphonesimulator/gRPC-Core.build/Objects-normal/undefined_arch/Processed-Info.plist
    export PRODUCT_BUNDLE_IDENTIFIER\=org.cocoapods.grpc
    export PRODUCT_BUNDLE_PACKAGE_TYPE\=FMWK
    export PRODUCT_MODULE_NAME\=grpc
    export PRODUCT_NAME\=grpc
    export PRODUCT_SETTINGS_PATH\=/Users/pauloricha/StudioProjects/BolaoDaGalera/iosApp/Pods/Target\ Support\ Files/gRPC-Core/gRPC-Core-Info.plist
    export PRODUCT_TYPE\=com.apple.product-type.framework
    export PROFILING_CODE\=NO
    export PROJECT\=Pods
    export PROJECT_DERIVED_FILE_DIR\=/Users/pauloricha/Library/Developer/Xcode/DerivedData/iosApp-cynwljdxdnoqyxhdtywpdbpkuabz/Build/Intermediates.noindex/Pods.build/DerivedSources
    export PROJECT_DIR\=/Users/pauloricha/StudioProjects/BolaoDaGalera/iosApp/Pods
    export PROJECT_FILE_PATH\=/Users/pauloricha/StudioProjects/BolaoDaGalera/iosApp/Pods/Pods.xcodeproj
    export PROJECT_GUID\=8699adb1dd336b26511df848a716bd42
    export PROJECT_NAME\=Pods
    export PROJECT_TEMP_DIR\=/Users/pauloricha/Library/Developer/Xcode/DerivedData/iosApp-cynwljdxdnoqyxhdtywpdbpkuabz/Build/Intermediates.noindex/Pods.build
    export PROJECT_TEMP_ROOT\=/Users/pauloricha/Library/Developer/Xcode/DerivedData/iosApp-cynwljdxdnoqyxhdtywpdbpkuabz/Build/Intermediates.noindex
    export PUBLIC_HEADERS_FOLDER_PATH\=grpc.framework/Headers
    export RECOMMENDED_IPHONEOS_DEPLOYMENT_TARGET\=15.0
    export RECURSIVE_SEARCH_PATHS_FOLLOW_SYMLINKS\=YES
    export REMOVE_CVS_FROM_RESOURCES\=YES
    export REMOVE_GIT_FROM_RESOURCES\=YES
    export REMOVE_HEADERS_FROM_EMBEDDED_BUNDLES\=YES
    export REMOVE_HG_FROM_RESOURCES\=YES
    export REMOVE_STATIC_EXECUTABLES_FROM_EMBEDDED_BUNDLES\=YES
    export REMOVE_SVN_FROM_RESOURCES\=YES
    export RESCHEDULE_INDEPENDENT_HEADERS_PHASES\=YES
    export REZ_COLLECTOR_DIR\=/Users/pauloricha/Library/Developer/Xcode/DerivedData/iosApp-cynwljdxdnoqyxhdtywpdbpkuabz/Build/Intermediates.noindex/Pods.build/Debug-iphonesimulator/gRPC-Core.build/ResourceManagerResources
    export REZ_OBJECTS_DIR\=/Users/pauloricha/Library/Developer/Xcode/DerivedData/iosApp-cynwljdxdnoqyxhdtywpdbpkuabz/Build/Intermediates.noindex/Pods.build/Debug-iphonesimulator/gRPC-Core.build/ResourceManagerResources/Objects
    export REZ_SEARCH_PATHS\=/Users/pauloricha/Library/Developer/Xcode/DerivedData/iosApp-cynwljdxdnoqyxhdtywpdbpkuabz/Build/Products/Debug-iphonesimulator/gRPC-Core\ 
    export RPATH_ORIGIN\=@loader_path
    export RUNTIME_EXCEPTION_ALLOW_DYLD_ENVIRONMENT_VARIABLES\=NO
    export RUNTIME_EXCEPTION_ALLOW_JIT\=NO
    export RUNTIME_EXCEPTION_ALLOW_UNSIGNED_EXECUTABLE_MEMORY\=NO
    export RUNTIME_EXCEPTION_DEBUGGING_TOOL\=NO
    export RUNTIME_EXCEPTION_DISABLE_EXECUTABLE_PAGE_PROTECTION\=NO
    export RUNTIME_EXCEPTION_DISABLE_LIBRARY_VALIDATION\=NO
    export SCANNING_PCM_KEEP_CACHE_DIRECTORY\=YES
    export SCAN_ALL_SOURCE_FILES_FOR_INCLUDES\=NO
    export SCRIPTS_FOLDER_PATH\=grpc.framework/Scripts
    export SCRIPT_INPUT_FILE_COUNT\=0
    export SCRIPT_INPUT_FILE_LIST_COUNT\=0
    export SCRIPT_OUTPUT_FILE_COUNT\=0
    export SCRIPT_OUTPUT_FILE_LIST_COUNT\=0
    export SDKROOT\=/Applications/Xcode.app/Contents/Developer/Platforms/iPhoneSimulator.platform/Developer/SDKs/iPhoneSimulator26.5.sdk
    export SDK_DIR\=/Applications/Xcode.app/Contents/Developer/Platforms/iPhoneSimulator.platform/Developer/SDKs/iPhoneSimulator26.5.sdk
    export SDK_DIR_iphonesimulator\=/Applications/Xcode.app/Contents/Developer/Platforms/iPhoneSimulator.platform/Developer/SDKs/iPhoneSimulator26.5.sdk
    export SDK_DIR_iphonesimulator26_5\=/Applications/Xcode.app/Contents/Developer/Platforms/iPhoneSimulator.platform/Developer/SDKs/iPhoneSimulator26.5.sdk
    export SDK_NAME\=iphonesimulator26.5
    export SDK_NAMES\=iphonesimulator26.5
    export SDK_PRODUCT_BUILD_VERSION\=23F81a
    export SDK_STAT_CACHE_DIR\=/Users/pauloricha/Library/Developer/Xcode/DerivedData
    export SDK_STAT_CACHE_ENABLE\=YES
    export SDK_STAT_CACHE_PATH\=/Users/pauloricha/Library/Developer/Xcode/DerivedData/SDKStatCaches.noindex/iphonesimulator26.5-23F81a-6cfe768891a92b912361537c460fe42b.sdkstatcache
    export SDK_VERSION\=26.5
    export SDK_VERSION_ACTUAL\=260500
    export SDK_VERSION_MAJOR\=260000
    export SDK_VERSION_MINOR\=260500
    export SED\=/usr/bin/sed
    export SEPARATE_STRIP\=NO
    export SEPARATE_SYMBOL_EDIT\=NO
    export SET_DIR_MODE_OWNER_GROUP\=YES
    export SET_FILE_MODE_OWNER_GROUP\=NO
    export SHALLOW_BUNDLE\=YES
    export SHALLOW_BUNDLE_TRIPLE\=ios-simulator
    export SHALLOW_BUNDLE_ios_macabi\=NO
    export SHALLOW_BUNDLE_macos\=NO
    export SHARED_DERIVED_FILE_DIR\=/Users/pauloricha/Library/Developer/Xcode/DerivedData/iosApp-cynwljdxdnoqyxhdtywpdbpkuabz/Build/Products/Debug-iphonesimulator/gRPC-Core/DerivedSources
    export SHARED_FRAMEWORKS_FOLDER_PATH\=grpc.framework/SharedFrameworks
    export SHARED_PRECOMPS_DIR\=/Users/pauloricha/Library/Developer/Xcode/DerivedData/iosApp-cynwljdxdnoqyxhdtywpdbpkuabz/Build/Intermediates.noindex/PrecompiledHeaders
    export SHARED_SUPPORT_FOLDER_PATH\=grpc.framework
    export SKIP_INSTALL\=YES
    export SKIP_MERGEABLE_LIBRARY_BUNDLE_HOOK\=NO
    export SOURCE_ROOT\=/Users/pauloricha/StudioProjects/BolaoDaGalera/iosApp/Pods
    export SRCROOT\=/Users/pauloricha/StudioProjects/BolaoDaGalera/iosApp/Pods
    export STRINGSDATA_DIR\=/Users/pauloricha/Library/Developer/Xcode/DerivedData/iosApp-cynwljdxdnoqyxhdtywpdbpkuabz/Build/Intermediates.noindex/Pods.build/Debug-iphonesimulator/gRPC-Core.build/Objects-normal/undefined_arch
    export STRINGSDATA_ROOT\=/Users/pauloricha/Library/Developer/Xcode/DerivedData/iosApp-cynwljdxdnoqyxhdtywpdbpkuabz/Build/Intermediates.noindex/Pods.build/Debug-iphonesimulator/gRPC-Core.build
    export STRINGS_FILE_INFOPLIST_RENAME\=YES
    export STRINGS_FILE_OUTPUT_ENCODING\=binary
    export STRING_CATALOG_GENERATE_SYMBOLS\=NO
    export STRIP_BITCODE_FROM_COPIED_FILES\=NO
    export STRIP_INSTALLED_PRODUCT\=NO
    export STRIP_STYLE\=debugging
    export STRIP_SWIFT_SYMBOLS\=YES
    export SUPPORTED_DEVICE_FAMILIES\=1,2
    export SUPPORTED_PLATFORMS\=iphoneos\ iphonesimulator
    export SUPPORTS_TEXT_BASED_API\=NO
    export SUPPRESS_WARNINGS\=NO
    export SWIFT_ACTIVE_COMPILATION_CONDITIONS\=DEBUG\ 
    export SWIFT_EMIT_CONST_VALUE_PROTOCOLS\=AnyResolverProviding\ AppEntity\ AppEnum\ AppExtension\ AppIntent\ AppIntentsPackage\ AppShortcutProviding\ AppShortcutsProvider\ AppUnionValue\ AppUnionValueCasesProviding\ DynamicOptionsProvider\ EntityQuery\ ExtensionPointDefining\ IntentValueQuery\ Resolver\ TransientEntity\ _AssistantIntentsProvider\ _GenerativeFunctionExtractable\ _IntentValueRepresentable
    export SWIFT_EMIT_LOC_STRINGS\=NO
    export SWIFT_ENABLE_EXPLICIT_MODULES\=YES
    export SWIFT_INSTALL_MODULE_FOR_DEPLOYMENT\=YES
    export SWIFT_INSTALL_OBJC_HEADER\=YES
    export SWIFT_OPTIMIZATION_LEVEL\=-Onone
    export SWIFT_PLATFORM_TARGET_PREFIX\=ios
    export SWIFT_RESPONSE_FILE_PATH_normal_arm64\=/Users/pauloricha/Library/Developer/Xcode/DerivedData/iosApp-cynwljdxdnoqyxhdtywpdbpkuabz/Build/Intermediates.noindex/Pods.build/Debug-iphonesimulator/gRPC-Core.build/Objects-normal/arm64/grpc.SwiftFileList
    export SWIFT_VERSION\=5.0
    export SYMROOT\=/Users/pauloricha/Library/Developer/Xcode/DerivedData/iosApp-cynwljdxdnoqyxhdtywpdbpkuabz/Build/Products
    export SYSTEM_ADMIN_APPS_DIR\=/Applications/Utilities
    export SYSTEM_APPS_DIR\=/Applications
    export SYSTEM_CORE_SERVICES_DIR\=/System/Library/CoreServices
    export SYSTEM_DEMOS_DIR\=/Applications/Extras
    export SYSTEM_DEVELOPER_APPS_DIR\=/Applications/Xcode.app/Contents/Developer/Applications
    export SYSTEM_DEVELOPER_BIN_DIR\=/Applications/Xcode.app/Contents/Developer/usr/bin
    export SYSTEM_DEVELOPER_DEMOS_DIR\=/Applications/Xcode.app/Contents/Developer/Applications/Utilities/Built\ Examples
    export SYSTEM_DEVELOPER_DIR\=/Applications/Xcode.app/Contents/Developer
    export SYSTEM_DEVELOPER_DOC_DIR\=/Applications/Xcode.app/Contents/Developer/ADC\ Reference\ Library
    export SYSTEM_DEVELOPER_GRAPHICS_TOOLS_DIR\=/Applications/Xcode.app/Contents/Developer/Applications/Graphics\ Tools
    export SYSTEM_DEVELOPER_JAVA_TOOLS_DIR\=/Applications/Xcode.app/Contents/Developer/Applications/Java\ Tools
    export SYSTEM_DEVELOPER_PERFORMANCE_TOOLS_DIR\=/Applications/Xcode.app/Contents/Developer/Applications/Performance\ Tools
    export SYSTEM_DEVELOPER_RELEASENOTES_DIR\=/Applications/Xcode.app/Contents/Developer/ADC\ Reference\ Library/releasenotes
    export SYSTEM_DEVELOPER_TOOLS\=/Applications/Xcode.app/Contents/Developer/Tools
    export SYSTEM_DEVELOPER_TOOLS_DOC_DIR\=/Applications/Xcode.app/Contents/Developer/ADC\ Reference\ Library/documentation/DeveloperTools
    export SYSTEM_DEVELOPER_TOOLS_RELEASENOTES_DIR\=/Applications/Xcode.app/Contents/Developer/ADC\ Reference\ Library/releasenotes/DeveloperTools
    export SYSTEM_DEVELOPER_USR_DIR\=/Applications/Xcode.app/Contents/Developer/usr
    export SYSTEM_DEVELOPER_UTILITIES_DIR\=/Applications/Xcode.app/Contents/Developer/Applications/Utilities
    export SYSTEM_DEXT_INSTALL_PATH\=/System/Library/DriverExtensions
    export SYSTEM_DOCUMENTATION_DIR\=/Library/Documentation
    export SYSTEM_EXTENSIONS_FOLDER_PATH\=grpc.framework/SystemExtensions
    export SYSTEM_EXTENSIONS_FOLDER_PATH_SHALLOW_BUNDLE_NO\=grpc.framework/Library/SystemExtensions
    export SYSTEM_EXTENSIONS_FOLDER_PATH_SHALLOW_BUNDLE_YES\=grpc.framework/SystemExtensions
    export SYSTEM_KEXT_INSTALL_PATH\=/System/Library/Extensions
    export SYSTEM_LIBRARY_DIR\=/System/Library
    export TAPI_DEMANGLE\=YES
    export TAPI_ENABLE_PROJECT_HEADERS\=NO
    export TAPI_LANGUAGE\=objective-c
    export TAPI_LANGUAGE_STANDARD\=compiler-default
    export TAPI_USE_SRCROOT\=YES
    export TAPI_VERIFY_MODE\=Pedantic
    export TARGETED_DEVICE_FAMILY\=1,2
    export TARGETNAME\=gRPC-Core
    export TARGET_BUILD_DIR\=/Users/pauloricha/Library/Developer/Xcode/DerivedData/iosApp-cynwljdxdnoqyxhdtywpdbpkuabz/Build/Products/Debug-iphonesimulator/gRPC-Core
    export TARGET_DEVICE_IDENTIFIER\=CA8A1A4E-12BA-4D74-A6D0-D29E9E821390
    export TARGET_DEVICE_MODEL\=iPhone18,1
    export TARGET_DEVICE_OS_VERSION\=26.5
    export TARGET_DEVICE_PLATFORM_NAME\=iphonesimulator
    export TARGET_NAME\=gRPC-Core
    export TARGET_TEMP_DIR\=/Users/pauloricha/Library/Developer/Xcode/DerivedData/iosApp-cynwljdxdnoqyxhdtywpdbpkuabz/Build/Intermediates.noindex/Pods.build/Debug-iphonesimulator/gRPC-Core.build
    export TEMP_DIR\=/Users/pauloricha/Library/Developer/Xcode/DerivedData/iosApp-cynwljdxdnoqyxhdtywpdbpkuabz/Build/Intermediates.noindex/Pods.build/Debug-iphonesimulator/gRPC-Core.build
    export TEMP_FILES_DIR\=/Users/pauloricha/Library/Developer/Xcode/DerivedData/iosApp-cynwljdxdnoqyxhdtywpdbpkuabz/Build/Intermediates.noindex/Pods.build/Debug-iphonesimulator/gRPC-Core.build
    export TEMP_FILE_DIR\=/Users/pauloricha/Library/Developer/Xcode/DerivedData/iosApp-cynwljdxdnoqyxhdtywpdbpkuabz/Build/Intermediates.noindex/Pods.build/Debug-iphonesimulator/gRPC-Core.build
    export TEMP_ROOT\=/Users/pauloricha/Library/Developer/Xcode/DerivedData/iosApp-cynwljdxdnoqyxhdtywpdbpkuabz/Build/Intermediates.noindex
    export TEMP_SANDBOX_DIR\=/Users/pauloricha/Library/Developer/Xcode/DerivedData/iosApp-cynwljdxdnoqyxhdtywpdbpkuabz/Build/Intermediates.noindex/TemporaryTaskSandboxes
    export TEST_FRAMEWORK_SEARCH_PATHS\=\ /Applications/Xcode.app/Contents/Developer/Platforms/iPhoneSimulator.platform/Developer/Library/Frameworks\ /Applications/Xcode.app/Contents/Developer/Platforms/iPhoneSimulator.platform/Developer/SDKs/iPhoneSimulator26.5.sdk/Developer/Library/Frameworks
    export TEST_LIBRARY_SEARCH_PATHS\=\ /Applications/Xcode.app/Contents/Developer/Platforms/iPhoneSimulator.platform/Developer/usr/lib
    export TOOLCHAINS\=com.apple.dt.toolchain.XcodeDefault
    export TOOLCHAIN_DIR\=/Applications/Xcode.app/Contents/Developer/Toolchains/XcodeDefault.xctoolchain
    export TREAT_MISSING_BASELINES_AS_TEST_FAILURES\=NO
    export TREAT_MISSING_SCRIPT_PHASE_OUTPUTS_AS_ERRORS\=NO
    export TeamIdentifierPrefix\=FAKETEAMID.
    export UID\=501
    export UNINSTALLED_PRODUCTS_DIR\=/Users/pauloricha/Library/Developer/Xcode/DerivedData/iosApp-cynwljdxdnoqyxhdtywpdbpkuabz/Build/Intermediates.noindex/UninstalledProducts
    export UNLOCALIZED_RESOURCES_FOLDER_PATH\=grpc.framework
    export UNLOCALIZED_RESOURCES_FOLDER_PATH_SHALLOW_BUNDLE_NO\=grpc.framework/Resources
    export UNLOCALIZED_RESOURCES_FOLDER_PATH_SHALLOW_BUNDLE_YES\=grpc.framework
    export UNSTRIPPED_PRODUCT\=NO
    export USER\=pauloricha
    export USER_APPS_DIR\=/Users/pauloricha/Applications
    export USER_HEADER_SEARCH_PATHS\=\"/Users/pauloricha/StudioProjects/BolaoDaGalera/iosApp/Pods/gRPC-Core\"\ \"/Users/pauloricha/StudioProjects/BolaoDaGalera/iosApp/Pods/gRPC-Core/src/core/ext/upb-gen\"\ \"/Users/pauloricha/StudioProjects/BolaoDaGalera/iosApp/Pods/gRPC-Core/src/core/ext/upbdefs-gen\"\ \"/Users/pauloricha/StudioProjects/BolaoDaGalera/iosApp/Pods/gRPC-Core/third_party/re2\"\ \"/Users/pauloricha/StudioProjects/BolaoDaGalera/iosApp/Pods/gRPC-Core/third_party/upb\"\ \"/Users/pauloricha/StudioProjects/BolaoDaGalera/iosApp/Pods/gRPC-Core/third_party/utf8_range\"\ \"/Users/pauloricha/StudioProjects/BolaoDaGalera/iosApp/Pods/gRPC-Core/third_party/xxhash\"
    export USER_LIBRARY_DIR\=/Users/pauloricha/Library
    export USE_DYNAMIC_NO_PIC\=YES
    export USE_HEADERMAP\=NO
    export USE_HEADER_SYMLINKS\=NO
    export USE_RECURSIVE_SCRIPT_INPUTS_IN_SCRIPT_PHASES\=YES
    export VALIDATE_DEVELOPMENT_ASSET_PATHS\=YES_ERROR
    export VALIDATE_PRODUCT\=NO
    export VALID_ARCHS\=arm64\ x86_64
    export VERBOSE_PBXCP\=NO
    export VERSIONING_SYSTEM\=apple-generic
    export VERSIONPLIST_PATH\=grpc.framework/version.plist
    export VERSIONS_FOLDER_PATH\=grpc.framework
    export VERSIONS_FOLDER_PATH_SHALLOW_BUNDLE_NO\=grpc.framework/Versions
    export VERSIONS_FOLDER_PATH_SHALLOW_BUNDLE_YES\=grpc.framework
    export VERSION_INFO_BUILDER\=pauloricha
    export VERSION_INFO_FILE\=grpc_vers.c
    export VERSION_INFO_STRING\=\"@\(\#\)PROGRAM:grpc\ \ PROJECT:Pods-1\"
    export WORKSPACE_DIR\=/Users/pauloricha/StudioProjects/BolaoDaGalera/iosApp
    export WRAPPER_EXTENSION\=framework
    export WRAPPER_NAME\=grpc.framework
    export WRAPPER_SUFFIX\=.framework
    export WRAP_ASSET_PACKS_IN_SEPARATE_DIRECTORIES\=NO
    export XCODE_APP_SUPPORT_DIR\=/Applications/Xcode.app/Contents/Developer/Library/Xcode
    export XCODE_PRODUCT_BUILD_VERSION\=17F113
    export XCODE_VERSION_ACTUAL\=2660
    export XCODE_VERSION_MAJOR\=2600
    export XCODE_VERSION_MINOR\=2660
    export XPCSERVICES_FOLDER_PATH\=grpc.framework/XPCServices
    export YACC\=yacc
    export _DISCOVER_COMMAND_LINE_LINKER_INPUTS\=YES
    export _DISCOVER_COMMAND_LINE_LINKER_INPUTS_INCLUDE_WL\=YES
    export _LD_MULTIARCH\=YES
    export _WRAPPER_CONTENTS_DIR_SHALLOW_BUNDLE_NO\=/Contents
    export _WRAPPER_PARENT_PATH_SHALLOW_BUNDLE_NO\=/..
    export _WRAPPER_RESOURCES_DIR_SHALLOW_BUNDLE_NO\=/Resources
    export __DIAGNOSE_DEPRECATED_ARCHS\=YES
    export __ORIGINAL_SDK_DEFINED_LLVM_TARGET_TRIPLE_SYS\=ios
    export arch\=undefined_arch
    export variant\=normal
    /bin/sh -c /Users/pauloricha/Library/Developer/Xcode/DerivedData/iosApp-cynwljdxdnoqyxhdtywpdbpkuabz/Build/Intermediates.noindex/Pods.build/Debug-iphonesimulator/gRPC-Core.build/Script-26344E91DB228D8E34F11F6F1FE35DA9.sh

CodeSign /Users/pauloricha/Library/Developer/Xcode/DerivedData/iosApp-cynwljdxdnoqyxhdtywpdbpkuabz/Build/Products/Debug-iphonesimulator/gRPC-Core/grpc.framework (in target 'gRPC-Core' from project 'Pods')
    cd /Users/pauloricha/StudioProjects/BolaoDaGalera/iosApp/Pods
    
    Signing Identity:     "Sign to Run Locally"
    
    /usr/bin/codesign --force --sign - --timestamp\=none --generate-entitlement-der /Users/pauloricha/Library/Developer/Xcode/DerivedData/iosApp-cynwljdxdnoqyxhdtywpdbpkuabz/Build/Products/Debug-iphonesimulator/gRPC-Core/grpc.framework

ProcessInfoPlistFile /Users/pauloricha/Library/Developer/Xcode/DerivedData/iosApp-cynwljdxdnoqyxhdtywpdbpkuabz/Build/Products/Debug-iphonesimulator/gRPC-C++/grpcpp.bundle/Info.plist /Users/pauloricha/StudioProjects/BolaoDaGalera/iosApp/Pods/Target\ Support\ Files/gRPC-C++/ResourceBundle-grpcpp-gRPC-C++-Info.plist (in target 'gRPC-C++-grpcpp' from project 'Pods')
    cd /Users/pauloricha/StudioProjects/BolaoDaGalera/iosApp/Pods
    builtin-infoPlistUtility /Users/pauloricha/StudioProjects/BolaoDaGalera/iosApp/Pods/Target\ Support\ Files/gRPC-C++/ResourceBundle-grpcpp-gRPC-C++-Info.plist -producttype com.apple.product-type.bundle -expandbuildsettings -format binary -platform iphonesimulator -o /Users/pauloricha/Library/Developer/Xcode/DerivedData/iosApp-cynwljdxdnoqyxhdtywpdbpkuabz/Build/Products/Debug-iphonesimulator/gRPC-C++/grpcpp.bundle/Info.plist

ProcessInfoPlistFile /Users/pauloricha/Library/Developer/Xcode/DerivedData/iosApp-cynwljdxdnoqyxhdtywpdbpkuabz/Build/Products/Debug-iphonesimulator/gRPC-C++/gRPCCertificates-Cpp.bundle/Info.plist /Users/pauloricha/StudioProjects/BolaoDaGalera/iosApp/Pods/Target\ Support\ Files/gRPC-C++/ResourceBundle-gRPCCertificates-Cpp-gRPC-C++-Info.plist (in target 'gRPC-C++-gRPCCertificates-Cpp' from project 'Pods')
    cd /Users/pauloricha/StudioProjects/BolaoDaGalera/iosApp/Pods
    builtin-infoPlistUtility /Users/pauloricha/StudioProjects/BolaoDaGalera/iosApp/Pods/Target\ Support\ Files/gRPC-C++/ResourceBundle-gRPCCertificates-Cpp-gRPC-C++-Info.plist -producttype com.apple.product-type.bundle -expandbuildsettings -format binary -platform iphonesimulator -o /Users/pauloricha/Library/Developer/Xcode/DerivedData/iosApp-cynwljdxdnoqyxhdtywpdbpkuabz/Build/Products/Debug-iphonesimulator/gRPC-C++/gRPCCertificates-Cpp.bundle/Info.plist

Ld /Users/pauloricha/Library/Developer/Xcode/DerivedData/iosApp-cynwljdxdnoqyxhdtywpdbpkuabz/Build/Products/Debug-iphonesimulator/gRPC-C++/grpcpp.framework/grpcpp normal (in target 'gRPC-C++' from project 'Pods')
    cd /Users/pauloricha/StudioProjects/BolaoDaGalera/iosApp/Pods
    /Applications/Xcode.app/Contents/Developer/Toolchains/XcodeDefault.xctoolchain/usr/bin/clang++ -Xlinker -reproducible -target arm64-apple-ios16.0-simulator -dynamiclib -isysroot /Applications/Xcode.app/Contents/Developer/Platforms/iPhoneSimulator.platform/Developer/SDKs/iPhoneSimulator26.5.sdk -O0 -L/Users/pauloricha/Library/Developer/Xcode/DerivedData/iosApp-cynwljdxdnoqyxhdtywpdbpkuabz/Build/Intermediates.noindex/EagerLinkingTBDs/Debug-iphonesimulator -L/Users/pauloricha/Library/Developer/Xcode/DerivedData/iosApp-cynwljdxdnoqyxhdtywpdbpkuabz/Build/Products/Debug-iphonesimulator/gRPC-C++ -F/Users/pauloricha/Library/Developer/Xcode/DerivedData/iosApp-cynwljdxdnoqyxhdtywpdbpkuabz/Build/Intermediates.noindex/EagerLinkingTBDs/Debug-iphonesimulator -F/Users/pauloricha/Library/Developer/Xcode/DerivedData/iosApp-cynwljdxdnoqyxhdtywpdbpkuabz/Build/Products/Debug-iphonesimulator/gRPC-C++ -F/Users/pauloricha/Library/Developer/Xcode/DerivedData/iosApp-cynwljdxdnoqyxhdtywpdbpkuabz/Build/Products/Debug-iphonesimulator/BoringSSL-GRPC -F/Users/pauloricha/Library/Developer/Xcode/DerivedData/iosApp-cynwljdxdnoqyxhdtywpdbpkuabz/Build/Products/Debug-iphonesimulator/abseil -F/Users/pauloricha/Library/Developer/Xcode/DerivedData/iosApp-cynwljdxdnoqyxhdtywpdbpkuabz/Build/Products/Debug-iphonesimulator/gRPC-Core -filelist /Users/pauloricha/Library/Developer/Xcode/DerivedData/iosApp-cynwljdxdnoqyxhdtywpdbpkuabz/Build/Intermediates.noindex/Pods.build/Debug-iphonesimulator/gRPC-C++.build/Objects-normal/arm64/grpcpp.LinkFileList -install_name @rpath/grpcpp.framework/grpcpp -Xlinker -rpath -Xlinker @executable_path/Frameworks -Xlinker -rpath -Xlinker @loader_path/Frameworks -Xlinker -dead_strip -Xlinker -object_path_lto -Xlinker /Users/pauloricha/Library/Developer/Xcode/DerivedData/iosApp-cynwljdxdnoqyxhdtywpdbpkuabz/Build/Intermediates.noindex/Pods.build/Debug-iphonesimulator/gRPC-C++.build/Objects-normal/arm64/grpcpp_lto.o -rdynamic -Xlinker -no_deduplicate -Xlinker -objc_abi_version -Xlinker 2 -Xlinker -dependency_info -Xlinker /Users/pauloricha/Library/Developer/Xcode/DerivedData/iosApp-cynwljdxdnoqyxhdtywpdbpkuabz/Build/Intermediates.noindex/Pods.build/Debug-iphonesimulator/gRPC-C++.build/Objects-normal/arm64/grpcpp_dependency_info.dat -stdlib\=libc++ -fobjc-arc -fobjc-link-runtime -lc++ -framework absl -framework grpc -framework Foundation -Xlinker -no_adhoc_codesign -compatibility_version 1 -current_version 1 -o /Users/pauloricha/Library/Developer/Xcode/DerivedData/iosApp-cynwljdxdnoqyxhdtywpdbpkuabz/Build/Products/Debug-iphonesimulator/gRPC-C++/grpcpp.framework/grpcpp
/Users/pauloricha/StudioProjects/BolaoDaGalera/iosApp/Pods/Pods.xcodeproj: gRPC-C++: ld: warning: ignoring duplicate libraries: '-lc++'

ProcessInfoPlistFile /Users/pauloricha/Library/Developer/Xcode/DerivedData/iosApp-cynwljdxdnoqyxhdtywpdbpkuabz/Build/Products/Debug-iphonesimulator/gRPC-C++/grpcpp.framework/Info.plist /Users/pauloricha/StudioProjects/BolaoDaGalera/iosApp/Pods/Target\ Support\ Files/gRPC-C++/gRPC-C++-Info.plist (in target 'gRPC-C++' from project 'Pods')
    cd /Users/pauloricha/StudioProjects/BolaoDaGalera/iosApp/Pods
    builtin-infoPlistUtility /Users/pauloricha/StudioProjects/BolaoDaGalera/iosApp/Pods/Target\ Support\ Files/gRPC-C++/gRPC-C++-Info.plist -producttype com.apple.product-type.framework -expandbuildsettings -format binary -platform iphonesimulator -o /Users/pauloricha/Library/Developer/Xcode/DerivedData/iosApp-cynwljdxdnoqyxhdtywpdbpkuabz/Build/Products/Debug-iphonesimulator/gRPC-C++/grpcpp.framework/Info.plist

PhaseScriptExecution Create\ Symlinks\ to\ Header\ Folders /Users/pauloricha/Library/Developer/Xcode/DerivedData/iosApp-cynwljdxdnoqyxhdtywpdbpkuabz/Build/Intermediates.noindex/Pods.build/Debug-iphonesimulator/gRPC-C++.build/Script-366AE0263C15C934A26DF4F186E4819A.sh (in target 'gRPC-C++' from project 'Pods')
    cd /Users/pauloricha/StudioProjects/BolaoDaGalera/iosApp/Pods
    export ACTION\=build
    export AD_HOC_CODE_SIGNING_ALLOWED\=YES
    export ALLOW_BUILD_REQUEST_OVERRIDES\=NO
    export ALLOW_TARGET_PLATFORM_SPECIALIZATION\=NO
    export ALTERNATE_GROUP\=staff
    export ALTERNATE_MODE\=u+w,go-w,a+rX
    export ALTERNATE_OWNER\=pauloricha
    export ALTERNATIVE_DISTRIBUTION_WEB\=NO
    export ALWAYS_EMBED_SWIFT_STANDARD_LIBRARIES\=NO
    export ALWAYS_SEARCH_USER_PATHS\=NO
    export ALWAYS_USE_SEPARATE_HEADERMAPS\=NO
    export APPLICATION_EXTENSION_API_ONLY\=NO
    export APPLY_RULES_IN_COPY_FILES\=NO
    export APPLY_RULES_IN_COPY_HEADERS\=NO
    export APP_SHORTCUTS_ENABLE_FLEXIBLE_MATCHING\=YES
    export ARCHS\=arm64
    export ARCHS_BASE\=arm64
    export ARCHS_STANDARD\=arm64\ x86_64
    export ARCHS_STANDARD_32_64_BIT\=arm64\ x86_64
    export ARCHS_STANDARD_64_BIT\=arm64\ x86_64
    export ARCHS_STANDARD_INCLUDING_64_BIT\=arm64\ x86_64
    export ARCHS_UNIVERSAL_IPHONE_OS\=arm64\ x86_64
    export ASSETCATALOG_FILTER_FOR_DEVICE_MODEL\=iPhone18,1
    export ASSETCATALOG_FILTER_FOR_DEVICE_OS_VERSION\=26.5
    export ASSETCATALOG_FILTER_FOR_THINNING_DEVICE_CONFIGURATION\=iPhone18,1
    export AUTOMATICALLY_MERGE_DEPENDENCIES\=NO
    export AUTOMATION_APPLE_EVENTS\=NO
    export AVAILABLE_PLATFORMS\=android\ appletvos\ appletvsimulator\ driverkit\ freebsd\ iphoneos\ iphonesimulator\ linux\ macosx\ none\ openbsd\ qnx\ watchos\ watchsimulator\ webassembly\ xros\ xrsimulator
    export AppIdentifierPrefix\=FAKETEAMID.
    export BUILD_ACTIVE_RESOURCES_ONLY\=YES
    export BUILD_COMPONENTS\=headers\ build
    export BUILD_DIR\=/Users/pauloricha/Library/Developer/Xcode/DerivedData/iosApp-cynwljdxdnoqyxhdtywpdbpkuabz/Build/Products
    export BUILD_LIBRARY_FOR_DISTRIBUTION\=NO
    export BUILD_ONLY_KNOWN_LOCALIZATIONS\=NO
    export BUILD_ROOT\=/Users/pauloricha/Library/Developer/Xcode/DerivedData/iosApp-cynwljdxdnoqyxhdtywpdbpkuabz/Build/Products
    export BUILD_STYLE\=
    export BUILD_VARIANTS\=normal
    export BUILT_PRODUCTS_DIR\=/Users/pauloricha/Library/Developer/Xcode/DerivedData/iosApp-cynwljdxdnoqyxhdtywpdbpkuabz/Build/Products/Debug-iphonesimulator/gRPC-C++
    export BUNDLE_CONTENTS_FOLDER_PATH_deep\=Contents/
    export BUNDLE_EXECUTABLE_FOLDER_NAME_deep\=MacOS
    export BUNDLE_EXTENSIONS_FOLDER_PATH\=Extensions
    export BUNDLE_FORMAT\=shallow
    export BUNDLE_FRAMEWORKS_FOLDER_PATH\=Frameworks
    export BUNDLE_PLUGINS_FOLDER_PATH\=PlugIns
    export BUNDLE_PRIVATE_HEADERS_FOLDER_PATH\=PrivateHeaders
    export BUNDLE_PUBLIC_HEADERS_FOLDER_PATH\=Headers
    export CACHE_ROOT\=/var/folders/4r/3rcf_fc95ll948ycc5r4nl_r0000gn/C/com.apple.DeveloperTools/26.6-17F113/Xcode
    export CCHROOT\=/var/folders/4r/3rcf_fc95ll948ycc5r4nl_r0000gn/C/com.apple.DeveloperTools/26.6-17F113/Xcode
    export CHMOD\=/bin/chmod
    export CHOWN\=chown
    export CLANG_ANALYZER_LOCALIZABILITY_NONLOCALIZED\=YES
    export CLANG_ANALYZER_NONNULL\=YES
    export CLANG_ANALYZER_NUMBER_OBJECT_CONVERSION\=YES_AGGRESSIVE
    export CLANG_CACHE_FINE_GRAINED_OUTPUTS\=YES
    export CLANG_CXX_LANGUAGE_STANDARD\=c++14
    export CLANG_CXX_LIBRARY\=libc++
    export CLANG_ENABLE_EXPLICIT_MODULES\=YES
    export CLANG_ENABLE_MODULES\=YES
    export CLANG_ENABLE_OBJC_ARC\=YES
    export CLANG_ENABLE_OBJC_WEAK\=NO
    export CLANG_MODULES_BUILD_SESSION_FILE\=/Users/pauloricha/Library/Developer/Xcode/DerivedData/ModuleCache.noindex/Session.modulevalidation
    export CLANG_WARN_BLOCK_CAPTURE_AUTORELEASING\=YES
    export CLANG_WARN_BOOL_CONVERSION\=YES
    export CLANG_WARN_COMMA\=YES
    export CLANG_WARN_CONSTANT_CONVERSION\=YES
    export CLANG_WARN_DEPRECATED_OBJC_IMPLEMENTATIONS\=YES
    export CLANG_WARN_DIRECT_OBJC_ISA_USAGE\=YES_ERROR
    export CLANG_WARN_DOCUMENTATION_COMMENTS\=NO
    export CLANG_WARN_EMPTY_BODY\=YES
    export CLANG_WARN_ENUM_CONVERSION\=YES
    export CLANG_WARN_INFINITE_RECURSION\=YES
    export CLANG_WARN_INT_CONVERSION\=YES
    export CLANG_WARN_NON_LITERAL_NULL_CONVERSION\=YES
    export CLANG_WARN_OBJC_IMPLICIT_RETAIN_SELF\=YES
    export CLANG_WARN_OBJC_LITERAL_CONVERSION\=YES
    export CLANG_WARN_OBJC_ROOT_CLASS\=YES_ERROR
    export CLANG_WARN_QUOTED_INCLUDE_IN_FRAMEWORK_HEADER\=NO
    export CLANG_WARN_RANGE_LOOP_ANALYSIS\=YES
    export CLANG_WARN_STRICT_PROTOTYPES\=NO
    export CLANG_WARN_SUSPICIOUS_MOVE\=YES
    export CLANG_WARN_UNGUARDED_AVAILABILITY\=YES_AGGRESSIVE
    export CLANG_WARN_UNREACHABLE_CODE\=YES
    export CLANG_WARN__DUPLICATE_METHOD_MATCH\=YES
    export CLASS_FILE_DIR\=/Users/pauloricha/Library/Developer/Xcode/DerivedData/iosApp-cynwljdxdnoqyxhdtywpdbpkuabz/Build/Intermediates.noindex/Pods.build/Debug-iphonesimulator/gRPC-C++.build/JavaClasses
    export CLEAN_PRECOMPS\=YES
    export CLONE_HEADERS\=NO
    export CODESIGNING_FOLDER_PATH\=/Users/pauloricha/Library/Developer/Xcode/DerivedData/iosApp-cynwljdxdnoqyxhdtywpdbpkuabz/Build/Products/Debug-iphonesimulator/gRPC-C++/grpcpp.framework
    export CODE_SIGNING_ALLOWED\=YES
    export CODE_SIGNING_REQUIRED\=NO
    export CODE_SIGNING_REQUIRES_TEAM\=YES
    export CODE_SIGN_CONTEXT_CLASS\=XCiPhoneSimulatorCodeSignContext
    export CODE_SIGN_IDENTITY\=-
    export CODE_SIGN_INJECT_BASE_ENTITLEMENTS\=YES
    export COLOR_DIAGNOSTICS\=NO
    export COMBINE_HIDPI_IMAGES\=NO
    export COMPILATION_CACHE_CAS_PATH\=/Users/pauloricha/Library/Developer/Xcode/DerivedData/CompilationCache.noindex
    export COMPILATION_CACHE_KEEP_CAS_DIRECTORY\=YES
    export COMPILER_INDEX_STORE_ENABLE\=Default
    export COMPOSITE_SDK_DIRS\=/Users/pauloricha/Library/Developer/Xcode/DerivedData/iosApp-cynwljdxdnoqyxhdtywpdbpkuabz/Build/Intermediates.noindex/CompositeSDKs
    export COMPRESS_PNG_FILES\=YES
    export CONFIGURATION\=Debug
    export CONFIGURATION_BUILD_DIR\=/Users/pauloricha/Library/Developer/Xcode/DerivedData/iosApp-cynwljdxdnoqyxhdtywpdbpkuabz/Build/Products/Debug-iphonesimulator/gRPC-C++
    export CONFIGURATION_TEMP_DIR\=/Users/pauloricha/Library/Developer/Xcode/DerivedData/iosApp-cynwljdxdnoqyxhdtywpdbpkuabz/Build/Intermediates.noindex/Pods.build/Debug-iphonesimulator
    export CONTENTS_FOLDER_PATH\=grpcpp.framework
    export CONTENTS_FOLDER_PATH_SHALLOW_BUNDLE_NO\=grpcpp.framework/A
    export CONTENTS_FOLDER_PATH_SHALLOW_BUNDLE_YES\=grpcpp.framework
    export COPYING_PRESERVES_HFS_DATA\=NO
    export COPY_HEADERS_RUN_UNIFDEF\=NO
    export COPY_PHASE_STRIP\=NO
    export CORRESPONDING_DEVICE_PLATFORM_DIR\=/Applications/Xcode.app/Contents/Developer/Platforms/iPhoneOS.platform
    export CORRESPONDING_DEVICE_PLATFORM_NAME\=iphoneos
    export CORRESPONDING_DEVICE_SDK_DIR\=/Applications/Xcode.app/Contents/Developer/Platforms/iPhoneOS.platform/Developer/SDKs/iPhoneOS26.5.sdk
    export CORRESPONDING_DEVICE_SDK_NAME\=iphoneos26.5
    export CP\=/bin/cp
    export CREATE_INFOPLIST_SECTION_IN_BINARY\=NO
    export CURRENT_ARCH\=undefined_arch
    export CURRENT_PROJECT_VERSION\=1
    export CURRENT_VARIANT\=normal
    export CURRENT_VERSION\=Current
    export DEAD_CODE_STRIPPING\=YES
    export DEBUGGING_SYMBOLS\=YES
    export DEBUG_INFORMATION_FORMAT\=dwarf
    export DEBUG_INFORMATION_VERSION\=compiler-default
    export DEFAULT_COMPILER\=com.apple.compilers.llvm.clang.1_0
    export DEFAULT_DEXT_INSTALL_PATH\=/System/Library/DriverExtensions
    export DEFAULT_KEXT_INSTALL_PATH\=/System/Library/Extensions
    export DEFINES_MODULE\=YES
    export DEPLOYMENT_LOCATION\=NO
    export DEPLOYMENT_POSTPROCESSING\=NO
    export DEPLOYMENT_TARGET_SETTING_NAME\=IPHONEOS_DEPLOYMENT_TARGET
    export DEPLOYMENT_TARGET_SUGGESTED_VALUES\=12.0\ 12.1\ 12.2\ 12.3\ 12.4\ 13.0\ 13.1\ 13.2\ 13.3\ 13.4\ 13.5\ 13.6\ 14.0\ 14.1\ 14.2\ 14.3\ 14.4\ 14.5\ 14.6\ 14.7\ 15.0\ 15.1\ 15.2\ 15.3\ 15.4\ 15.5\ 15.6\ 16.0\ 16.1\ 16.2\ 16.3\ 16.4\ 16.5\ 16.6\ 17.0\ 17.1\ 17.2\ 17.3\ 17.4\ 17.5\ 17.6\ 18.0\ 18.1\ 18.2\ 18.3\ 18.4\ 18.5\ 18.6\ 26.0\ 26.2\ 26.3\ 26.4\ 26.5
    export DERIVED_FILES_DIR\=/Users/pauloricha/Library/Developer/Xcode/DerivedData/iosApp-cynwljdxdnoqyxhdtywpdbpkuabz/Build/Intermediates.noindex/Pods.build/Debug-iphonesimulator/gRPC-C++.build/DerivedSources
    export DERIVED_FILE_DIR\=/Users/pauloricha/Library/Developer/Xcode/DerivedData/iosApp-cynwljdxdnoqyxhdtywpdbpkuabz/Build/Intermediates.noindex/Pods.build/Debug-iphonesimulator/gRPC-C++.build/DerivedSources
    export DERIVED_SOURCES_DIR\=/Users/pauloricha/Library/Developer/Xcode/DerivedData/iosApp-cynwljdxdnoqyxhdtywpdbpkuabz/Build/Intermediates.noindex/Pods.build/Debug-iphonesimulator/gRPC-C++.build/DerivedSources
    export DEVELOPER_APPLICATIONS_DIR\=/Applications/Xcode.app/Contents/Developer/Applications
    export DEVELOPER_BIN_DIR\=/Applications/Xcode.app/Contents/Developer/usr/bin
    export DEVELOPER_DIR\=/Applications/Xcode.app/Contents/Developer
    export DEVELOPER_FRAMEWORKS_DIR\=/Applications/Xcode.app/Contents/Developer/Library/Frameworks
    export DEVELOPER_FRAMEWORKS_DIR_QUOTED\=/Applications/Xcode.app/Contents/Developer/Library/Frameworks
    export DEVELOPER_LIBRARY_DIR\=/Applications/Xcode.app/Contents/Developer/Library
    export DEVELOPER_SDK_DIR\=/Applications/Xcode.app/Contents/Developer/Platforms/MacOSX.platform/Developer/SDKs
    export DEVELOPER_TOOLS_DIR\=/Applications/Xcode.app/Contents/Developer/Tools
    export DEVELOPER_USR_DIR\=/Applications/Xcode.app/Contents/Developer/usr
    export DEVELOPMENT_LANGUAGE\=en
    export DIAGNOSE_MISSING_TARGET_DEPENDENCIES\=YES
    export DIFF\=/usr/bin/diff
    export DOCUMENTATION_FOLDER_PATH\=grpcpp.framework/en.lproj/Documentation
    export DONT_GENERATE_INFOPLIST_FILE\=NO
    export DSTROOT\=/tmp/Pods.dst
    export DT_TOOLCHAIN_DIR\=/Applications/Xcode.app/Contents/Developer/Toolchains/XcodeDefault.xctoolchain
    export DUMP_DEPENDENCIES\=NO
    export DUMP_DEPENDENCIES_OUTPUT_PATH\=/Users/pauloricha/Library/Developer/Xcode/DerivedData/iosApp-cynwljdxdnoqyxhdtywpdbpkuabz/Build/Intermediates.noindex/Pods.build/Debug-iphonesimulator/gRPC-C++.build/gRPC-C++-BuildDependencyInfo.json
    export DWARF_DSYM_FILE_NAME\=grpcpp.framework.dSYM
    export DWARF_DSYM_FILE_SHOULD_ACCOMPANY_PRODUCT\=NO
    export DWARF_DSYM_FOLDER_PATH\=/Users/pauloricha/Library/Developer/Xcode/DerivedData/iosApp-cynwljdxdnoqyxhdtywpdbpkuabz/Build/Products/Debug-iphonesimulator/gRPC-C++
    export DYLIB_COMPATIBILITY_VERSION\=1
    export DYLIB_CURRENT_VERSION\=1
    export DYLIB_INSTALL_NAME_BASE\=@rpath
    export DYNAMIC_LIBRARY_EXTENSION\=dylib
    export EAGER_COMPILATION_ALLOW_SCRIPTS\=NO
    export EAGER_LINKING\=NO
    export EFFECTIVE_PLATFORM_NAME\=-iphonesimulator
    export EFFECTIVE_SWIFT_VERSION\=5
    export EMBEDDED_CONTENT_CONTAINS_SWIFT\=NO
    export EMBED_ASSET_PACKS_IN_PRODUCT_BUNDLE\=NO
    export ENABLE_APP_SANDBOX\=NO
    export ENABLE_CODE_COVERAGE\=YES
    export ENABLE_COHORT_ARCHS\=NO
    export ENABLE_CPLUSPLUS_BOUNDS_SAFE_BUFFERS\=NO
    export ENABLE_C_BOUNDS_SAFETY\=NO
    export ENABLE_DEFAULT_HEADER_SEARCH_PATHS\=YES
    export ENABLE_DEFAULT_SEARCH_PATHS\=YES
    export ENABLE_ENHANCED_SECURITY\=NO
    export ENABLE_HARDENED_RUNTIME\=NO
    export ENABLE_HEADER_DEPENDENCIES\=YES
    export ENABLE_INCOMING_NETWORK_CONNECTIONS\=NO
    export ENABLE_MODULE_VERIFIER\=NO
    export ENABLE_ON_DEMAND_RESOURCES\=NO
    export ENABLE_OUTGOING_NETWORK_CONNECTIONS\=NO
    export ENABLE_POINTER_AUTHENTICATION\=NO
    export ENABLE_PREVIEWS\=NO
    export ENABLE_RESOURCE_ACCESS_AUDIO_INPUT\=NO
    export ENABLE_RESOURCE_ACCESS_BLUETOOTH\=NO
    export ENABLE_RESOURCE_ACCESS_CALENDARS\=NO
    export ENABLE_RESOURCE_ACCESS_CAMERA\=NO
    export ENABLE_RESOURCE_ACCESS_CONTACTS\=NO
    export ENABLE_RESOURCE_ACCESS_LOCATION\=NO
    export ENABLE_RESOURCE_ACCESS_PHOTO_LIBRARY\=NO
    export ENABLE_RESOURCE_ACCESS_PRINTING\=NO
    export ENABLE_RESOURCE_ACCESS_USB\=NO
    export ENABLE_SDK_IMPORTS\=NO
    export ENABLE_SECURITY_COMPILER_WARNINGS\=NO
    export ENABLE_STRICT_OBJC_MSGSEND\=YES
    export ENABLE_TESTABILITY\=YES
    export ENABLE_TESTING_SEARCH_PATHS\=NO
    export ENABLE_USER_SCRIPT_SANDBOXING\=NO
    export ENABLE_XOJIT_PREVIEWS\=YES
    export ENFORCE_VALID_ARCHS\=YES
    export ENTITLEMENTS_DESTINATION\=__entitlements
    export ENTITLEMENTS_REQUIRED\=NO
    export EXCLUDED_INSTALLSRC_SUBDIRECTORY_PATTERNS\=.DS_Store\ .svn\ .git\ .hg\ CVS
    export EXCLUDED_RECURSIVE_SEARCH_PATH_SUBDIRECTORIES\=\*.nib\ \*.lproj\ \*.framework\ \*.gch\ \*.xcode\*\ \*.xcassets\ \*.icon\ \(\*\)\ .DS_Store\ CVS\ .svn\ .git\ .hg\ \*.pbproj\ \*.pbxproj
    export EXECUTABLES_FOLDER_PATH\=grpcpp.framework/en.lproj
    export EXECUTABLE_FOLDER_PATH\=grpcpp.framework
    export EXECUTABLE_FOLDER_PATH_SHALLOW_BUNDLE_NO\=grpcpp.framework
    export EXECUTABLE_FOLDER_PATH_SHALLOW_BUNDLE_YES\=grpcpp.framework
    export EXECUTABLE_NAME\=grpcpp
    export EXECUTABLE_PATH\=grpcpp.framework/grpcpp
    export EXPANDED_CODE_SIGN_IDENTITY\=-
    export EXPANDED_CODE_SIGN_IDENTITY_NAME\=Sign\ to\ Run\ Locally
    export EXTENSIONS_FOLDER_PATH\=grpcpp.framework/Extensions
    export FILE_LIST\=/Users/pauloricha/Library/Developer/Xcode/DerivedData/iosApp-cynwljdxdnoqyxhdtywpdbpkuabz/Build/Intermediates.noindex/Pods.build/Debug-iphonesimulator/gRPC-C++.build/Objects/LinkFileList
    export FIXED_FILES_DIR\=/Users/pauloricha/Library/Developer/Xcode/DerivedData/iosApp-cynwljdxdnoqyxhdtywpdbpkuabz/Build/Intermediates.noindex/Pods.build/Debug-iphonesimulator/gRPC-C++.build/FixedFiles
    export FRAMEWORKS_FOLDER_PATH\=grpcpp.framework/Frameworks
    export FRAMEWORK_FLAG_PREFIX\=-framework
    export FRAMEWORK_SEARCH_PATHS\=/Users/pauloricha/Library/Developer/Xcode/DerivedData/iosApp-cynwljdxdnoqyxhdtywpdbpkuabz/Build/Products/Debug-iphonesimulator/gRPC-C++\ \ \"/Users/pauloricha/Library/Developer/Xcode/DerivedData/iosApp-cynwljdxdnoqyxhdtywpdbpkuabz/Build/Products/Debug-iphonesimulator/BoringSSL-GRPC\"\ \"/Users/pauloricha/Library/Developer/Xcode/DerivedData/iosApp-cynwljdxdnoqyxhdtywpdbpkuabz/Build/Products/Debug-iphonesimulator/abseil\"\ \"/Users/pauloricha/Library/Developer/Xcode/DerivedData/iosApp-cynwljdxdnoqyxhdtywpdbpkuabz/Build/Products/Debug-iphonesimulator/gRPC-Core\"
    export FRAMEWORK_VERSION\=A
    export FULL_PRODUCT_NAME\=grpcpp.framework
    export FUSE_BUILD_PHASES\=YES
    export FUSE_BUILD_SCRIPT_PHASES\=NO
    export GCC3_VERSION\=3.3
    export GCC_C_LANGUAGE_STANDARD\=gnu11
    export GCC_DYNAMIC_NO_PIC\=NO
    export GCC_INLINES_ARE_PRIVATE_EXTERN\=YES
    export GCC_NO_COMMON_BLOCKS\=YES
    export GCC_OBJC_LEGACY_DISPATCH\=YES
    export GCC_OPTIMIZATION_LEVEL\=0
    export GCC_PFE_FILE_C_DIALECTS\=c\ objective-c\ c++\ objective-c++
    export GCC_PREFIX_HEADER\=Target\ Support\ Files/gRPC-C++/gRPC-C++-prefix.pch
    export GCC_PREPROCESSOR_DEFINITIONS\=POD_CONFIGURATION_DEBUG\=1\ DEBUG\=1\ \ COCOAPODS\=1
    export GCC_TREAT_WARNINGS_AS_ERRORS\=NO
    export GCC_VERSION\=com.apple.compilers.llvm.clang.1_0
    export GCC_VERSION_IDENTIFIER\=com_apple_compilers_llvm_clang_1_0
    export GCC_WARN_64_TO_32_BIT_CONVERSION\=YES
    export GCC_WARN_ABOUT_RETURN_TYPE\=YES_ERROR
    export GCC_WARN_UNDECLARED_SELECTOR\=YES
    export GCC_WARN_UNINITIALIZED_AUTOS\=YES_AGGRESSIVE
    export GCC_WARN_UNUSED_FUNCTION\=YES
    export GCC_WARN_UNUSED_VARIABLE\=YES
    export GENERATED_MODULEMAP_DIR\=/Users/pauloricha/Library/Developer/Xcode/DerivedData/iosApp-cynwljdxdnoqyxhdtywpdbpkuabz/Build/Intermediates.noindex/GeneratedModuleMaps-iphonesimulator
    export GENERATE_INFOPLIST_FILE\=NO
    export GENERATE_INTERMEDIATE_TEXT_BASED_STUBS\=YES
    export GENERATE_PKGINFO_FILE\=NO
    export GENERATE_PRELINK_OBJECT_FILE\=NO
    export GENERATE_PROFILING_CODE\=NO
    export GENERATE_TEXT_BASED_STUBS\=NO
    export GID\=20
    export GROUP\=staff
    export HEADERMAP_INCLUDES_FLAT_ENTRIES_FOR_TARGET_BEING_BUILT\=YES
    export HEADERMAP_INCLUDES_FRAMEWORK_ENTRIES_FOR_ALL_PRODUCT_TYPES\=YES
    export HEADERMAP_INCLUDES_FRAMEWORK_ENTRIES_FOR_TARGETS_NOT_BEING_BUILT\=YES
    export HEADERMAP_INCLUDES_NONPUBLIC_NONPRIVATE_HEADERS\=YES
    export HEADERMAP_INCLUDES_PROJECT_HEADERS\=YES
    export HEADERMAP_USES_FRAMEWORK_PREFIX_ENTRIES\=YES
    export HEADERMAP_USES_VFS\=YES
    export HEADER_SEARCH_PATHS\=/Users/pauloricha/Library/Developer/Xcode/DerivedData/iosApp-cynwljdxdnoqyxhdtywpdbpkuabz/Build/Products/Debug-iphonesimulator/gRPC-C++/include\ \"\"\ \"/Users/pauloricha/StudioProjects/BolaoDaGalera/iosApp/Pods/gRPC-C++/include\"\ \"/Users/pauloricha/StudioProjects/BolaoDaGalera/iosApp/Pods/gRPC-C++/third_party/address_sorting/include\"
    export HOME\=/Users/pauloricha
    export HOST_ARCH\=arm64
    export HOST_PLATFORM\=macosx
    export ICONV\=/usr/bin/iconv
    export IMPLICIT_DEPENDENCY_DOMAIN\=default
    export INDEX_STORE_COMPRESS\=NO
    export INDEX_STORE_ONLY_PROJECT_FILES\=NO
    export INFOPLIST_ENABLE_CFBUNDLEICONS_MERGE\=YES
    export INFOPLIST_EXPAND_BUILD_SETTINGS\=YES
    export INFOPLIST_FILE\=Target\ Support\ Files/gRPC-C++/gRPC-C++-Info.plist
    export INFOPLIST_OUTPUT_FORMAT\=binary
    export INFOPLIST_PATH\=grpcpp.framework/Info.plist
    export INFOPLIST_PREPROCESS\=NO
    export INFOSTRINGS_PATH\=grpcpp.framework/en.lproj/InfoPlist.strings
    export INLINE_PRIVATE_FRAMEWORKS\=NO
    export INSTALLAPI_IGNORE_SKIP_INSTALL\=YES
    export INSTALLHDRS_COPY_PHASE\=NO
    export INSTALLHDRS_SCRIPT_PHASE\=NO
    export INSTALL_DIR\=/tmp/Pods.dst/Library/Frameworks
    export INSTALL_GROUP\=staff
    export INSTALL_MODE_FLAG\=u+w,go-w,a+rX
    export INSTALL_OWNER\=pauloricha
    export INSTALL_PATH\=/Library/Frameworks
    export INSTALL_ROOT\=/tmp/Pods.dst
    export IPHONEOS_DEPLOYMENT_TARGET\=16.0
    export IS_UNOPTIMIZED_BUILD\=YES
    export JAVAC_DEFAULT_FLAGS\=-J-Xms64m\ -J-XX:NewSize\=4M\ -J-Dfile.encoding\=UTF8
    export JAVA_APP_STUB\=/System/Library/Frameworks/JavaVM.framework/Resources/MacOS/JavaApplicationStub
    export JAVA_ARCHIVE_CLASSES\=YES
    export JAVA_ARCHIVE_TYPE\=JAR
    export JAVA_COMPILER\=/usr/bin/javac
    export JAVA_FOLDER_PATH\=grpcpp.framework/Java
    export JAVA_FRAMEWORK_RESOURCES_DIRS\=Resources
    export JAVA_JAR_FLAGS\=cv
    export JAVA_SOURCE_SUBDIR\=.
    export JAVA_USE_DEPENDENCIES\=YES
    export JAVA_ZIP_FLAGS\=-urg
    export JIKES_DEFAULT_FLAGS\=+E\ +OLDCSO
    export KEEP_PRIVATE_EXTERNS\=NO
    export LD_DEPENDENCY_INFO_FILE\=/Users/pauloricha/Library/Developer/Xcode/DerivedData/iosApp-cynwljdxdnoqyxhdtywpdbpkuabz/Build/Intermediates.noindex/Pods.build/Debug-iphonesimulator/gRPC-C++.build/Objects-normal/undefined_arch/grpcpp_dependency_info.dat
    export LD_DYLIB_INSTALL_NAME\=@rpath/grpcpp.framework/grpcpp
    export LD_EXPORT_SYMBOLS\=YES
    export LD_GENERATE_MAP_FILE\=NO
    export LD_MAP_FILE_PATH\=/Users/pauloricha/Library/Developer/Xcode/DerivedData/iosApp-cynwljdxdnoqyxhdtywpdbpkuabz/Build/Intermediates.noindex/Pods.build/Debug-iphonesimulator/gRPC-C++.build/grpcpp-LinkMap-normal-undefined_arch.txt
    export LD_NO_PIE\=NO
    export LD_QUOTE_LINKER_ARGUMENTS_FOR_COMPILER_DRIVER\=YES
    export LD_RUNPATH_SEARCH_PATHS\=\ @executable_path/Frameworks\ @loader_path/Frameworks
    export LD_SHARED_CACHE_ELIGIBLE\=Automatic
    export LD_WARN_DUPLICATE_LIBRARIES\=NO
    export LD_WARN_UNUSED_DYLIBS\=NO
    export LEGACY_DEVELOPER_DIR\=/Applications/Xcode.app/Contents/PlugIns/Xcode3Core.ideplugin/Contents/SharedSupport/Developer
    export LEX\=lex
    export LIBRARY_DEXT_INSTALL_PATH\=/Library/DriverExtensions
    export LIBRARY_FLAG_NOSPACE\=YES
    export LIBRARY_FLAG_PREFIX\=-l
    export LIBRARY_KEXT_INSTALL_PATH\=/Library/Extensions
    export LIBRARY_SEARCH_PATHS\=/Users/pauloricha/Library/Developer/Xcode/DerivedData/iosApp-cynwljdxdnoqyxhdtywpdbpkuabz/Build/Products/Debug-iphonesimulator/gRPC-C++\ 
    export LINKER_DISPLAYS_MANGLED_NAMES\=NO
    export LINK_FILE_LIST_normal_arm64\=/Users/pauloricha/Library/Developer/Xcode/DerivedData/iosApp-cynwljdxdnoqyxhdtywpdbpkuabz/Build/Intermediates.noindex/Pods.build/Debug-iphonesimulator/gRPC-C++.build/Objects-normal/arm64/grpcpp.LinkFileList
    export LINK_OBJC_RUNTIME\=YES
    export LINK_WITH_STANDARD_LIBRARIES\=YES
    export LLVM_TARGET_TRIPLE_OS_VERSION\=ios16.0
    export LLVM_TARGET_TRIPLE_SUFFIX\=-simulator
    export LLVM_TARGET_TRIPLE_VENDOR\=apple
    export LM_AUX_CONST_METADATA_LIST_PATH_normal_arm64\=/Users/pauloricha/Library/Developer/Xcode/DerivedData/iosApp-cynwljdxdnoqyxhdtywpdbpkuabz/Build/Intermediates.noindex/Pods.build/Debug-iphonesimulator/gRPC-C++.build/Objects-normal/arm64/grpcpp.SwiftConstValuesFileList
    export LOCALIZATION_EXPORT_SUPPORTED\=YES
    export LOCALIZATION_PREFERS_STRING_CATALOGS\=NO
    export LOCALIZED_RESOURCES_FOLDER_PATH\=grpcpp.framework/en.lproj
    export LOCALIZED_STRING_CODE_COMMENTS\=NO
    export LOCALIZED_STRING_MACRO_NAMES\=NSLocalizedString\ CFCopyLocalizedString
    export LOCALIZED_STRING_SWIFTUI_SUPPORT\=YES
    export LOCAL_ADMIN_APPS_DIR\=/Applications/Utilities
    export LOCAL_APPS_DIR\=/Applications
    export LOCAL_DEVELOPER_DIR\=/Library/Developer
    export LOCAL_LIBRARY_DIR\=/Library
    export LOCROOT\=/Users/pauloricha/StudioProjects/BolaoDaGalera/iosApp/Pods
    export LOCSYMROOT\=/Users/pauloricha/StudioProjects/BolaoDaGalera/iosApp/Pods
    export MACH_O_TYPE\=mh_dylib
    export MAC_OS_X_PRODUCT_BUILD_VERSION\=25F71
    export MAC_OS_X_VERSION_ACTUAL\=260500
    export MAC_OS_X_VERSION_MAJOR\=260000
    export MAC_OS_X_VERSION_MINOR\=260500
    export MAKE_MERGEABLE\=NO
    export MERGEABLE_LIBRARY\=NO
    export MERGED_BINARY_TYPE\=none
    export MERGE_LINKED_LIBRARIES\=NO
    export METAL_LIBRARY_FILE_BASE\=default
    export METAL_LIBRARY_OUTPUT_DIR\=/Users/pauloricha/Library/Developer/Xcode/DerivedData/iosApp-cynwljdxdnoqyxhdtywpdbpkuabz/Build/Products/Debug-iphonesimulator/gRPC-C++/grpcpp.framework
    export MODULEMAP_FILE\=Target\ Support\ Files/gRPC-C++/gRPC-C++.modulemap
    export MODULES_FOLDER_PATH\=grpcpp.framework/Modules
    export MODULE_CACHE_DIR\=/Users/pauloricha/Library/Developer/Xcode/DerivedData/ModuleCache.noindex
    export MTL_ENABLE_DEBUG_INFO\=INCLUDE_SOURCE
    export MTL_FAST_MATH\=YES
    export NATIVE_ARCH\=arm64
    export NATIVE_ARCH_32_BIT\=arm
    export NATIVE_ARCH_64_BIT\=arm64
    export NATIVE_ARCH_ACTUAL\=arm64
    export NO_COMMON\=YES
    export OBJC_ABI_VERSION\=2
    export OBJECT_FILE_DIR\=/Users/pauloricha/Library/Developer/Xcode/DerivedData/iosApp-cynwljdxdnoqyxhdtywpdbpkuabz/Build/Intermediates.noindex/Pods.build/Debug-iphonesimulator/gRPC-C++.build/Objects
    export OBJECT_FILE_DIR_normal\=/Users/pauloricha/Library/Developer/Xcode/DerivedData/iosApp-cynwljdxdnoqyxhdtywpdbpkuabz/Build/Intermediates.noindex/Pods.build/Debug-iphonesimulator/gRPC-C++.build/Objects-normal
    export OBJROOT\=/Users/pauloricha/Library/Developer/Xcode/DerivedData/iosApp-cynwljdxdnoqyxhdtywpdbpkuabz/Build/Intermediates.noindex
    export ONLY_ACTIVE_ARCH\=YES
    export OS\=MACOS
    export OSAC\=/usr/bin/osacompile
    export OTHER_LDFLAGS\=\ -l\"c++\"\ -framework\ \"absl\"\ -framework\ \"grpc\"
    export PACKAGE_TYPE\=com.apple.package-type.wrapper.framework
    export PASCAL_STRINGS\=YES
    export PATH\=/Applications/Xcode.app/Contents/SharedFrameworks/SwiftBuild.framework/Versions/A/PlugIns/SWBBuildService.bundle/Contents/PlugIns/SWBUniversalPlatformPlugin.bundle/Contents/Frameworks/SWBUniversalPlatform.framework/Resources:/Applications/Xcode.app/Contents/Developer/Toolchains/XcodeDefault.xctoolchain/usr/bin:/Applications/Xcode.app/Contents/Developer/Toolchains/XcodeDefault.xctoolchain/usr/local/bin:/Applications/Xcode.app/Contents/Developer/Toolchains/XcodeDefault.xctoolchain/usr/libexec:/Applications/Xcode.app/Contents/Developer/Platforms/iPhoneSimulator.platform/usr/bin:/Applications/Xcode.app/Contents/Developer/Platforms/iPhoneSimulator.platform/usr/local/bin:/Applications/Xcode.app/Contents/Developer/Platforms/iPhoneSimulator.platform/Developer/usr/bin:/Applications/Xcode.app/Contents/Developer/Platforms/iPhoneSimulator.platform/Developer/usr/local/bin:/Applications/Xcode.app/Contents/Developer/usr/bin:/Applications/Xcode.app/Contents/Developer/usr/local/bin:/usr/local/bin:/System/Cryptexes/App/usr/bin:/usr/bin:/bin:/usr/sbin:/sbin:/var/run/com.apple.security.cryptexd/codex.system/bootstrap/usr/local/bin:/var/run/com.apple.security.cryptexd/codex.system/bootstrap/usr/bin:/var/run/com.apple.security.cryptexd/codex.system/bootstrap/usr/appleinternal/bin:/pkg/env/global/bin:/Library/Apple/usr/bin:/Applications/Android\ Studio.app/Contents/plugins/android/resources/android-cli/bin
    export PATH_PREFIXES_EXCLUDED_FROM_HEADER_DEPENDENCIES\=/usr/include\ /usr/local/include\ /System/Library/Frameworks\ /System/Library/PrivateFrameworks\ /Applications/Xcode.app/Contents/Developer/Headers\ /Applications/Xcode.app/Contents/Developer/SDKs\ /Applications/Xcode.app/Contents/Developer/Platforms
    export PBDEVELOPMENTPLIST_PATH\=grpcpp.framework/pbdevelopment.plist
    export PER_ARCH_MODULE_FILE_DIR\=/Users/pauloricha/Library/Developer/Xcode/DerivedData/iosApp-cynwljdxdnoqyxhdtywpdbpkuabz/Build/Intermediates.noindex/Pods.build/Debug-iphonesimulator/gRPC-C++.build/Objects-normal/undefined_arch
    export PER_ARCH_OBJECT_FILE_DIR\=/Users/pauloricha/Library/Developer/Xcode/DerivedData/iosApp-cynwljdxdnoqyxhdtywpdbpkuabz/Build/Intermediates.noindex/Pods.build/Debug-iphonesimulator/gRPC-C++.build/Objects-normal/undefined_arch
    export PER_VARIANT_OBJECT_FILE_DIR\=/Users/pauloricha/Library/Developer/Xcode/DerivedData/iosApp-cynwljdxdnoqyxhdtywpdbpkuabz/Build/Intermediates.noindex/Pods.build/Debug-iphonesimulator/gRPC-C++.build/Objects-normal
    export PKGINFO_FILE_PATH\=/Users/pauloricha/Library/Developer/Xcode/DerivedData/iosApp-cynwljdxdnoqyxhdtywpdbpkuabz/Build/Intermediates.noindex/Pods.build/Debug-iphonesimulator/gRPC-C++.build/PkgInfo
    export PKGINFO_PATH\=grpcpp.framework/PkgInfo
    export PLATFORM_DEVELOPER_APPLICATIONS_DIR\=/Applications/Xcode.app/Contents/Developer/Platforms/iPhoneSimulator.platform/Developer/Applications
    export PLATFORM_DEVELOPER_BIN_DIR\=/Applications/Xcode.app/Contents/Developer/Platforms/iPhoneSimulator.platform/Developer/usr/bin
    export PLATFORM_DEVELOPER_LIBRARY_DIR\=/Applications/Xcode.app/Contents/Developer/Platforms/iPhoneSimulator.platform/Developer/Library
    export PLATFORM_DEVELOPER_SDK_DIR\=/Applications/Xcode.app/Contents/Developer/Platforms/iPhoneSimulator.platform/Developer/SDKs
    export PLATFORM_DEVELOPER_TOOLS_DIR\=/Applications/Xcode.app/Contents/Developer/Platforms/iPhoneSimulator.platform/Developer/Tools
    export PLATFORM_DEVELOPER_USR_DIR\=/Applications/Xcode.app/Contents/Developer/Platforms/iPhoneSimulator.platform/Developer/usr
    export PLATFORM_DIR\=/Applications/Xcode.app/Contents/Developer/Platforms/iPhoneSimulator.platform
    export PLATFORM_DISPLAY_NAME\=iOS\ Simulator
    export PLATFORM_FAMILY_NAME\=iOS
    export PLATFORM_NAME\=iphonesimulator
    export PLATFORM_PREFERRED_ARCH\=x86_64
    export PLATFORM_PRODUCT_BUILD_VERSION\=23F81a
    export PLATFORM_REQUIRES_SWIFT_AUTOLINK_EXTRACT\=NO
    export PLATFORM_REQUIRES_SWIFT_MODULEWRAP\=NO
    export PLATFORM_USES_DSYMS\=YES
    export PLIST_FILE_OUTPUT_FORMAT\=binary
    export PLUGINS_FOLDER_PATH\=grpcpp.framework/PlugIns
    export PODS_BUILD_DIR\=/Users/pauloricha/Library/Developer/Xcode/DerivedData/iosApp-cynwljdxdnoqyxhdtywpdbpkuabz/Build/Products
    export PODS_CONFIGURATION_BUILD_DIR\=/Users/pauloricha/Library/Developer/Xcode/DerivedData/iosApp-cynwljdxdnoqyxhdtywpdbpkuabz/Build/Products/Debug-iphonesimulator
    export PODS_DEVELOPMENT_LANGUAGE\=en
    export PODS_ROOT\=/Users/pauloricha/StudioProjects/BolaoDaGalera/iosApp/Pods
    export PODS_TARGET_SRCROOT\=/Users/pauloricha/StudioProjects/BolaoDaGalera/iosApp/Pods/gRPC-C++
    export PODS_XCFRAMEWORKS_BUILD_DIR\=/Users/pauloricha/Library/Developer/Xcode/DerivedData/iosApp-cynwljdxdnoqyxhdtywpdbpkuabz/Build/Products/Debug-iphonesimulator/XCFrameworkIntermediates
    export PRECOMPS_INCLUDE_HEADERS_FROM_BUILT_PRODUCTS_DIR\=YES
    export PRECOMP_DESTINATION_DIR\=/Users/pauloricha/Library/Developer/Xcode/DerivedData/iosApp-cynwljdxdnoqyxhdtywpdbpkuabz/Build/Intermediates.noindex/Pods.build/Debug-iphonesimulator/gRPC-C++.build/PrefixHeaders
    export PRIVATE_HEADERS_FOLDER_PATH\=grpcpp.framework/PrivateHeaders
    export PROCESSED_INFOPLIST_PATH\=/Users/pauloricha/Library/Developer/Xcode/DerivedData/iosApp-cynwljdxdnoqyxhdtywpdbpkuabz/Build/Intermediates.noindex/Pods.build/Debug-iphonesimulator/gRPC-C++.build/Objects-normal/undefined_arch/Processed-Info.plist
    export PRODUCT_BUNDLE_IDENTIFIER\=org.cocoapods.grpcpp
    export PRODUCT_BUNDLE_PACKAGE_TYPE\=FMWK
    export PRODUCT_MODULE_NAME\=grpcpp
    export PRODUCT_NAME\=grpcpp
    export PRODUCT_SETTINGS_PATH\=/Users/pauloricha/StudioProjects/BolaoDaGalera/iosApp/Pods/Target\ Support\ Files/gRPC-C++/gRPC-C++-Info.plist
    export PRODUCT_TYPE\=com.apple.product-type.framework
    export PROFILING_CODE\=NO
    export PROJECT\=Pods
    export PROJECT_DERIVED_FILE_DIR\=/Users/pauloricha/Library/Developer/Xcode/DerivedData/iosApp-cynwljdxdnoqyxhdtywpdbpkuabz/Build/Intermediates.noindex/Pods.build/DerivedSources
    export PROJECT_DIR\=/Users/pauloricha/StudioProjects/BolaoDaGalera/iosApp/Pods
    export PROJECT_FILE_PATH\=/Users/pauloricha/StudioProjects/BolaoDaGalera/iosApp/Pods/Pods.xcodeproj
    export PROJECT_GUID\=8699adb1dd336b26511df848a716bd42
    export PROJECT_NAME\=Pods
    export PROJECT_TEMP_DIR\=/Users/pauloricha/Library/Developer/Xcode/DerivedData/iosApp-cynwljdxdnoqyxhdtywpdbpkuabz/Build/Intermediates.noindex/Pods.build
    export PROJECT_TEMP_ROOT\=/Users/pauloricha/Library/Developer/Xcode/DerivedData/iosApp-cynwljdxdnoqyxhdtywpdbpkuabz/Build/Intermediates.noindex
    export PUBLIC_HEADERS_FOLDER_PATH\=grpcpp.framework/Headers
    export RECOMMENDED_IPHONEOS_DEPLOYMENT_TARGET\=15.0
    export RECURSIVE_SEARCH_PATHS_FOLLOW_SYMLINKS\=YES
    export REMOVE_CVS_FROM_RESOURCES\=YES
    export REMOVE_GIT_FROM_RESOURCES\=YES
    export REMOVE_HEADERS_FROM_EMBEDDED_BUNDLES\=YES
    export REMOVE_HG_FROM_RESOURCES\=YES
    export REMOVE_STATIC_EXECUTABLES_FROM_EMBEDDED_BUNDLES\=YES
    export REMOVE_SVN_FROM_RESOURCES\=YES
    export RESCHEDULE_INDEPENDENT_HEADERS_PHASES\=YES
    export REZ_COLLECTOR_DIR\=/Users/pauloricha/Library/Developer/Xcode/DerivedData/iosApp-cynwljdxdnoqyxhdtywpdbpkuabz/Build/Intermediates.noindex/Pods.build/Debug-iphonesimulator/gRPC-C++.build/ResourceManagerResources
    export REZ_OBJECTS_DIR\=/Users/pauloricha/Library/Developer/Xcode/DerivedData/iosApp-cynwljdxdnoqyxhdtywpdbpkuabz/Build/Intermediates.noindex/Pods.build/Debug-iphonesimulator/gRPC-C++.build/ResourceManagerResources/Objects
    export REZ_SEARCH_PATHS\=/Users/pauloricha/Library/Developer/Xcode/DerivedData/iosApp-cynwljdxdnoqyxhdtywpdbpkuabz/Build/Products/Debug-iphonesimulator/gRPC-C++\ 
    export RPATH_ORIGIN\=@loader_path
    export RUNTIME_EXCEPTION_ALLOW_DYLD_ENVIRONMENT_VARIABLES\=NO
    export RUNTIME_EXCEPTION_ALLOW_JIT\=NO
    export RUNTIME_EXCEPTION_ALLOW_UNSIGNED_EXECUTABLE_MEMORY\=NO
    export RUNTIME_EXCEPTION_DEBUGGING_TOOL\=NO
    export RUNTIME_EXCEPTION_DISABLE_EXECUTABLE_PAGE_PROTECTION\=NO
    export RUNTIME_EXCEPTION_DISABLE_LIBRARY_VALIDATION\=NO
    export SCANNING_PCM_KEEP_CACHE_DIRECTORY\=YES
    export SCAN_ALL_SOURCE_FILES_FOR_INCLUDES\=NO
    export SCRIPTS_FOLDER_PATH\=grpcpp.framework/Scripts
    export SCRIPT_INPUT_FILE_COUNT\=0
    export SCRIPT_INPUT_FILE_LIST_COUNT\=0
    export SCRIPT_OUTPUT_FILE_COUNT\=0
    export SCRIPT_OUTPUT_FILE_LIST_COUNT\=0
    export SDKROOT\=/Applications/Xcode.app/Contents/Developer/Platforms/iPhoneSimulator.platform/Developer/SDKs/iPhoneSimulator26.5.sdk
    export SDK_DIR\=/Applications/Xcode.app/Contents/Developer/Platforms/iPhoneSimulator.platform/Developer/SDKs/iPhoneSimulator26.5.sdk
    export SDK_DIR_iphonesimulator\=/Applications/Xcode.app/Contents/Developer/Platforms/iPhoneSimulator.platform/Developer/SDKs/iPhoneSimulator26.5.sdk
    export SDK_DIR_iphonesimulator26_5\=/Applications/Xcode.app/Contents/Developer/Platforms/iPhoneSimulator.platform/Developer/SDKs/iPhoneSimulator26.5.sdk
    export SDK_NAME\=iphonesimulator26.5
    export SDK_NAMES\=iphonesimulator26.5
    export SDK_PRODUCT_BUILD_VERSION\=23F81a
    export SDK_STAT_CACHE_DIR\=/Users/pauloricha/Library/Developer/Xcode/DerivedData
    export SDK_STAT_CACHE_ENABLE\=YES
    export SDK_STAT_CACHE_PATH\=/Users/pauloricha/Library/Developer/Xcode/DerivedData/SDKStatCaches.noindex/iphonesimulator26.5-23F81a-6cfe768891a92b912361537c460fe42b.sdkstatcache
    export SDK_VERSION\=26.5
    export SDK_VERSION_ACTUAL\=260500
    export SDK_VERSION_MAJOR\=260000
    export SDK_VERSION_MINOR\=260500
    export SED\=/usr/bin/sed
    export SEPARATE_STRIP\=NO
    export SEPARATE_SYMBOL_EDIT\=NO
    export SET_DIR_MODE_OWNER_GROUP\=YES
    export SET_FILE_MODE_OWNER_GROUP\=NO
    export SHALLOW_BUNDLE\=YES
    export SHALLOW_BUNDLE_TRIPLE\=ios-simulator
    export SHALLOW_BUNDLE_ios_macabi\=NO
    export SHALLOW_BUNDLE_macos\=NO
    export SHARED_DERIVED_FILE_DIR\=/Users/pauloricha/Library/Developer/Xcode/DerivedData/iosApp-cynwljdxdnoqyxhdtywpdbpkuabz/Build/Products/Debug-iphonesimulator/gRPC-C++/DerivedSources
    export SHARED_FRAMEWORKS_FOLDER_PATH\=grpcpp.framework/SharedFrameworks
    export SHARED_PRECOMPS_DIR\=/Users/pauloricha/Library/Developer/Xcode/DerivedData/iosApp-cynwljdxdnoqyxhdtywpdbpkuabz/Build/Intermediates.noindex/PrecompiledHeaders
    export SHARED_SUPPORT_FOLDER_PATH\=grpcpp.framework
    export SKIP_INSTALL\=YES
    export SKIP_MERGEABLE_LIBRARY_BUNDLE_HOOK\=NO
    export SOURCE_ROOT\=/Users/pauloricha/StudioProjects/BolaoDaGalera/iosApp/Pods
    export SRCROOT\=/Users/pauloricha/StudioProjects/BolaoDaGalera/iosApp/Pods
    export STRINGSDATA_DIR\=/Users/pauloricha/Library/Developer/Xcode/DerivedData/iosApp-cynwljdxdnoqyxhdtywpdbpkuabz/Build/Intermediates.noindex/Pods.build/Debug-iphonesimulator/gRPC-C++.build/Objects-normal/undefined_arch
    export STRINGSDATA_ROOT\=/Users/pauloricha/Library/Developer/Xcode/DerivedData/iosApp-cynwljdxdnoqyxhdtywpdbpkuabz/Build/Intermediates.noindex/Pods.build/Debug-iphonesimulator/gRPC-C++.build
    export STRINGS_FILE_INFOPLIST_RENAME\=YES
    export STRINGS_FILE_OUTPUT_ENCODING\=binary
    export STRING_CATALOG_GENERATE_SYMBOLS\=NO
    export STRIP_BITCODE_FROM_COPIED_FILES\=NO
    export STRIP_INSTALLED_PRODUCT\=NO
    export STRIP_STYLE\=debugging
    export STRIP_SWIFT_SYMBOLS\=YES
    export SUPPORTED_DEVICE_FAMILIES\=1,2
    export SUPPORTED_PLATFORMS\=iphoneos\ iphonesimulator
    export SUPPORTS_TEXT_BASED_API\=NO
    export SUPPRESS_WARNINGS\=NO
    export SWIFT_ACTIVE_COMPILATION_CONDITIONS\=DEBUG\ 
    export SWIFT_EMIT_CONST_VALUE_PROTOCOLS\=AnyResolverProviding\ AppEntity\ AppEnum\ AppExtension\ AppIntent\ AppIntentsPackage\ AppShortcutProviding\ AppShortcutsProvider\ AppUnionValue\ AppUnionValueCasesProviding\ DynamicOptionsProvider\ EntityQuery\ ExtensionPointDefining\ IntentValueQuery\ Resolver\ TransientEntity\ _AssistantIntentsProvider\ _GenerativeFunctionExtractable\ _IntentValueRepresentable
    export SWIFT_EMIT_LOC_STRINGS\=NO
    export SWIFT_ENABLE_EXPLICIT_MODULES\=YES
    export SWIFT_INSTALL_MODULE_FOR_DEPLOYMENT\=YES
    export SWIFT_INSTALL_OBJC_HEADER\=YES
    export SWIFT_OPTIMIZATION_LEVEL\=-Onone
    export SWIFT_PLATFORM_TARGET_PREFIX\=ios
    export SWIFT_RESPONSE_FILE_PATH_normal_arm64\=/Users/pauloricha/Library/Developer/Xcode/DerivedData/iosApp-cynwljdxdnoqyxhdtywpdbpkuabz/Build/Intermediates.noindex/Pods.build/Debug-iphonesimulator/gRPC-C++.build/Objects-normal/arm64/grpcpp.SwiftFileList
    export SWIFT_VERSION\=5.0
    export SYMROOT\=/Users/pauloricha/Library/Developer/Xcode/DerivedData/iosApp-cynwljdxdnoqyxhdtywpdbpkuabz/Build/Products
    export SYSTEM_ADMIN_APPS_DIR\=/Applications/Utilities
    export SYSTEM_APPS_DIR\=/Applications
    export SYSTEM_CORE_SERVICES_DIR\=/System/Library/CoreServices
    export SYSTEM_DEMOS_DIR\=/Applications/Extras
    export SYSTEM_DEVELOPER_APPS_DIR\=/Applications/Xcode.app/Contents/Developer/Applications
    export SYSTEM_DEVELOPER_BIN_DIR\=/Applications/Xcode.app/Contents/Developer/usr/bin
    export SYSTEM_DEVELOPER_DEMOS_DIR\=/Applications/Xcode.app/Contents/Developer/Applications/Utilities/Built\ Examples
    export SYSTEM_DEVELOPER_DIR\=/Applications/Xcode.app/Contents/Developer
    export SYSTEM_DEVELOPER_DOC_DIR\=/Applications/Xcode.app/Contents/Developer/ADC\ Reference\ Library
    export SYSTEM_DEVELOPER_GRAPHICS_TOOLS_DIR\=/Applications/Xcode.app/Contents/Developer/Applications/Graphics\ Tools
    export SYSTEM_DEVELOPER_JAVA_TOOLS_DIR\=/Applications/Xcode.app/Contents/Developer/Applications/Java\ Tools
    export SYSTEM_DEVELOPER_PERFORMANCE_TOOLS_DIR\=/Applications/Xcode.app/Contents/Developer/Applications/Performance\ Tools
    export SYSTEM_DEVELOPER_RELEASENOTES_DIR\=/Applications/Xcode.app/Contents/Developer/ADC\ Reference\ Library/releasenotes
    export SYSTEM_DEVELOPER_TOOLS\=/Applications/Xcode.app/Contents/Developer/Tools
    export SYSTEM_DEVELOPER_TOOLS_DOC_DIR\=/Applications/Xcode.app/Contents/Developer/ADC\ Reference\ Library/documentation/DeveloperTools
    export SYSTEM_DEVELOPER_TOOLS_RELEASENOTES_DIR\=/Applications/Xcode.app/Contents/Developer/ADC\ Reference\ Library/releasenotes/DeveloperTools
    export SYSTEM_DEVELOPER_USR_DIR\=/Applications/Xcode.app/Contents/Developer/usr
    export SYSTEM_DEVELOPER_UTILITIES_DIR\=/Applications/Xcode.app/Contents/Developer/Applications/Utilities
    export SYSTEM_DEXT_INSTALL_PATH\=/System/Library/DriverExtensions
    export SYSTEM_DOCUMENTATION_DIR\=/Library/Documentation
    export SYSTEM_EXTENSIONS_FOLDER_PATH\=grpcpp.framework/SystemExtensions
    export SYSTEM_EXTENSIONS_FOLDER_PATH_SHALLOW_BUNDLE_NO\=grpcpp.framework/Library/SystemExtensions
    export SYSTEM_EXTENSIONS_FOLDER_PATH_SHALLOW_BUNDLE_YES\=grpcpp.framework/SystemExtensions
    export SYSTEM_KEXT_INSTALL_PATH\=/System/Library/Extensions
    export SYSTEM_LIBRARY_DIR\=/System/Library
    export TAPI_DEMANGLE\=YES
    export TAPI_ENABLE_PROJECT_HEADERS\=NO
    export TAPI_LANGUAGE\=objective-c
    export TAPI_LANGUAGE_STANDARD\=compiler-default
    export TAPI_USE_SRCROOT\=YES
    export TAPI_VERIFY_MODE\=Pedantic
    export TARGETED_DEVICE_FAMILY\=1,2
    export TARGETNAME\=gRPC-C++
    export TARGET_BUILD_DIR\=/Users/pauloricha/Library/Developer/Xcode/DerivedData/iosApp-cynwljdxdnoqyxhdtywpdbpkuabz/Build/Products/Debug-iphonesimulator/gRPC-C++
    export TARGET_DEVICE_IDENTIFIER\=CA8A1A4E-12BA-4D74-A6D0-D29E9E821390
    export TARGET_DEVICE_MODEL\=iPhone18,1
    export TARGET_DEVICE_OS_VERSION\=26.5
    export TARGET_DEVICE_PLATFORM_NAME\=iphonesimulator
    export TARGET_NAME\=gRPC-C++
    export TARGET_TEMP_DIR\=/Users/pauloricha/Library/Developer/Xcode/DerivedData/iosApp-cynwljdxdnoqyxhdtywpdbpkuabz/Build/Intermediates.noindex/Pods.build/Debug-iphonesimulator/gRPC-C++.build
    export TEMP_DIR\=/Users/pauloricha/Library/Developer/Xcode/DerivedData/iosApp-cynwljdxdnoqyxhdtywpdbpkuabz/Build/Intermediates.noindex/Pods.build/Debug-iphonesimulator/gRPC-C++.build
    export TEMP_FILES_DIR\=/Users/pauloricha/Library/Developer/Xcode/DerivedData/iosApp-cynwljdxdnoqyxhdtywpdbpkuabz/Build/Intermediates.noindex/Pods.build/Debug-iphonesimulator/gRPC-C++.build
    export TEMP_FILE_DIR\=/Users/pauloricha/Library/Developer/Xcode/DerivedData/iosApp-cynwljdxdnoqyxhdtywpdbpkuabz/Build/Intermediates.noindex/Pods.build/Debug-iphonesimulator/gRPC-C++.build
    export TEMP_ROOT\=/Users/pauloricha/Library/Developer/Xcode/DerivedData/iosApp-cynwljdxdnoqyxhdtywpdbpkuabz/Build/Intermediates.noindex
    export TEMP_SANDBOX_DIR\=/Users/pauloricha/Library/Developer/Xcode/DerivedData/iosApp-cynwljdxdnoqyxhdtywpdbpkuabz/Build/Intermediates.noindex/TemporaryTaskSandboxes
    export TEST_FRAMEWORK_SEARCH_PATHS\=\ /Applications/Xcode.app/Contents/Developer/Platforms/iPhoneSimulator.platform/Developer/Library/Frameworks\ /Applications/Xcode.app/Contents/Developer/Platforms/iPhoneSimulator.platform/Developer/SDKs/iPhoneSimulator26.5.sdk/Developer/Library/Frameworks
    export TEST_LIBRARY_SEARCH_PATHS\=\ /Applications/Xcode.app/Contents/Developer/Platforms/iPhoneSimulator.platform/Developer/usr/lib
    export TOOLCHAINS\=com.apple.dt.toolchain.XcodeDefault
    export TOOLCHAIN_DIR\=/Applications/Xcode.app/Contents/Developer/Toolchains/XcodeDefault.xctoolchain
    export TREAT_MISSING_BASELINES_AS_TEST_FAILURES\=NO
    export TREAT_MISSING_SCRIPT_PHASE_OUTPUTS_AS_ERRORS\=NO
    export TeamIdentifierPrefix\=FAKETEAMID.
    export UID\=501
    export UNINSTALLED_PRODUCTS_DIR\=/Users/pauloricha/Library/Developer/Xcode/DerivedData/iosApp-cynwljdxdnoqyxhdtywpdbpkuabz/Build/Intermediates.noindex/UninstalledProducts
    export UNLOCALIZED_RESOURCES_FOLDER_PATH\=grpcpp.framework
    export UNLOCALIZED_RESOURCES_FOLDER_PATH_SHALLOW_BUNDLE_NO\=grpcpp.framework/Resources
    export UNLOCALIZED_RESOURCES_FOLDER_PATH_SHALLOW_BUNDLE_YES\=grpcpp.framework
    export UNSTRIPPED_PRODUCT\=NO
    export USER\=pauloricha
    export USER_APPS_DIR\=/Users/pauloricha/Applications
    export USER_HEADER_SEARCH_PATHS\=\"/Users/pauloricha/StudioProjects/BolaoDaGalera/iosApp/Pods/gRPC-C++\"\ \"/Users/pauloricha/StudioProjects/BolaoDaGalera/iosApp/Pods/gRPC-C++/src/core/ext/upb-gen\"\ \"/Users/pauloricha/StudioProjects/BolaoDaGalera/iosApp/Pods/gRPC-C++/src/core/ext/upbdefs-gen\"\ \"/Users/pauloricha/StudioProjects/BolaoDaGalera/iosApp/Pods/gRPC-C++/third_party/re2\"\ \"/Users/pauloricha/StudioProjects/BolaoDaGalera/iosApp/Pods/gRPC-C++/third_party/upb\"\ \"/Users/pauloricha/StudioProjects/BolaoDaGalera/iosApp/Pods/gRPC-C++/third_party/xxhash\"
    export USER_LIBRARY_DIR\=/Users/pauloricha/Library
    export USE_DYNAMIC_NO_PIC\=YES
    export USE_HEADERMAP\=NO
    export USE_HEADER_SYMLINKS\=NO
    export USE_RECURSIVE_SCRIPT_INPUTS_IN_SCRIPT_PHASES\=YES
    export VALIDATE_DEVELOPMENT_ASSET_PATHS\=YES_ERROR
    export VALIDATE_PRODUCT\=NO
    export VALID_ARCHS\=arm64\ x86_64
    export VERBOSE_PBXCP\=NO
    export VERSIONING_SYSTEM\=apple-generic
    export VERSIONPLIST_PATH\=grpcpp.framework/version.plist
    export VERSIONS_FOLDER_PATH\=grpcpp.framework
    export VERSIONS_FOLDER_PATH_SHALLOW_BUNDLE_NO\=grpcpp.framework/Versions
    export VERSIONS_FOLDER_PATH_SHALLOW_BUNDLE_YES\=grpcpp.framework
    export VERSION_INFO_BUILDER\=pauloricha
    export VERSION_INFO_FILE\=grpcpp_vers.c
    export VERSION_INFO_STRING\=\"@\(\#\)PROGRAM:grpcpp\ \ PROJECT:Pods-1\"
    export WORKSPACE_DIR\=/Users/pauloricha/StudioProjects/BolaoDaGalera/iosApp
    export WRAPPER_EXTENSION\=framework
    export WRAPPER_NAME\=grpcpp.framework
    export WRAPPER_SUFFIX\=.framework
    export WRAP_ASSET_PACKS_IN_SEPARATE_DIRECTORIES\=NO
    export XCODE_APP_SUPPORT_DIR\=/Applications/Xcode.app/Contents/Developer/Library/Xcode
    export XCODE_PRODUCT_BUILD_VERSION\=17F113
    export XCODE_VERSION_ACTUAL\=2660
    export XCODE_VERSION_MAJOR\=2600
    export XCODE_VERSION_MINOR\=2660
    export XPCSERVICES_FOLDER_PATH\=grpcpp.framework/XPCServices
    export YACC\=yacc
    export _DISCOVER_COMMAND_LINE_LINKER_INPUTS\=YES
    export _DISCOVER_COMMAND_LINE_LINKER_INPUTS_INCLUDE_WL\=YES
    export _LD_MULTIARCH\=YES
    export _WRAPPER_CONTENTS_DIR_SHALLOW_BUNDLE_NO\=/Contents
    export _WRAPPER_PARENT_PATH_SHALLOW_BUNDLE_NO\=/..
    export _WRAPPER_RESOURCES_DIR_SHALLOW_BUNDLE_NO\=/Resources
    export __DIAGNOSE_DEPRECATED_ARCHS\=YES
    export __ORIGINAL_SDK_DEFINED_LLVM_TARGET_TRIPLE_SYS\=ios
    export arch\=undefined_arch
    export variant\=normal
    /bin/sh -c /Users/pauloricha/Library/Developer/Xcode/DerivedData/iosApp-cynwljdxdnoqyxhdtywpdbpkuabz/Build/Intermediates.noindex/Pods.build/Debug-iphonesimulator/gRPC-C++.build/Script-366AE0263C15C934A26DF4F186E4819A.sh

CodeSign /Users/pauloricha/Library/Developer/Xcode/DerivedData/iosApp-cynwljdxdnoqyxhdtywpdbpkuabz/Build/Products/Debug-iphonesimulator/gRPC-C++/grpcpp.framework (in target 'gRPC-C++' from project 'Pods')
    cd /Users/pauloricha/StudioProjects/BolaoDaGalera/iosApp/Pods
    
    Signing Identity:     "Sign to Run Locally"
    
    /usr/bin/codesign --force --sign - --timestamp\=none --generate-entitlement-der /Users/pauloricha/Library/Developer/Xcode/DerivedData/iosApp-cynwljdxdnoqyxhdtywpdbpkuabz/Build/Products/Debug-iphonesimulator/gRPC-C++/grpcpp.framework

ProcessInfoPlistFile /Users/pauloricha/Library/Developer/Xcode/DerivedData/iosApp-cynwljdxdnoqyxhdtywpdbpkuabz/Build/Products/Debug-iphonesimulator/FirebaseFirestoreInternal/FirebaseFirestoreInternal_Privacy.bundle/Info.plist /Users/pauloricha/StudioProjects/BolaoDaGalera/iosApp/Pods/Target\ Support\ Files/FirebaseFirestoreInternal/ResourceBundle-FirebaseFirestoreInternal_Privacy-FirebaseFirestoreInternal-Info.plist (in target 'FirebaseFirestoreInternal-FirebaseFirestoreInternal_Privacy' from project 'Pods')
    cd /Users/pauloricha/StudioProjects/BolaoDaGalera/iosApp/Pods
    builtin-infoPlistUtility /Users/pauloricha/StudioProjects/BolaoDaGalera/iosApp/Pods/Target\ Support\ Files/FirebaseFirestoreInternal/ResourceBundle-FirebaseFirestoreInternal_Privacy-FirebaseFirestoreInternal-Info.plist -producttype com.apple.product-type.bundle -expandbuildsettings -format binary -platform iphonesimulator -o /Users/pauloricha/Library/Developer/Xcode/DerivedData/iosApp-cynwljdxdnoqyxhdtywpdbpkuabz/Build/Products/Debug-iphonesimulator/FirebaseFirestoreInternal/FirebaseFirestoreInternal_Privacy.bundle/Info.plist

ProcessInfoPlistFile /Users/pauloricha/Library/Developer/Xcode/DerivedData/iosApp-cynwljdxdnoqyxhdtywpdbpkuabz/Build/Products/Debug-iphonesimulator/FirebaseFirestoreInternal/FirebaseFirestoreInternal.framework/Info.plist /Users/pauloricha/StudioProjects/BolaoDaGalera/iosApp/Pods/Target\ Support\ Files/FirebaseFirestoreInternal/FirebaseFirestoreInternal-Info.plist (in target 'FirebaseFirestoreInternal' from project 'Pods')
    cd /Users/pauloricha/StudioProjects/BolaoDaGalera/iosApp/Pods
    builtin-infoPlistUtility /Users/pauloricha/StudioProjects/BolaoDaGalera/iosApp/Pods/Target\ Support\ Files/FirebaseFirestoreInternal/FirebaseFirestoreInternal-Info.plist -producttype com.apple.product-type.framework -expandbuildsettings -format binary -platform iphonesimulator -o /Users/pauloricha/Library/Developer/Xcode/DerivedData/iosApp-cynwljdxdnoqyxhdtywpdbpkuabz/Build/Products/Debug-iphonesimulator/FirebaseFirestoreInternal/FirebaseFirestoreInternal.framework/Info.plist

Ld /Users/pauloricha/Library/Developer/Xcode/DerivedData/iosApp-cynwljdxdnoqyxhdtywpdbpkuabz/Build/Products/Debug-iphonesimulator/FirebaseFirestoreInternal/FirebaseFirestoreInternal.framework/FirebaseFirestoreInternal normal (in target 'FirebaseFirestoreInternal' from project 'Pods')
    cd /Users/pauloricha/StudioProjects/BolaoDaGalera/iosApp/Pods
    /Applications/Xcode.app/Contents/Developer/Toolchains/XcodeDefault.xctoolchain/usr/bin/clang++ -Xlinker -reproducible -target arm64-apple-ios16.0-simulator -dynamiclib -isysroot /Applications/Xcode.app/Contents/Developer/Platforms/iPhoneSimulator.platform/Developer/SDKs/iPhoneSimulator26.5.sdk -O0 -L/Users/pauloricha/Library/Developer/Xcode/DerivedData/iosApp-cynwljdxdnoqyxhdtywpdbpkuabz/Build/Intermediates.noindex/EagerLinkingTBDs/Debug-iphonesimulator -L/Users/pauloricha/Library/Developer/Xcode/DerivedData/iosApp-cynwljdxdnoqyxhdtywpdbpkuabz/Build/Products/Debug-iphonesimulator/FirebaseFirestoreInternal -F/Users/pauloricha/Library/Developer/Xcode/DerivedData/iosApp-cynwljdxdnoqyxhdtywpdbpkuabz/Build/Intermediates.noindex/EagerLinkingTBDs/Debug-iphonesimulator -F/Users/pauloricha/Library/Developer/Xcode/DerivedData/iosApp-cynwljdxdnoqyxhdtywpdbpkuabz/Build/Products/Debug-iphonesimulator/FirebaseFirestoreInternal -F/Users/pauloricha/Library/Developer/Xcode/DerivedData/iosApp-cynwljdxdnoqyxhdtywpdbpkuabz/Build/Products/Debug-iphonesimulator/BoringSSL-GRPC -F/Users/pauloricha/Library/Developer/Xcode/DerivedData/iosApp-cynwljdxdnoqyxhdtywpdbpkuabz/Build/Products/Debug-iphonesimulator/FirebaseAppCheckInterop -F/Users/pauloricha/Library/Developer/Xcode/DerivedData/iosApp-cynwljdxdnoqyxhdtywpdbpkuabz/Build/Products/Debug-iphonesimulator/FirebaseCore -F/Users/pauloricha/Library/Developer/Xcode/DerivedData/iosApp-cynwljdxdnoqyxhdtywpdbpkuabz/Build/Products/Debug-iphonesimulator/FirebaseCoreInternal -F/Users/pauloricha/Library/Developer/Xcode/DerivedData/iosApp-cynwljdxdnoqyxhdtywpdbpkuabz/Build/Products/Debug-iphonesimulator/GoogleUtilities -F/Users/pauloricha/Library/Developer/Xcode/DerivedData/iosApp-cynwljdxdnoqyxhdtywpdbpkuabz/Build/Products/Debug-iphonesimulator/abseil -F/Users/pauloricha/Library/Developer/Xcode/DerivedData/iosApp-cynwljdxdnoqyxhdtywpdbpkuabz/Build/Products/Debug-iphonesimulator/gRPC-C++ -F/Users/pauloricha/Library/Developer/Xcode/DerivedData/iosApp-cynwljdxdnoqyxhdtywpdbpkuabz/Build/Products/Debug-iphonesimulator/gRPC-Core -F/Users/pauloricha/Library/Developer/Xcode/DerivedData/iosApp-cynwljdxdnoqyxhdtywpdbpkuabz/Build/Products/Debug-iphonesimulator/leveldb-library -F/Users/pauloricha/Library/Developer/Xcode/DerivedData/iosApp-cynwljdxdnoqyxhdtywpdbpkuabz/Build/Products/Debug-iphonesimulator/nanopb -filelist /Users/pauloricha/Library/Developer/Xcode/DerivedData/iosApp-cynwljdxdnoqyxhdtywpdbpkuabz/Build/Intermediates.noindex/Pods.build/Debug-iphonesimulator/FirebaseFirestoreInternal.build/Objects-normal/arm64/FirebaseFirestoreInternal.LinkFileList -install_name @rpath/FirebaseFirestoreInternal.framework/FirebaseFirestoreInternal -Xlinker -rpath -Xlinker @executable_path/Frameworks -Xlinker -rpath -Xlinker @loader_path/Frameworks -Xlinker -dead_strip -Xlinker -object_path_lto -Xlinker /Users/pauloricha/Library/Developer/Xcode/DerivedData/iosApp-cynwljdxdnoqyxhdtywpdbpkuabz/Build/Intermediates.noindex/Pods.build/Debug-iphonesimulator/FirebaseFirestoreInternal.build/Objects-normal/arm64/FirebaseFirestoreInternal_lto.o -rdynamic -Xlinker -no_deduplicate -Xlinker -objc_abi_version -Xlinker 2 -Xlinker -dependency_info -Xlinker /Users/pauloricha/Library/Developer/Xcode/DerivedData/iosApp-cynwljdxdnoqyxhdtywpdbpkuabz/Build/Intermediates.noindex/Pods.build/Debug-iphonesimulator/FirebaseFirestoreInternal.build/Objects-normal/arm64/FirebaseFirestoreInternal_dependency_info.dat -stdlib\=libc++ -fobjc-arc -fobjc-link-runtime -lc++ -framework FirebaseAppCheckInterop -framework FirebaseCore -framework Foundation -framework SystemConfiguration -framework UIKit -framework absl -framework grpc -framework grpcpp -framework leveldb -framework nanopb -framework Foundation -framework SystemConfiguration -framework UIKit -Xlinker -no_adhoc_codesign -compatibility_version 1 -current_version 1 -o /Users/pauloricha/Library/Developer/Xcode/DerivedData/iosApp-cynwljdxdnoqyxhdtywpdbpkuabz/Build/Products/Debug-iphonesimulator/FirebaseFirestoreInternal/FirebaseFirestoreInternal.framework/FirebaseFirestoreInternal
/Users/pauloricha/StudioProjects/BolaoDaGalera/iosApp/Pods/Pods.xcodeproj: FirebaseFirestoreInternal: ld: warning: ignoring duplicate libraries: '-lc++'

GenerateTAPI /Users/pauloricha/Library/Developer/Xcode/DerivedData/iosApp-cynwljdxdnoqyxhdtywpdbpkuabz/Build/Intermediates.noindex/EagerLinkingTBDs/Debug-iphonesimulator/FirebaseFirestoreInternal.framework/FirebaseFirestoreInternal.tbd (in target 'FirebaseFirestoreInternal' from project 'Pods')
    cd /Users/pauloricha/StudioProjects/BolaoDaGalera/iosApp/Pods
    /Applications/Xcode.app/Contents/Developer/Toolchains/XcodeDefault.xctoolchain/usr/bin/tapi stubify -isysroot /Applications/Xcode.app/Contents/Developer/Platforms/iPhoneSimulator.platform/Developer/SDKs/iPhoneSimulator26.5.sdk -F/Users/pauloricha/Library/Developer/Xcode/DerivedData/iosApp-cynwljdxdnoqyxhdtywpdbpkuabz/Build/Products/Debug-iphonesimulator/FirebaseFirestoreInternal -F/Users/pauloricha/Library/Developer/Xcode/DerivedData/iosApp-cynwljdxdnoqyxhdtywpdbpkuabz/Build/Products/Debug-iphonesimulator/BoringSSL-GRPC -F/Users/pauloricha/Library/Developer/Xcode/DerivedData/iosApp-cynwljdxdnoqyxhdtywpdbpkuabz/Build/Products/Debug-iphonesimulator/FirebaseAppCheckInterop -F/Users/pauloricha/Library/Developer/Xcode/DerivedData/iosApp-cynwljdxdnoqyxhdtywpdbpkuabz/Build/Products/Debug-iphonesimulator/FirebaseCore -F/Users/pauloricha/Library/Developer/Xcode/DerivedData/iosApp-cynwljdxdnoqyxhdtywpdbpkuabz/Build/Products/Debug-iphonesimulator/FirebaseCoreInternal -F/Users/pauloricha/Library/Developer/Xcode/DerivedData/iosApp-cynwljdxdnoqyxhdtywpdbpkuabz/Build/Products/Debug-iphonesimulator/GoogleUtilities -F/Users/pauloricha/Library/Developer/Xcode/DerivedData/iosApp-cynwljdxdnoqyxhdtywpdbpkuabz/Build/Products/Debug-iphonesimulator/abseil -F/Users/pauloricha/Library/Developer/Xcode/DerivedData/iosApp-cynwljdxdnoqyxhdtywpdbpkuabz/Build/Products/Debug-iphonesimulator/gRPC-C++ -F/Users/pauloricha/Library/Developer/Xcode/DerivedData/iosApp-cynwljdxdnoqyxhdtywpdbpkuabz/Build/Products/Debug-iphonesimulator/gRPC-Core -F/Users/pauloricha/Library/Developer/Xcode/DerivedData/iosApp-cynwljdxdnoqyxhdtywpdbpkuabz/Build/Products/Debug-iphonesimulator/leveldb-library -F/Users/pauloricha/Library/Developer/Xcode/DerivedData/iosApp-cynwljdxdnoqyxhdtywpdbpkuabz/Build/Products/Debug-iphonesimulator/nanopb -L/Users/pauloricha/Library/Developer/Xcode/DerivedData/iosApp-cynwljdxdnoqyxhdtywpdbpkuabz/Build/Products/Debug-iphonesimulator/FirebaseFirestoreInternal /Users/pauloricha/Library/Developer/Xcode/DerivedData/iosApp-cynwljdxdnoqyxhdtywpdbpkuabz/Build/Products/Debug-iphonesimulator/FirebaseFirestoreInternal/FirebaseFirestoreInternal.framework/FirebaseFirestoreInternal -o /Users/pauloricha/Library/Developer/Xcode/DerivedData/iosApp-cynwljdxdnoqyxhdtywpdbpkuabz/Build/Intermediates.noindex/EagerLinkingTBDs/Debug-iphonesimulator/FirebaseFirestoreInternal.framework/FirebaseFirestoreInternal.tbd

CodeSign /Users/pauloricha/Library/Developer/Xcode/DerivedData/iosApp-cynwljdxdnoqyxhdtywpdbpkuabz/Build/Products/Debug-iphonesimulator/FirebaseFirestoreInternal/FirebaseFirestoreInternal.framework (in target 'FirebaseFirestoreInternal' from project 'Pods')
    cd /Users/pauloricha/StudioProjects/BolaoDaGalera/iosApp/Pods
    
    Signing Identity:     "Sign to Run Locally"
    
    /usr/bin/codesign --force --sign - --timestamp\=none --generate-entitlement-der /Users/pauloricha/Library/Developer/Xcode/DerivedData/iosApp-cynwljdxdnoqyxhdtywpdbpkuabz/Build/Products/Debug-iphonesimulator/FirebaseFirestoreInternal/FirebaseFirestoreInternal.framework

ProcessInfoPlistFile /Users/pauloricha/Library/Developer/Xcode/DerivedData/iosApp-cynwljdxdnoqyxhdtywpdbpkuabz/Build/Products/Debug-iphonesimulator/FirebaseFirestore/FirebaseFirestore_Privacy.bundle/Info.plist /Users/pauloricha/StudioProjects/BolaoDaGalera/iosApp/Pods/Target\ Support\ Files/FirebaseFirestore/ResourceBundle-FirebaseFirestore_Privacy-FirebaseFirestore-Info.plist (in target 'FirebaseFirestore-FirebaseFirestore_Privacy' from project 'Pods')
    cd /Users/pauloricha/StudioProjects/BolaoDaGalera/iosApp/Pods
    builtin-infoPlistUtility /Users/pauloricha/StudioProjects/BolaoDaGalera/iosApp/Pods/Target\ Support\ Files/FirebaseFirestore/ResourceBundle-FirebaseFirestore_Privacy-FirebaseFirestore-Info.plist -producttype com.apple.product-type.bundle -expandbuildsettings -format binary -platform iphonesimulator -o /Users/pauloricha/Library/Developer/Xcode/DerivedData/iosApp-cynwljdxdnoqyxhdtywpdbpkuabz/Build/Products/Debug-iphonesimulator/FirebaseFirestore/FirebaseFirestore_Privacy.bundle/Info.plist

ProcessInfoPlistFile /Users/pauloricha/Library/Developer/Xcode/DerivedData/iosApp-cynwljdxdnoqyxhdtywpdbpkuabz/Build/Products/Debug-iphonesimulator/FirebaseFirestore/FirebaseFirestore.framework/Info.plist /Users/pauloricha/StudioProjects/BolaoDaGalera/iosApp/Pods/Target\ Support\ Files/FirebaseFirestore/FirebaseFirestore-Info.plist (in target 'FirebaseFirestore' from project 'Pods')
    cd /Users/pauloricha/StudioProjects/BolaoDaGalera/iosApp/Pods
    builtin-infoPlistUtility /Users/pauloricha/StudioProjects/BolaoDaGalera/iosApp/Pods/Target\ Support\ Files/FirebaseFirestore/FirebaseFirestore-Info.plist -producttype com.apple.product-type.framework -expandbuildsettings -format binary -platform iphonesimulator -o /Users/pauloricha/Library/Developer/Xcode/DerivedData/iosApp-cynwljdxdnoqyxhdtywpdbpkuabz/Build/Products/Debug-iphonesimulator/FirebaseFirestore/FirebaseFirestore.framework/Info.plist

Ld /Users/pauloricha/Library/Developer/Xcode/DerivedData/iosApp-cynwljdxdnoqyxhdtywpdbpkuabz/Build/Products/Debug-iphonesimulator/FirebaseFirestore/FirebaseFirestore.framework/FirebaseFirestore normal (in target 'FirebaseFirestore' from project 'Pods')
    cd /Users/pauloricha/StudioProjects/BolaoDaGalera/iosApp/Pods
    /Applications/Xcode.app/Contents/Developer/Toolchains/XcodeDefault.xctoolchain/usr/bin/clang -Xlinker -reproducible -target arm64-apple-ios16.0-simulator -dynamiclib -isysroot /Applications/Xcode.app/Contents/Developer/Platforms/iPhoneSimulator.platform/Developer/SDKs/iPhoneSimulator26.5.sdk -O0 -L/Users/pauloricha/Library/Developer/Xcode/DerivedData/iosApp-cynwljdxdnoqyxhdtywpdbpkuabz/Build/Intermediates.noindex/EagerLinkingTBDs/Debug-iphonesimulator -L/Users/pauloricha/Library/Developer/Xcode/DerivedData/iosApp-cynwljdxdnoqyxhdtywpdbpkuabz/Build/Products/Debug-iphonesimulator/FirebaseFirestore -L/Applications/Xcode.app/Contents/Developer/Toolchains/XcodeDefault.xctoolchain/usr/lib/swift/iphonesimulator -L/Applications/Xcode.app/Contents/Developer/Platforms/iPhoneSimulator.platform/Developer/SDKs/iPhoneSimulator26.5.sdk/usr/lib/swift -F/Users/pauloricha/Library/Developer/Xcode/DerivedData/iosApp-cynwljdxdnoqyxhdtywpdbpkuabz/Build/Intermediates.noindex/EagerLinkingTBDs/Debug-iphonesimulator -F/Users/pauloricha/Library/Developer/Xcode/DerivedData/iosApp-cynwljdxdnoqyxhdtywpdbpkuabz/Build/Products/Debug-iphonesimulator/FirebaseFirestore -F/Users/pauloricha/Library/Developer/Xcode/DerivedData/iosApp-cynwljdxdnoqyxhdtywpdbpkuabz/Build/Products/Debug-iphonesimulator/BoringSSL-GRPC -F/Users/pauloricha/Library/Developer/Xcode/DerivedData/iosApp-cynwljdxdnoqyxhdtywpdbpkuabz/Build/Products/Debug-iphonesimulator/FirebaseAppCheckInterop -F/Users/pauloricha/Library/Developer/Xcode/DerivedData/iosApp-cynwljdxdnoqyxhdtywpdbpkuabz/Build/Products/Debug-iphonesimulator/FirebaseCore -F/Users/pauloricha/Library/Developer/Xcode/DerivedData/iosApp-cynwljdxdnoqyxhdtywpdbpkuabz/Build/Products/Debug-iphonesimulator/FirebaseCoreExtension -F/Users/pauloricha/Library/Developer/Xcode/DerivedData/iosApp-cynwljdxdnoqyxhdtywpdbpkuabz/Build/Products/Debug-iphonesimulator/FirebaseCoreInternal -F/Users/pauloricha/Library/Developer/Xcode/DerivedData/iosApp-cynwljdxdnoqyxhdtywpdbpkuabz/Build/Products/Debug-iphonesimulator/FirebaseFirestoreInternal -F/Users/pauloricha/Library/Developer/Xcode/DerivedData/iosApp-cynwljdxdnoqyxhdtywpdbpkuabz/Build/Products/Debug-iphonesimulator/FirebaseSharedSwift -F/Users/pauloricha/Library/Developer/Xcode/DerivedData/iosApp-cynwljdxdnoqyxhdtywpdbpkuabz/Build/Products/Debug-iphonesimulator/GoogleUtilities -F/Users/pauloricha/Library/Developer/Xcode/DerivedData/iosApp-cynwljdxdnoqyxhdtywpdbpkuabz/Build/Products/Debug-iphonesimulator/abseil -F/Users/pauloricha/Library/Developer/Xcode/DerivedData/iosApp-cynwljdxdnoqyxhdtywpdbpkuabz/Build/Products/Debug-iphonesimulator/gRPC-C++ -F/Users/pauloricha/Library/Developer/Xcode/DerivedData/iosApp-cynwljdxdnoqyxhdtywpdbpkuabz/Build/Products/Debug-iphonesimulator/gRPC-Core -F/Users/pauloricha/Library/Developer/Xcode/DerivedData/iosApp-cynwljdxdnoqyxhdtywpdbpkuabz/Build/Products/Debug-iphonesimulator/leveldb-library -F/Users/pauloricha/Library/Developer/Xcode/DerivedData/iosApp-cynwljdxdnoqyxhdtywpdbpkuabz/Build/Products/Debug-iphonesimulator/nanopb -filelist /Users/pauloricha/Library/Developer/Xcode/DerivedData/iosApp-cynwljdxdnoqyxhdtywpdbpkuabz/Build/Intermediates.noindex/Pods.build/Debug-iphonesimulator/FirebaseFirestore.build/Objects-normal/arm64/FirebaseFirestore.LinkFileList -install_name @rpath/FirebaseFirestore.framework/FirebaseFirestore -Xlinker -rpath -Xlinker /usr/lib/swift -Xlinker -rpath -Xlinker @executable_path/Frameworks -Xlinker -rpath -Xlinker @loader_path/Frameworks -Xlinker -dead_strip -Xlinker -object_path_lto -Xlinker /Users/pauloricha/Library/Developer/Xcode/DerivedData/iosApp-cynwljdxdnoqyxhdtywpdbpkuabz/Build/Intermediates.noindex/Pods.build/Debug-iphonesimulator/FirebaseFirestore.build/Objects-normal/arm64/FirebaseFirestore_lto.o -rdynamic -Xlinker -no_deduplicate -Xlinker -objc_abi_version -Xlinker 2 -Xlinker -dependency_info -Xlinker /Users/pauloricha/Library/Developer/Xcode/DerivedData/iosApp-cynwljdxdnoqyxhdtywpdbpkuabz/Build/Intermediates.noindex/Pods.build/Debug-iphonesimulator/FirebaseFirestore.build/Objects-normal/arm64/FirebaseFirestore_dependency_info.dat -fobjc-arc -fobjc-link-runtime -L/Applications/Xcode.app/Contents/Developer/Toolchains/XcodeDefault.xctoolchain/usr/lib/swift/iphonesimulator -L/usr/lib/swift -Xlinker -add_ast_path -Xlinker /Users/pauloricha/Library/Developer/Xcode/DerivedData/iosApp-cynwljdxdnoqyxhdtywpdbpkuabz/Build/Intermediates.noindex/Pods.build/Debug-iphonesimulator/FirebaseFirestore.build/Objects-normal/arm64/FirebaseFirestore.swiftmodule @/Users/pauloricha/Library/Developer/Xcode/DerivedData/iosApp-cynwljdxdnoqyxhdtywpdbpkuabz/Build/Intermediates.noindex/Pods.build/Debug-iphonesimulator/FirebaseFirestore.build/Objects-normal/arm64/FirebaseFirestore-linker-args.resp -framework FirebaseCore -framework FirebaseCoreExtension -framework FirebaseFirestoreInternal -framework FirebaseSharedSwift -framework Foundation -framework SystemConfiguration -framework UIKit -weak_framework FirebaseFirestoreInternal -framework Foundation -Xlinker -no_adhoc_codesign -compatibility_version 1 -current_version 1 -o /Users/pauloricha/Library/Developer/Xcode/DerivedData/iosApp-cynwljdxdnoqyxhdtywpdbpkuabz/Build/Products/Debug-iphonesimulator/FirebaseFirestore/FirebaseFirestore.framework/FirebaseFirestore

ExtractAppIntentsMetadata (in target 'FirebaseFirestore' from project 'Pods')
    cd /Users/pauloricha/StudioProjects/BolaoDaGalera/iosApp/Pods
    /Applications/Xcode.app/Contents/Developer/Toolchains/XcodeDefault.xctoolchain/usr/bin/appintentsmetadataprocessor --toolchain-dir /Applications/Xcode.app/Contents/Developer/Toolchains/XcodeDefault.xctoolchain --module-name FirebaseFirestore --sdk-root /Applications/Xcode.app/Contents/Developer/Platforms/iPhoneSimulator.platform/Developer/SDKs/iPhoneSimulator26.5.sdk --xcode-version 17F113 --platform-family iOS --deployment-target 16.0 --bundle-identifier org.cocoapods.FirebaseFirestore --output /Users/pauloricha/Library/Developer/Xcode/DerivedData/iosApp-cynwljdxdnoqyxhdtywpdbpkuabz/Build/Products/Debug-iphonesimulator/FirebaseFirestore/FirebaseFirestore.framework --target-triple arm64-apple-ios16.0-simulator --binary-file /Users/pauloricha/Library/Developer/Xcode/DerivedData/iosApp-cynwljdxdnoqyxhdtywpdbpkuabz/Build/Products/Debug-iphonesimulator/FirebaseFirestore/FirebaseFirestore.framework/FirebaseFirestore --dependency-file /Users/pauloricha/Library/Developer/Xcode/DerivedData/iosApp-cynwljdxdnoqyxhdtywpdbpkuabz/Build/Intermediates.noindex/Pods.build/Debug-iphonesimulator/FirebaseFirestore.build/Objects-normal/arm64/FirebaseFirestore_dependency_info.dat --stringsdata-file /Users/pauloricha/Library/Developer/Xcode/DerivedData/iosApp-cynwljdxdnoqyxhdtywpdbpkuabz/Build/Intermediates.noindex/Pods.build/Debug-iphonesimulator/FirebaseFirestore.build/Objects-normal/arm64/ExtractedAppShortcutsMetadata.stringsdata --source-file-list /Users/pauloricha/Library/Developer/Xcode/DerivedData/iosApp-cynwljdxdnoqyxhdtywpdbpkuabz/Build/Intermediates.noindex/Pods.build/Debug-iphonesimulator/FirebaseFirestore.build/Objects-normal/arm64/FirebaseFirestore.SwiftFileList --metadata-file-list /Users/pauloricha/Library/Developer/Xcode/DerivedData/iosApp-cynwljdxdnoqyxhdtywpdbpkuabz/Build/Intermediates.noindex/Pods.build/Debug-iphonesimulator/FirebaseFirestore.build/FirebaseFirestore.DependencyMetadataFileList --static-metadata-file-list /Users/pauloricha/Library/Developer/Xcode/DerivedData/iosApp-cynwljdxdnoqyxhdtywpdbpkuabz/Build/Intermediates.noindex/Pods.build/Debug-iphonesimulator/FirebaseFirestore.build/FirebaseFirestore.DependencyStaticMetadataFileList --swift-const-vals-list /Users/pauloricha/Library/Developer/Xcode/DerivedData/iosApp-cynwljdxdnoqyxhdtywpdbpkuabz/Build/Intermediates.noindex/Pods.build/Debug-iphonesimulator/FirebaseFirestore.build/Objects-normal/arm64/FirebaseFirestore.SwiftConstValuesFileList --compile-time-extraction --deployment-aware-processing --validate-assistant-intents --no-app-shortcuts-localization
2026-08-16 21:38:39.573 appintentsmetadataprocessor[45718:4901720] Starting appintentsmetadataprocessor export
2026-08-16 21:38:39.575 appintentsmetadataprocessor[45718:4901720] warning: Metadata extraction skipped. No AppIntents.framework dependency found.

GenerateTAPI /Users/pauloricha/Library/Developer/Xcode/DerivedData/iosApp-cynwljdxdnoqyxhdtywpdbpkuabz/Build/Intermediates.noindex/EagerLinkingTBDs/Debug-iphonesimulator/FirebaseFirestore.framework/FirebaseFirestore.tbd (in target 'FirebaseFirestore' from project 'Pods')
    cd /Users/pauloricha/StudioProjects/BolaoDaGalera/iosApp/Pods
    /Applications/Xcode.app/Contents/Developer/Toolchains/XcodeDefault.xctoolchain/usr/bin/tapi stubify -isysroot /Applications/Xcode.app/Contents/Developer/Platforms/iPhoneSimulator.platform/Developer/SDKs/iPhoneSimulator26.5.sdk -F/Users/pauloricha/Library/Developer/Xcode/DerivedData/iosApp-cynwljdxdnoqyxhdtywpdbpkuabz/Build/Products/Debug-iphonesimulator/FirebaseFirestore -F/Users/pauloricha/Library/Developer/Xcode/DerivedData/iosApp-cynwljdxdnoqyxhdtywpdbpkuabz/Build/Products/Debug-iphonesimulator/BoringSSL-GRPC -F/Users/pauloricha/Library/Developer/Xcode/DerivedData/iosApp-cynwljdxdnoqyxhdtywpdbpkuabz/Build/Products/Debug-iphonesimulator/FirebaseAppCheckInterop -F/Users/pauloricha/Library/Developer/Xcode/DerivedData/iosApp-cynwljdxdnoqyxhdtywpdbpkuabz/Build/Products/Debug-iphonesimulator/FirebaseCore -F/Users/pauloricha/Library/Developer/Xcode/DerivedData/iosApp-cynwljdxdnoqyxhdtywpdbpkuabz/Build/Products/Debug-iphonesimulator/FirebaseCoreExtension -F/Users/pauloricha/Library/Developer/Xcode/DerivedData/iosApp-cynwljdxdnoqyxhdtywpdbpkuabz/Build/Products/Debug-iphonesimulator/FirebaseCoreInternal -F/Users/pauloricha/Library/Developer/Xcode/DerivedData/iosApp-cynwljdxdnoqyxhdtywpdbpkuabz/Build/Products/Debug-iphonesimulator/FirebaseFirestoreInternal -F/Users/pauloricha/Library/Developer/Xcode/DerivedData/iosApp-cynwljdxdnoqyxhdtywpdbpkuabz/Build/Products/Debug-iphonesimulator/FirebaseSharedSwift -F/Users/pauloricha/Library/Developer/Xcode/DerivedData/iosApp-cynwljdxdnoqyxhdtywpdbpkuabz/Build/Products/Debug-iphonesimulator/GoogleUtilities -F/Users/pauloricha/Library/Developer/Xcode/DerivedData/iosApp-cynwljdxdnoqyxhdtywpdbpkuabz/Build/Products/Debug-iphonesimulator/abseil -F/Users/pauloricha/Library/Developer/Xcode/DerivedData/iosApp-cynwljdxdnoqyxhdtywpdbpkuabz/Build/Products/Debug-iphonesimulator/gRPC-C++ -F/Users/pauloricha/Library/Developer/Xcode/DerivedData/iosApp-cynwljdxdnoqyxhdtywpdbpkuabz/Build/Products/Debug-iphonesimulator/gRPC-Core -F/Users/pauloricha/Library/Developer/Xcode/DerivedData/iosApp-cynwljdxdnoqyxhdtywpdbpkuabz/Build/Products/Debug-iphonesimulator/leveldb-library -F/Users/pauloricha/Library/Developer/Xcode/DerivedData/iosApp-cynwljdxdnoqyxhdtywpdbpkuabz/Build/Products/Debug-iphonesimulator/nanopb -L/Users/pauloricha/Library/Developer/Xcode/DerivedData/iosApp-cynwljdxdnoqyxhdtywpdbpkuabz/Build/Products/Debug-iphonesimulator/FirebaseFirestore -L/Applications/Xcode.app/Contents/Developer/Toolchains/XcodeDefault.xctoolchain/usr/lib/swift/iphonesimulator -L/Applications/Xcode.app/Contents/Developer/Platforms/iPhoneSimulator.platform/Developer/SDKs/iPhoneSimulator26.5.sdk/usr/lib/swift /Users/pauloricha/Library/Developer/Xcode/DerivedData/iosApp-cynwljdxdnoqyxhdtywpdbpkuabz/Build/Products/Debug-iphonesimulator/FirebaseFirestore/FirebaseFirestore.framework/FirebaseFirestore -o /Users/pauloricha/Library/Developer/Xcode/DerivedData/iosApp-cynwljdxdnoqyxhdtywpdbpkuabz/Build/Intermediates.noindex/EagerLinkingTBDs/Debug-iphonesimulator/FirebaseFirestore.framework/FirebaseFirestore.tbd

CodeSign /Users/pauloricha/Library/Developer/Xcode/DerivedData/iosApp-cynwljdxdnoqyxhdtywpdbpkuabz/Build/Products/Debug-iphonesimulator/FirebaseFirestore/FirebaseFirestore.framework (in target 'FirebaseFirestore' from project 'Pods')
    cd /Users/pauloricha/StudioProjects/BolaoDaGalera/iosApp/Pods
    
    Signing Identity:     "Sign to Run Locally"
    
    /usr/bin/codesign --force --sign - --timestamp\=none --generate-entitlement-der /Users/pauloricha/Library/Developer/Xcode/DerivedData/iosApp-cynwljdxdnoqyxhdtywpdbpkuabz/Build/Products/Debug-iphonesimulator/FirebaseFirestore/FirebaseFirestore.framework

warning: Run script build phase '[CP-User] Build composeApp' will be run during every build because it does not specify any outputs. To address this issue, either add output dependencies to the script phase, or configure it to run in every build by unchecking "Based on dependency analysis" in the script phase. (in target 'composeApp' from project 'Pods')
PhaseScriptExecution [CP-User]\ Build\ composeApp /Users/pauloricha/Library/Developer/Xcode/DerivedData/iosApp-cynwljdxdnoqyxhdtywpdbpkuabz/Build/Intermediates.noindex/Pods.build/Debug-iphonesimulator/composeApp.build/Script-1DB826FBC867459B128076549B4DA30E.sh (in target 'composeApp' from project 'Pods')
    cd /Users/pauloricha/StudioProjects/BolaoDaGalera/iosApp/Pods
    export ACTION\=build
    export AD_HOC_CODE_SIGNING_ALLOWED\=YES
    export ALLOW_BUILD_REQUEST_OVERRIDES\=NO
    export ALLOW_TARGET_PLATFORM_SPECIALIZATION\=NO
    export ALTERNATE_GROUP\=staff
    export ALTERNATE_MODE\=u+w,go-w,a+rX
    export ALTERNATE_OWNER\=pauloricha
    export ALTERNATIVE_DISTRIBUTION_WEB\=NO
    export ALWAYS_EMBED_SWIFT_STANDARD_LIBRARIES\=NO
    export ALWAYS_SEARCH_USER_PATHS\=NO
    export ALWAYS_USE_SEPARATE_HEADERMAPS\=NO
    export APPLICATION_EXTENSION_API_ONLY\=NO
    export APPLY_RULES_IN_COPY_FILES\=NO
    export APPLY_RULES_IN_COPY_HEADERS\=NO
    export APP_SHORTCUTS_ENABLE_FLEXIBLE_MATCHING\=YES
    export ARCHS\=arm64
    export ARCHS_BASE\=arm64
    export ARCHS_STANDARD\=arm64\ x86_64
    export ARCHS_STANDARD_32_64_BIT\=arm64\ x86_64
    export ARCHS_STANDARD_64_BIT\=arm64\ x86_64
    export ARCHS_STANDARD_INCLUDING_64_BIT\=arm64\ x86_64
    export ARCHS_UNIVERSAL_IPHONE_OS\=arm64\ x86_64
    export ASSETCATALOG_COMPILER_APPICON_NAME\=AppIcon
    export ASSETCATALOG_COMPILER_GLOBAL_ACCENT_COLOR_NAME\=AccentColor
    export ASSETCATALOG_FILTER_FOR_DEVICE_MODEL\=iPhone18,1
    export ASSETCATALOG_FILTER_FOR_DEVICE_OS_VERSION\=26.5
    export ASSETCATALOG_FILTER_FOR_THINNING_DEVICE_CONFIGURATION\=iPhone18,1
    export AUTOMATICALLY_MERGE_DEPENDENCIES\=NO
    export AUTOMATION_APPLE_EVENTS\=NO
    export AVAILABLE_PLATFORMS\=android\ appletvos\ appletvsimulator\ driverkit\ freebsd\ iphoneos\ iphonesimulator\ linux\ macosx\ none\ openbsd\ qnx\ watchos\ watchsimulator\ webassembly\ xros\ xrsimulator
    export BUILD_ACTIVE_RESOURCES_ONLY\=YES
    export BUILD_COMPONENTS\=headers\ build
    export BUILD_DIR\=/Users/pauloricha/Library/Developer/Xcode/DerivedData/iosApp-cynwljdxdnoqyxhdtywpdbpkuabz/Build/Products
    export BUILD_LIBRARY_FOR_DISTRIBUTION\=NO
    export BUILD_ONLY_KNOWN_LOCALIZATIONS\=NO
    export BUILD_ROOT\=/Users/pauloricha/Library/Developer/Xcode/DerivedData/iosApp-cynwljdxdnoqyxhdtywpdbpkuabz/Build/Products
    export BUILD_STYLE\=
    export BUILD_VARIANTS\=normal
    export BUILT_PRODUCTS_DIR\=/Users/pauloricha/Library/Developer/Xcode/DerivedData/iosApp-cynwljdxdnoqyxhdtywpdbpkuabz/Build/Products/Debug-iphonesimulator/composeApp
    export BUNDLE_CONTENTS_FOLDER_PATH_deep\=Contents/
    export BUNDLE_EXECUTABLE_FOLDER_NAME_deep\=MacOS
    export BUNDLE_EXTENSIONS_FOLDER_PATH\=Extensions
    export BUNDLE_FORMAT\=shallow
    export BUNDLE_FRAMEWORKS_FOLDER_PATH\=Frameworks
    export BUNDLE_PLUGINS_FOLDER_PATH\=PlugIns
    export BUNDLE_PRIVATE_HEADERS_FOLDER_PATH\=PrivateHeaders
    export BUNDLE_PUBLIC_HEADERS_FOLDER_PATH\=Headers
    export CACHE_ROOT\=/var/folders/4r/3rcf_fc95ll948ycc5r4nl_r0000gn/C/com.apple.DeveloperTools/26.6-17F113/Xcode
    export CCHROOT\=/var/folders/4r/3rcf_fc95ll948ycc5r4nl_r0000gn/C/com.apple.DeveloperTools/26.6-17F113/Xcode
    export CHMOD\=/bin/chmod
    export CHOWN\=chown
    export CLANG_ANALYZER_LOCALIZABILITY_NONLOCALIZED\=YES
    export CLANG_ANALYZER_NONNULL\=YES
    export CLANG_ANALYZER_NUMBER_OBJECT_CONVERSION\=YES_AGGRESSIVE
    export CLANG_CACHE_FINE_GRAINED_OUTPUTS\=YES
    export CLANG_CXX_LANGUAGE_STANDARD\=gnu++14
    export CLANG_CXX_LIBRARY\=libc++
    export CLANG_ENABLE_EXPLICIT_MODULES\=YES
    export CLANG_ENABLE_MODULES\=YES
    export CLANG_ENABLE_OBJC_ARC\=YES
    export CLANG_ENABLE_OBJC_WEAK\=NO
    export CLANG_MODULES_BUILD_SESSION_FILE\=/Users/pauloricha/Library/Developer/Xcode/DerivedData/ModuleCache.noindex/Session.modulevalidation
    export CLANG_WARN_BLOCK_CAPTURE_AUTORELEASING\=YES
    export CLANG_WARN_BOOL_CONVERSION\=YES
    export CLANG_WARN_COMMA\=YES
    export CLANG_WARN_CONSTANT_CONVERSION\=YES
    export CLANG_WARN_DEPRECATED_OBJC_IMPLEMENTATIONS\=YES
    export CLANG_WARN_DIRECT_OBJC_ISA_USAGE\=YES_ERROR
    export CLANG_WARN_DOCUMENTATION_COMMENTS\=YES
    export CLANG_WARN_EMPTY_BODY\=YES
    export CLANG_WARN_ENUM_CONVERSION\=YES
    export CLANG_WARN_INFINITE_RECURSION\=YES
    export CLANG_WARN_INT_CONVERSION\=YES
    export CLANG_WARN_NON_LITERAL_NULL_CONVERSION\=YES
    export CLANG_WARN_OBJC_IMPLICIT_RETAIN_SELF\=YES
    export CLANG_WARN_OBJC_LITERAL_CONVERSION\=YES
    export CLANG_WARN_OBJC_ROOT_CLASS\=YES_ERROR
    export CLANG_WARN_QUOTED_INCLUDE_IN_FRAMEWORK_HEADER\=NO
    export CLANG_WARN_RANGE_LOOP_ANALYSIS\=YES
    export CLANG_WARN_STRICT_PROTOTYPES\=YES
    export CLANG_WARN_SUSPICIOUS_MOVE\=YES
    export CLANG_WARN_UNGUARDED_AVAILABILITY\=YES_AGGRESSIVE
    export CLANG_WARN_UNREACHABLE_CODE\=YES
    export CLANG_WARN__DUPLICATE_METHOD_MATCH\=YES
    export CLASS_FILE_DIR\=/Users/pauloricha/Library/Developer/Xcode/DerivedData/iosApp-cynwljdxdnoqyxhdtywpdbpkuabz/Build/Intermediates.noindex/Pods.build/Debug-iphonesimulator/composeApp.build/JavaClasses
    export CLEAN_PRECOMPS\=YES
    export CLONE_HEADERS\=NO
    export CODESIGNING_FOLDER_PATH\=/Users/pauloricha/Library/Developer/Xcode/DerivedData/iosApp-cynwljdxdnoqyxhdtywpdbpkuabz/Build/Products/Debug-iphonesimulator/composeApp/
    export CODE_SIGNING_ALLOWED\=NO
    export CODE_SIGNING_REQUIRED\=YES
    export CODE_SIGN_CONTEXT_CLASS\=XCiPhoneSimulatorCodeSignContext
    export CODE_SIGN_IDENTITY\=-
    export CODE_SIGN_INJECT_BASE_ENTITLEMENTS\=YES
    export COLOR_DIAGNOSTICS\=NO
    export COMBINE_HIDPI_IMAGES\=NO
    export COMPILATION_CACHE_CAS_PATH\=/Users/pauloricha/Library/Developer/Xcode/DerivedData/CompilationCache.noindex
    export COMPILATION_CACHE_KEEP_CAS_DIRECTORY\=YES
    export COMPILER_INDEX_STORE_ENABLE\=Default
    export COMPOSITE_SDK_DIRS\=/Users/pauloricha/Library/Developer/Xcode/DerivedData/iosApp-cynwljdxdnoqyxhdtywpdbpkuabz/Build/Intermediates.noindex/CompositeSDKs
    export COMPRESS_PNG_FILES\=YES
    export CONFIGURATION\=Debug
    export CONFIGURATION_BUILD_DIR\=/Users/pauloricha/Library/Developer/Xcode/DerivedData/iosApp-cynwljdxdnoqyxhdtywpdbpkuabz/Build/Products/Debug-iphonesimulator/composeApp
    export CONFIGURATION_TEMP_DIR\=/Users/pauloricha/Library/Developer/Xcode/DerivedData/iosApp-cynwljdxdnoqyxhdtywpdbpkuabz/Build/Intermediates.noindex/Pods.build/Debug-iphonesimulator
    export COPYING_PRESERVES_HFS_DATA\=NO
    export COPY_HEADERS_RUN_UNIFDEF\=NO
    export COPY_PHASE_STRIP\=NO
    export CORRESPONDING_DEVICE_PLATFORM_DIR\=/Applications/Xcode.app/Contents/Developer/Platforms/iPhoneOS.platform
    export CORRESPONDING_DEVICE_PLATFORM_NAME\=iphoneos
    export CORRESPONDING_DEVICE_SDK_DIR\=/Applications/Xcode.app/Contents/Developer/Platforms/iPhoneOS.platform/Developer/SDKs/iPhoneOS26.5.sdk
    export CORRESPONDING_DEVICE_SDK_NAME\=iphoneos26.5
    export CP\=/bin/cp
    export CREATE_INFOPLIST_SECTION_IN_BINARY\=NO
    export CURRENT_ARCH\=undefined_arch
    export CURRENT_VARIANT\=normal
    export DEAD_CODE_STRIPPING\=YES
    export DEBUGGING_SYMBOLS\=YES
    export DEBUG_INFORMATION_FORMAT\=dwarf
    export DEBUG_INFORMATION_VERSION\=compiler-default
    export DEFAULT_COMPILER\=com.apple.compilers.llvm.clang.1_0
    export DEFAULT_DEXT_INSTALL_PATH\=/System/Library/DriverExtensions
    export DEFAULT_KEXT_INSTALL_PATH\=/System/Library/Extensions
    export DEFINES_MODULE\=NO
    export DEPLOYMENT_LOCATION\=NO
    export DEPLOYMENT_POSTPROCESSING\=NO
    export DEPLOYMENT_TARGET_SETTING_NAME\=IPHONEOS_DEPLOYMENT_TARGET
    export DEPLOYMENT_TARGET_SUGGESTED_VALUES\=12.0\ 12.1\ 12.2\ 12.3\ 12.4\ 13.0\ 13.1\ 13.2\ 13.3\ 13.4\ 13.5\ 13.6\ 14.0\ 14.1\ 14.2\ 14.3\ 14.4\ 14.5\ 14.6\ 14.7\ 15.0\ 15.1\ 15.2\ 15.3\ 15.4\ 15.5\ 15.6\ 16.0\ 16.1\ 16.2\ 16.3\ 16.4\ 16.5\ 16.6\ 17.0\ 17.1\ 17.2\ 17.3\ 17.4\ 17.5\ 17.6\ 18.0\ 18.1\ 18.2\ 18.3\ 18.4\ 18.5\ 18.6\ 26.0\ 26.2\ 26.3\ 26.4\ 26.5
    export DERIVED_FILES_DIR\=/Users/pauloricha/Library/Developer/Xcode/DerivedData/iosApp-cynwljdxdnoqyxhdtywpdbpkuabz/Build/Intermediates.noindex/Pods.build/Debug-iphonesimulator/composeApp.build/DerivedSources
    export DERIVED_FILE_DIR\=/Users/pauloricha/Library/Developer/Xcode/DerivedData/iosApp-cynwljdxdnoqyxhdtywpdbpkuabz/Build/Intermediates.noindex/Pods.build/Debug-iphonesimulator/composeApp.build/DerivedSources
    export DERIVED_SOURCES_DIR\=/Users/pauloricha/Library/Developer/Xcode/DerivedData/iosApp-cynwljdxdnoqyxhdtywpdbpkuabz/Build/Intermediates.noindex/Pods.build/Debug-iphonesimulator/composeApp.build/DerivedSources
    export DEVELOPER_APPLICATIONS_DIR\=/Applications/Xcode.app/Contents/Developer/Applications
    export DEVELOPER_BIN_DIR\=/Applications/Xcode.app/Contents/Developer/usr/bin
    export DEVELOPER_DIR\=/Applications/Xcode.app/Contents/Developer
    export DEVELOPER_FRAMEWORKS_DIR\=/Applications/Xcode.app/Contents/Developer/Library/Frameworks
    export DEVELOPER_FRAMEWORKS_DIR_QUOTED\=/Applications/Xcode.app/Contents/Developer/Library/Frameworks
    export DEVELOPER_LIBRARY_DIR\=/Applications/Xcode.app/Contents/Developer/Library
    export DEVELOPER_SDK_DIR\=/Applications/Xcode.app/Contents/Developer/Platforms/MacOSX.platform/Developer/SDKs
    export DEVELOPER_TOOLS_DIR\=/Applications/Xcode.app/Contents/Developer/Tools
    export DEVELOPER_USR_DIR\=/Applications/Xcode.app/Contents/Developer/usr
    export DEVELOPMENT_LANGUAGE\=en
    export DIAGNOSE_MISSING_TARGET_DEPENDENCIES\=YES
    export DIFF\=/usr/bin/diff
    export DONT_GENERATE_INFOPLIST_FILE\=NO
    export DSTROOT\=/tmp/Pods.dst
    export DT_TOOLCHAIN_DIR\=/Applications/Xcode.app/Contents/Developer/Toolchains/XcodeDefault.xctoolchain
    export DUMP_DEPENDENCIES\=NO
    export DUMP_DEPENDENCIES_OUTPUT_PATH\=/Users/pauloricha/Library/Developer/Xcode/DerivedData/iosApp-cynwljdxdnoqyxhdtywpdbpkuabz/Build/Intermediates.noindex/Pods.build/Debug-iphonesimulator/composeApp.build/composeApp-BuildDependencyInfo.json
    export DWARF_DSYM_FILE_NAME\=.dSYM
    export DWARF_DSYM_FILE_SHOULD_ACCOMPANY_PRODUCT\=NO
    export DWARF_DSYM_FOLDER_PATH\=/Users/pauloricha/Library/Developer/Xcode/DerivedData/iosApp-cynwljdxdnoqyxhdtywpdbpkuabz/Build/Products/Debug-iphonesimulator/composeApp
    export DYNAMIC_LIBRARY_EXTENSION\=dylib
    export EAGER_COMPILATION_ALLOW_SCRIPTS\=NO
    export EAGER_LINKING\=NO
    export EFFECTIVE_PLATFORM_NAME\=-iphonesimulator
    export EFFECTIVE_SWIFT_VERSION\=5
    export EMBEDDED_CONTENT_CONTAINS_SWIFT\=NO
    export EMBED_ASSET_PACKS_IN_PRODUCT_BUNDLE\=NO
    export ENABLE_APP_SANDBOX\=NO
    export ENABLE_CODE_COVERAGE\=YES
    export ENABLE_COHORT_ARCHS\=NO
    export ENABLE_CPLUSPLUS_BOUNDS_SAFE_BUFFERS\=NO
    export ENABLE_C_BOUNDS_SAFETY\=NO
    export ENABLE_DEFAULT_HEADER_SEARCH_PATHS\=YES
    export ENABLE_DEFAULT_SEARCH_PATHS\=YES
    export ENABLE_ENHANCED_SECURITY\=NO
    export ENABLE_HARDENED_RUNTIME\=NO
    export ENABLE_HEADER_DEPENDENCIES\=YES
    export ENABLE_INCOMING_NETWORK_CONNECTIONS\=NO
    export ENABLE_ON_DEMAND_RESOURCES\=NO
    export ENABLE_OUTGOING_NETWORK_CONNECTIONS\=NO
    export ENABLE_POINTER_AUTHENTICATION\=NO
    export ENABLE_PREVIEWS\=NO
    export ENABLE_RESOURCE_ACCESS_AUDIO_INPUT\=NO
    export ENABLE_RESOURCE_ACCESS_BLUETOOTH\=NO
    export ENABLE_RESOURCE_ACCESS_CALENDARS\=NO
    export ENABLE_RESOURCE_ACCESS_CAMERA\=NO
    export ENABLE_RESOURCE_ACCESS_CONTACTS\=NO
    export ENABLE_RESOURCE_ACCESS_LOCATION\=NO
    export ENABLE_RESOURCE_ACCESS_PHOTO_LIBRARY\=NO
    export ENABLE_RESOURCE_ACCESS_PRINTING\=NO
    export ENABLE_RESOURCE_ACCESS_USB\=NO
    export ENABLE_SDK_IMPORTS\=NO
    export ENABLE_SECURITY_COMPILER_WARNINGS\=NO
    export ENABLE_STRICT_OBJC_MSGSEND\=YES
    export ENABLE_TESTABILITY\=YES
    export ENABLE_TESTING_SEARCH_PATHS\=NO
    export ENABLE_USER_SCRIPT_SANDBOXING\=NO
    export ENABLE_XOJIT_PREVIEWS\=YES
    export ENFORCE_VALID_ARCHS\=YES
    export ENTITLEMENTS_DESTINATION\=__entitlements
    export ENTITLEMENTS_REQUIRED\=YES
    export EXCLUDED_INSTALLSRC_SUBDIRECTORY_PATTERNS\=.DS_Store\ .svn\ .git\ .hg\ CVS
    export EXCLUDED_RECURSIVE_SEARCH_PATH_SUBDIRECTORIES\=\*.nib\ \*.lproj\ \*.framework\ \*.gch\ \*.xcode\*\ \*.xcassets\ \*.icon\ \(\*\)\ .DS_Store\ CVS\ .svn\ .git\ .hg\ \*.pbproj\ \*.pbxproj
    export FILE_LIST\=/Users/pauloricha/Library/Developer/Xcode/DerivedData/iosApp-cynwljdxdnoqyxhdtywpdbpkuabz/Build/Intermediates.noindex/Pods.build/Debug-iphonesimulator/composeApp.build/Objects/LinkFileList
    export FIXED_FILES_DIR\=/Users/pauloricha/Library/Developer/Xcode/DerivedData/iosApp-cynwljdxdnoqyxhdtywpdbpkuabz/Build/Intermediates.noindex/Pods.build/Debug-iphonesimulator/composeApp.build/FixedFiles
    export FRAMEWORK_SEARCH_PATHS\=\ \"/Users/pauloricha/Library/Developer/Xcode/DerivedData/iosApp-cynwljdxdnoqyxhdtywpdbpkuabz/Build/Products/Debug-iphonesimulator/BoringSSL-GRPC\"\ \"/Users/pauloricha/Library/Developer/Xcode/DerivedData/iosApp-cynwljdxdnoqyxhdtywpdbpkuabz/Build/Products/Debug-iphonesimulator/FirebaseAppCheckInterop\"\ \"/Users/pauloricha/Library/Developer/Xcode/DerivedData/iosApp-cynwljdxdnoqyxhdtywpdbpkuabz/Build/Products/Debug-iphonesimulator/FirebaseAuth\"\ \"/Users/pauloricha/Library/Developer/Xcode/DerivedData/iosApp-cynwljdxdnoqyxhdtywpdbpkuabz/Build/Products/Debug-iphonesimulator/FirebaseAuthInterop\"\ \"/Users/pauloricha/Library/Developer/Xcode/DerivedData/iosApp-cynwljdxdnoqyxhdtywpdbpkuabz/Build/Products/Debug-iphonesimulator/FirebaseCore\"\ \"/Users/pauloricha/Library/Developer/Xcode/DerivedData/iosApp-cynwljdxdnoqyxhdtywpdbpkuabz/Build/Products/Debug-iphonesimulator/FirebaseCoreExtension\"\ \"/Users/pauloricha/Library/Developer/Xcode/DerivedData/iosApp-cynwljdxdnoqyxhdtywpdbpkuabz/Build/Products/Debug-iphonesimulator/FirebaseCoreInternal\"\ \"/Users/pauloricha/Library/Developer/Xcode/DerivedData/iosApp-cynwljdxdnoqyxhdtywpdbpkuabz/Build/Products/Debug-iphonesimulator/FirebaseFirestore\"\ \"/Users/pauloricha/Library/Developer/Xcode/DerivedData/iosApp-cynwljdxdnoqyxhdtywpdbpkuabz/Build/Products/Debug-iphonesimulator/FirebaseFirestoreInternal\"\ \"/Users/pauloricha/Library/Developer/Xcode/DerivedData/iosApp-cynwljdxdnoqyxhdtywpdbpkuabz/Build/Products/Debug-iphonesimulator/FirebaseSharedSwift\"\ \"/Users/pauloricha/Library/Developer/Xcode/DerivedData/iosApp-cynwljdxdnoqyxhdtywpdbpkuabz/Build/Products/Debug-iphonesimulator/GTMSessionFetcher\"\ \"/Users/pauloricha/Library/Developer/Xcode/DerivedData/iosApp-cynwljdxdnoqyxhdtywpdbpkuabz/Build/Products/Debug-iphonesimulator/GoogleUtilities\"\ \"/Users/pauloricha/Library/Developer/Xcode/DerivedData/iosApp-cynwljdxdnoqyxhdtywpdbpkuabz/Build/Products/Debug-iphonesimulator/RecaptchaInterop\"\ \"/Users/pauloricha/Library/Developer/Xcode/DerivedData/iosApp-cynwljdxdnoqyxhdtywpdbpkuabz/Build/Products/Debug-iphonesimulator/abseil\"\ \"/Users/pauloricha/Library/Developer/Xcode/DerivedData/iosApp-cynwljdxdnoqyxhdtywpdbpkuabz/Build/Products/Debug-iphonesimulator/gRPC-C++\"\ \"/Users/pauloricha/Library/Developer/Xcode/DerivedData/iosApp-cynwljdxdnoqyxhdtywpdbpkuabz/Build/Products/Debug-iphonesimulator/gRPC-Core\"\ \"/Users/pauloricha/Library/Developer/Xcode/DerivedData/iosApp-cynwljdxdnoqyxhdtywpdbpkuabz/Build/Products/Debug-iphonesimulator/leveldb-library\"\ \"/Users/pauloricha/Library/Developer/Xcode/DerivedData/iosApp-cynwljdxdnoqyxhdtywpdbpkuabz/Build/Products/Debug-iphonesimulator/nanopb\"\ \"/Users/pauloricha/StudioProjects/BolaoDaGalera/iosApp/Pods/../../composeApp/build/cocoapods/framework\"
    export FRAMEWORK_VERSION\=A
    export FUSE_BUILD_PHASES\=YES
    export FUSE_BUILD_SCRIPT_PHASES\=NO
    export GCC3_VERSION\=3.3
    export GCC_C_LANGUAGE_STANDARD\=gnu11
    export GCC_DYNAMIC_NO_PIC\=NO
    export GCC_NO_COMMON_BLOCKS\=YES
    export GCC_OBJC_LEGACY_DISPATCH\=YES
    export GCC_OPTIMIZATION_LEVEL\=0
    export GCC_PFE_FILE_C_DIALECTS\=c\ objective-c\ c++\ objective-c++
    export GCC_PREPROCESSOR_DEFINITIONS\=POD_CONFIGURATION_DEBUG\=1\ DEBUG\=1\ \ COCOAPODS\=1
    export GCC_TREAT_WARNINGS_AS_ERRORS\=NO
    export GCC_VERSION\=com.apple.compilers.llvm.clang.1_0
    export GCC_VERSION_IDENTIFIER\=com_apple_compilers_llvm_clang_1_0
    export GCC_WARN_64_TO_32_BIT_CONVERSION\=YES
    export GCC_WARN_ABOUT_RETURN_TYPE\=YES_ERROR
    export GCC_WARN_UNDECLARED_SELECTOR\=YES
    export GCC_WARN_UNINITIALIZED_AUTOS\=YES_AGGRESSIVE
    export GCC_WARN_UNUSED_FUNCTION\=YES
    export GCC_WARN_UNUSED_VARIABLE\=YES
    export GENERATED_MODULEMAP_DIR\=/Users/pauloricha/Library/Developer/Xcode/DerivedData/iosApp-cynwljdxdnoqyxhdtywpdbpkuabz/Build/Intermediates.noindex/GeneratedModuleMaps-iphonesimulator
    export GENERATE_INFOPLIST_FILE\=NO
    export GENERATE_INTERMEDIATE_TEXT_BASED_STUBS\=YES
    export GENERATE_PKGINFO_FILE\=NO
    export GENERATE_PRELINK_OBJECT_FILE\=NO
    export GENERATE_PROFILING_CODE\=NO
    export GENERATE_TEXT_BASED_STUBS\=NO
    export GID\=20
    export GROUP\=staff
    export HEADERMAP_INCLUDES_FLAT_ENTRIES_FOR_TARGET_BEING_BUILT\=YES
    export HEADERMAP_INCLUDES_FRAMEWORK_ENTRIES_FOR_ALL_PRODUCT_TYPES\=YES
    export HEADERMAP_INCLUDES_FRAMEWORK_ENTRIES_FOR_TARGETS_NOT_BEING_BUILT\=YES
    export HEADERMAP_INCLUDES_NONPUBLIC_NONPRIVATE_HEADERS\=YES
    export HEADERMAP_INCLUDES_PROJECT_HEADERS\=YES
    export HEADERMAP_USES_FRAMEWORK_PREFIX_ENTRIES\=YES
    export HEADERMAP_USES_VFS\=NO
    export HOME\=/Users/pauloricha
    export HOST_ARCH\=arm64
    export HOST_PLATFORM\=macosx
    export ICONV\=/usr/bin/iconv
    export IMPLICIT_DEPENDENCY_DOMAIN\=default
    export INDEX_STORE_COMPRESS\=NO
    export INDEX_STORE_ONLY_PROJECT_FILES\=NO
    export INFOPLIST_ENABLE_CFBUNDLEICONS_MERGE\=YES
    export INFOPLIST_EXPAND_BUILD_SETTINGS\=YES
    export INFOPLIST_OUTPUT_FORMAT\=binary
    export INFOPLIST_PREPROCESS\=NO
    export INLINE_PRIVATE_FRAMEWORKS\=NO
    export INSTALLAPI_IGNORE_SKIP_INSTALL\=YES
    export INSTALLHDRS_COPY_PHASE\=NO
    export INSTALLHDRS_SCRIPT_PHASE\=NO
    export INSTALL_DIR\=/tmp/Pods.dst
    export INSTALL_GROUP\=staff
    export INSTALL_MODE_FLAG\=u+w,go-w,a+rX
    export INSTALL_OWNER\=pauloricha
    export INSTALL_ROOT\=/tmp/Pods.dst
    export IPHONEOS_DEPLOYMENT_TARGET\=16.0
    export IS_UNOPTIMIZED_BUILD\=YES
    export JAVAC_DEFAULT_FLAGS\=-J-Xms64m\ -J-XX:NewSize\=4M\ -J-Dfile.encoding\=UTF8
    export JAVA_APP_STUB\=/System/Library/Frameworks/JavaVM.framework/Resources/MacOS/JavaApplicationStub
    export JAVA_ARCHIVE_CLASSES\=YES
    export JAVA_ARCHIVE_TYPE\=JAR
    export JAVA_COMPILER\=/usr/bin/javac
    export JAVA_FRAMEWORK_RESOURCES_DIRS\=Resources
    export JAVA_JAR_FLAGS\=cv
    export JAVA_SOURCE_SUBDIR\=.
    export JAVA_USE_DEPENDENCIES\=YES
    export JAVA_ZIP_FLAGS\=-urg
    export JIKES_DEFAULT_FLAGS\=+E\ +OLDCSO
    export KEEP_PRIVATE_EXTERNS\=NO
    export KOTLIN_PROJECT_PATH\=:composeApp
    export LD_DEPENDENCY_INFO_FILE\=/Users/pauloricha/Library/Developer/Xcode/DerivedData/iosApp-cynwljdxdnoqyxhdtywpdbpkuabz/Build/Intermediates.noindex/Pods.build/Debug-iphonesimulator/composeApp.build/Objects-normal/undefined_arch/composeApp_dependency_info.dat
    export LD_EXPORT_SYMBOLS\=YES
    export LD_GENERATE_MAP_FILE\=NO
    export LD_MAP_FILE_PATH\=/Users/pauloricha/Library/Developer/Xcode/DerivedData/iosApp-cynwljdxdnoqyxhdtywpdbpkuabz/Build/Intermediates.noindex/Pods.build/Debug-iphonesimulator/composeApp.build/composeApp-LinkMap-normal-undefined_arch.txt
    export LD_NO_PIE\=NO
    export LD_QUOTE_LINKER_ARGUMENTS_FOR_COMPILER_DRIVER\=YES
    export LD_RUNPATH_SEARCH_PATHS\=\ @executable_path/Frameworks
    export LD_SHARED_CACHE_ELIGIBLE\=Automatic
    export LD_WARN_DUPLICATE_LIBRARIES\=NO
    export LD_WARN_UNUSED_DYLIBS\=NO
    export LEGACY_DEVELOPER_DIR\=/Applications/Xcode.app/Contents/PlugIns/Xcode3Core.ideplugin/Contents/SharedSupport/Developer
    export LEX\=lex
    export LIBRARY_DEXT_INSTALL_PATH\=/Library/DriverExtensions
    export LIBRARY_FLAG_NOSPACE\=YES
    export LIBRARY_KEXT_INSTALL_PATH\=/Library/Extensions
    export LINKER_DISPLAYS_MANGLED_NAMES\=NO
    export LINK_FILE_LIST_normal_arm64\=/Users/pauloricha/Library/Developer/Xcode/DerivedData/iosApp-cynwljdxdnoqyxhdtywpdbpkuabz/Build/Intermediates.noindex/Pods.build/Debug-iphonesimulator/composeApp.build/Objects-normal/arm64/composeApp.LinkFileList
    export LINK_OBJC_RUNTIME\=YES
    export LINK_WITH_STANDARD_LIBRARIES\=YES
    export LLVM_TARGET_TRIPLE_OS_VERSION\=ios16.0
    export LLVM_TARGET_TRIPLE_SUFFIX\=-simulator
    export LLVM_TARGET_TRIPLE_VENDOR\=apple
    export LM_AUX_CONST_METADATA_LIST_PATH_normal_arm64\=/Users/pauloricha/Library/Developer/Xcode/DerivedData/iosApp-cynwljdxdnoqyxhdtywpdbpkuabz/Build/Intermediates.noindex/Pods.build/Debug-iphonesimulator/composeApp.build/Objects-normal/arm64/composeApp.SwiftConstValuesFileList
    export LOCALIZATION_EXPORT_SUPPORTED\=YES
    export LOCALIZATION_PREFERS_STRING_CATALOGS\=NO
    export LOCALIZED_STRING_CODE_COMMENTS\=NO
    export LOCALIZED_STRING_MACRO_NAMES\=NSLocalizedString\ CFCopyLocalizedString
    export LOCALIZED_STRING_SWIFTUI_SUPPORT\=YES
    export LOCAL_ADMIN_APPS_DIR\=/Applications/Utilities
    export LOCAL_APPS_DIR\=/Applications
    export LOCAL_DEVELOPER_DIR\=/Library/Developer
    export LOCAL_LIBRARY_DIR\=/Library
    export LOCROOT\=/Users/pauloricha/StudioProjects/BolaoDaGalera/iosApp/Pods
    export LOCSYMROOT\=/Users/pauloricha/StudioProjects/BolaoDaGalera/iosApp/Pods
    export MAC_OS_X_PRODUCT_BUILD_VERSION\=25F71
    export MAC_OS_X_VERSION_ACTUAL\=260500
    export MAC_OS_X_VERSION_MAJOR\=260000
    export MAC_OS_X_VERSION_MINOR\=260500
    export MAKE_MERGEABLE\=NO
    export MERGEABLE_LIBRARY\=NO
    export MERGED_BINARY_TYPE\=none
    export MERGE_LINKED_LIBRARIES\=NO
    export METAL_LIBRARY_FILE_BASE\=default
    export METAL_LIBRARY_OUTPUT_DIR\=/Users/pauloricha/Library/Developer/Xcode/DerivedData/iosApp-cynwljdxdnoqyxhdtywpdbpkuabz/Build/Products/Debug-iphonesimulator/composeApp/
    export MODULE_CACHE_DIR\=/Users/pauloricha/Library/Developer/Xcode/DerivedData/ModuleCache.noindex
    export MTL_ENABLE_DEBUG_INFO\=INCLUDE_SOURCE
    export MTL_FAST_MATH\=YES
    export NATIVE_ARCH\=arm64
    export NATIVE_ARCH_32_BIT\=arm
    export NATIVE_ARCH_64_BIT\=arm64
    export NATIVE_ARCH_ACTUAL\=arm64
    export NO_COMMON\=YES
    export OBJC_ABI_VERSION\=2
    export OBJECT_FILE_DIR\=/Users/pauloricha/Library/Developer/Xcode/DerivedData/iosApp-cynwljdxdnoqyxhdtywpdbpkuabz/Build/Intermediates.noindex/Pods.build/Debug-iphonesimulator/composeApp.build/Objects
    export OBJECT_FILE_DIR_normal\=/Users/pauloricha/Library/Developer/Xcode/DerivedData/iosApp-cynwljdxdnoqyxhdtywpdbpkuabz/Build/Intermediates.noindex/Pods.build/Debug-iphonesimulator/composeApp.build/Objects-normal
    export OBJROOT\=/Users/pauloricha/Library/Developer/Xcode/DerivedData/iosApp-cynwljdxdnoqyxhdtywpdbpkuabz/Build/Intermediates.noindex
    export ONLY_ACTIVE_ARCH\=YES
    export OS\=MACOS
    export OSAC\=/usr/bin/osacompile
    export OTHER_LDFLAGS\=\ -l\"c++\"\ -weak_framework\ \"FirebaseFirestoreInternal\"
    export PASCAL_STRINGS\=YES
    export PATH\=/Applications/Xcode.app/Contents/SharedFrameworks/SwiftBuild.framework/Versions/A/PlugIns/SWBBuildService.bundle/Contents/PlugIns/SWBUniversalPlatformPlugin.bundle/Contents/Frameworks/SWBUniversalPlatform.framework/Resources:/Applications/Xcode.app/Contents/Developer/Toolchains/XcodeDefault.xctoolchain/usr/bin:/Applications/Xcode.app/Contents/Developer/Toolchains/XcodeDefault.xctoolchain/usr/local/bin:/Applications/Xcode.app/Contents/Developer/Toolchains/XcodeDefault.xctoolchain/usr/libexec:/Applications/Xcode.app/Contents/Developer/Platforms/iPhoneSimulator.platform/usr/bin:/Applications/Xcode.app/Contents/Developer/Platforms/iPhoneSimulator.platform/usr/local/bin:/Applications/Xcode.app/Contents/Developer/Platforms/iPhoneSimulator.platform/Developer/usr/bin:/Applications/Xcode.app/Contents/Developer/Platforms/iPhoneSimulator.platform/Developer/usr/local/bin:/Applications/Xcode.app/Contents/Developer/usr/bin:/Applications/Xcode.app/Contents/Developer/usr/local/bin:/usr/local/bin:/System/Cryptexes/App/usr/bin:/usr/bin:/bin:/usr/sbin:/sbin:/var/run/com.apple.security.cryptexd/codex.system/bootstrap/usr/local/bin:/var/run/com.apple.security.cryptexd/codex.system/bootstrap/usr/bin:/var/run/com.apple.security.cryptexd/codex.system/bootstrap/usr/appleinternal/bin:/pkg/env/global/bin:/Library/Apple/usr/bin:/Applications/Android\ Studio.app/Contents/plugins/android/resources/android-cli/bin
    export PATH_PREFIXES_EXCLUDED_FROM_HEADER_DEPENDENCIES\=/usr/include\ /usr/local/include\ /System/Library/Frameworks\ /System/Library/PrivateFrameworks\ /Applications/Xcode.app/Contents/Developer/Headers\ /Applications/Xcode.app/Contents/Developer/SDKs\ /Applications/Xcode.app/Contents/Developer/Platforms
    export PER_ARCH_MODULE_FILE_DIR\=/Users/pauloricha/Library/Developer/Xcode/DerivedData/iosApp-cynwljdxdnoqyxhdtywpdbpkuabz/Build/Intermediates.noindex/Pods.build/Debug-iphonesimulator/composeApp.build/Objects-normal/undefined_arch
    export PER_ARCH_OBJECT_FILE_DIR\=/Users/pauloricha/Library/Developer/Xcode/DerivedData/iosApp-cynwljdxdnoqyxhdtywpdbpkuabz/Build/Intermediates.noindex/Pods.build/Debug-iphonesimulator/composeApp.build/Objects-normal/undefined_arch
    export PER_VARIANT_OBJECT_FILE_DIR\=/Users/pauloricha/Library/Developer/Xcode/DerivedData/iosApp-cynwljdxdnoqyxhdtywpdbpkuabz/Build/Intermediates.noindex/Pods.build/Debug-iphonesimulator/composeApp.build/Objects-normal
    export PKGINFO_FILE_PATH\=/Users/pauloricha/Library/Developer/Xcode/DerivedData/iosApp-cynwljdxdnoqyxhdtywpdbpkuabz/Build/Intermediates.noindex/Pods.build/Debug-iphonesimulator/composeApp.build/PkgInfo
    export PLATFORM_DEVELOPER_APPLICATIONS_DIR\=/Applications/Xcode.app/Contents/Developer/Platforms/iPhoneSimulator.platform/Developer/Applications
    export PLATFORM_DEVELOPER_BIN_DIR\=/Applications/Xcode.app/Contents/Developer/Platforms/iPhoneSimulator.platform/Developer/usr/bin
    export PLATFORM_DEVELOPER_LIBRARY_DIR\=/Applications/Xcode.app/Contents/Developer/Platforms/iPhoneSimulator.platform/Developer/Library
    export PLATFORM_DEVELOPER_SDK_DIR\=/Applications/Xcode.app/Contents/Developer/Platforms/iPhoneSimulator.platform/Developer/SDKs
    export PLATFORM_DEVELOPER_TOOLS_DIR\=/Applications/Xcode.app/Contents/Developer/Platforms/iPhoneSimulator.platform/Developer/Tools
    export PLATFORM_DEVELOPER_USR_DIR\=/Applications/Xcode.app/Contents/Developer/Platforms/iPhoneSimulator.platform/Developer/usr
    export PLATFORM_DIR\=/Applications/Xcode.app/Contents/Developer/Platforms/iPhoneSimulator.platform
    export PLATFORM_DISPLAY_NAME\=iOS\ Simulator
    export PLATFORM_FAMILY_NAME\=iOS
    export PLATFORM_NAME\=iphonesimulator
    export PLATFORM_PREFERRED_ARCH\=x86_64
    export PLATFORM_PRODUCT_BUILD_VERSION\=23F81a
    export PLATFORM_REQUIRES_SWIFT_AUTOLINK_EXTRACT\=NO
    export PLATFORM_REQUIRES_SWIFT_MODULEWRAP\=NO
    export PLATFORM_USES_DSYMS\=YES
    export PLIST_FILE_OUTPUT_FORMAT\=binary
    export PODS_BUILD_DIR\=/Users/pauloricha/Library/Developer/Xcode/DerivedData/iosApp-cynwljdxdnoqyxhdtywpdbpkuabz/Build/Products
    export PODS_CONFIGURATION_BUILD_DIR\=/Users/pauloricha/Library/Developer/Xcode/DerivedData/iosApp-cynwljdxdnoqyxhdtywpdbpkuabz/Build/Products/Debug-iphonesimulator
    export PODS_DEVELOPMENT_LANGUAGE\=en
    export PODS_ROOT\=/Users/pauloricha/StudioProjects/BolaoDaGalera/iosApp/Pods
    export PODS_TARGET_SRCROOT\=/Users/pauloricha/StudioProjects/BolaoDaGalera/iosApp/Pods/../../composeApp
    export PODS_XCFRAMEWORKS_BUILD_DIR\=/Users/pauloricha/Library/Developer/Xcode/DerivedData/iosApp-cynwljdxdnoqyxhdtywpdbpkuabz/Build/Products/Debug-iphonesimulator/XCFrameworkIntermediates
    export PRECOMPS_INCLUDE_HEADERS_FROM_BUILT_PRODUCTS_DIR\=YES
    export PRECOMP_DESTINATION_DIR\=/Users/pauloricha/Library/Developer/Xcode/DerivedData/iosApp-cynwljdxdnoqyxhdtywpdbpkuabz/Build/Intermediates.noindex/Pods.build/Debug-iphonesimulator/composeApp.build/PrefixHeaders
    export PROCESSED_INFOPLIST_PATH\=/Users/pauloricha/Library/Developer/Xcode/DerivedData/iosApp-cynwljdxdnoqyxhdtywpdbpkuabz/Build/Intermediates.noindex/Pods.build/Debug-iphonesimulator/composeApp.build/Objects-normal/undefined_arch/Processed-Info.plist
    export PRODUCT_BUNDLE_IDENTIFIER\=org.cocoapods.composeApp
    export PRODUCT_MODULE_NAME\=ComposeApp
    export PRODUCT_NAME\=composeApp
    export PRODUCT_SETTINGS_PATH\=
    export PROFILING_CODE\=NO
    export PROJECT\=Pods
    export PROJECT_DERIVED_FILE_DIR\=/Users/pauloricha/Library/Developer/Xcode/DerivedData/iosApp-cynwljdxdnoqyxhdtywpdbpkuabz/Build/Intermediates.noindex/Pods.build/DerivedSources
    export PROJECT_DIR\=/Users/pauloricha/StudioProjects/BolaoDaGalera/iosApp/Pods
    export PROJECT_FILE_PATH\=/Users/pauloricha/StudioProjects/BolaoDaGalera/iosApp/Pods/Pods.xcodeproj
    export PROJECT_GUID\=8699adb1dd336b26511df848a716bd42
    export PROJECT_NAME\=Pods
    export PROJECT_TEMP_DIR\=/Users/pauloricha/Library/Developer/Xcode/DerivedData/iosApp-cynwljdxdnoqyxhdtywpdbpkuabz/Build/Intermediates.noindex/Pods.build
    export PROJECT_TEMP_ROOT\=/Users/pauloricha/Library/Developer/Xcode/DerivedData/iosApp-cynwljdxdnoqyxhdtywpdbpkuabz/Build/Intermediates.noindex
    export RECOMMENDED_IPHONEOS_DEPLOYMENT_TARGET\=15.0
    export RECURSIVE_SEARCH_PATHS_FOLLOW_SYMLINKS\=YES
    export REMOVE_CVS_FROM_RESOURCES\=YES
    export REMOVE_GIT_FROM_RESOURCES\=YES
    export REMOVE_HEADERS_FROM_EMBEDDED_BUNDLES\=YES
    export REMOVE_HG_FROM_RESOURCES\=YES
    export REMOVE_STATIC_EXECUTABLES_FROM_EMBEDDED_BUNDLES\=YES
    export REMOVE_SVN_FROM_RESOURCES\=YES
    export RESCHEDULE_INDEPENDENT_HEADERS_PHASES\=YES
    export REZ_COLLECTOR_DIR\=/Users/pauloricha/Library/Developer/Xcode/DerivedData/iosApp-cynwljdxdnoqyxhdtywpdbpkuabz/Build/Intermediates.noindex/Pods.build/Debug-iphonesimulator/composeApp.build/ResourceManagerResources
    export REZ_OBJECTS_DIR\=/Users/pauloricha/Library/Developer/Xcode/DerivedData/iosApp-cynwljdxdnoqyxhdtywpdbpkuabz/Build/Intermediates.noindex/Pods.build/Debug-iphonesimulator/composeApp.build/ResourceManagerResources/Objects
    export RPATH_ORIGIN\=@loader_path
    export RUNTIME_EXCEPTION_ALLOW_DYLD_ENVIRONMENT_VARIABLES\=NO
    export RUNTIME_EXCEPTION_ALLOW_JIT\=NO
    export RUNTIME_EXCEPTION_ALLOW_UNSIGNED_EXECUTABLE_MEMORY\=NO
    export RUNTIME_EXCEPTION_DEBUGGING_TOOL\=NO
    export RUNTIME_EXCEPTION_DISABLE_EXECUTABLE_PAGE_PROTECTION\=NO
    export RUNTIME_EXCEPTION_DISABLE_LIBRARY_VALIDATION\=NO
    export SCANNING_PCM_KEEP_CACHE_DIRECTORY\=YES
    export SCAN_ALL_SOURCE_FILES_FOR_INCLUDES\=NO
    export SCRIPT_INPUT_FILE_COUNT\=0
    export SCRIPT_INPUT_FILE_LIST_COUNT\=0
    export SCRIPT_OUTPUT_FILE_COUNT\=0
    export SCRIPT_OUTPUT_FILE_LIST_COUNT\=0
    export SDKROOT\=/Applications/Xcode.app/Contents/Developer/Platforms/iPhoneSimulator.platform/Developer/SDKs/iPhoneSimulator26.5.sdk
    export SDK_DIR\=/Applications/Xcode.app/Contents/Developer/Platforms/iPhoneSimulator.platform/Developer/SDKs/iPhoneSimulator26.5.sdk
    export SDK_DIR_iphonesimulator\=/Applications/Xcode.app/Contents/Developer/Platforms/iPhoneSimulator.platform/Developer/SDKs/iPhoneSimulator26.5.sdk
    export SDK_DIR_iphonesimulator26_5\=/Applications/Xcode.app/Contents/Developer/Platforms/iPhoneSimulator.platform/Developer/SDKs/iPhoneSimulator26.5.sdk
    export SDK_NAME\=iphonesimulator26.5
    export SDK_NAMES\=iphonesimulator26.5
    export SDK_PRODUCT_BUILD_VERSION\=23F81a
    export SDK_STAT_CACHE_DIR\=/Users/pauloricha/Library/Developer/Xcode/DerivedData
    export SDK_STAT_CACHE_ENABLE\=YES
    export SDK_STAT_CACHE_PATH\=/Users/pauloricha/Library/Developer/Xcode/DerivedData/SDKStatCaches.noindex/iphonesimulator26.5-23F81a-6cfe768891a92b912361537c460fe42b.sdkstatcache
    export SDK_VERSION\=26.5
    export SDK_VERSION_ACTUAL\=260500
    export SDK_VERSION_MAJOR\=260000
    export SDK_VERSION_MINOR\=260500
    export SED\=/usr/bin/sed
    export SEPARATE_STRIP\=NO
    export SEPARATE_SYMBOL_EDIT\=NO
    export SET_DIR_MODE_OWNER_GROUP\=YES
    export SET_FILE_MODE_OWNER_GROUP\=NO
    export SHALLOW_BUNDLE\=NO
    export SHARED_DERIVED_FILE_DIR\=/Users/pauloricha/Library/Developer/Xcode/DerivedData/iosApp-cynwljdxdnoqyxhdtywpdbpkuabz/Build/Products/Debug-iphonesimulator/composeApp/DerivedSources
    export SHARED_PRECOMPS_DIR\=/Users/pauloricha/Library/Developer/Xcode/DerivedData/iosApp-cynwljdxdnoqyxhdtywpdbpkuabz/Build/Intermediates.noindex/PrecompiledHeaders
    export SKIP_INSTALL\=YES
    export SKIP_MERGEABLE_LIBRARY_BUNDLE_HOOK\=NO
    export SOURCE_ROOT\=/Users/pauloricha/StudioProjects/BolaoDaGalera/iosApp/Pods
    export SRCROOT\=/Users/pauloricha/StudioProjects/BolaoDaGalera/iosApp/Pods
    export STRINGSDATA_DIR\=/Users/pauloricha/Library/Developer/Xcode/DerivedData/iosApp-cynwljdxdnoqyxhdtywpdbpkuabz/Build/Intermediates.noindex/Pods.build/Debug-iphonesimulator/composeApp.build/Objects-normal/undefined_arch
    export STRINGSDATA_ROOT\=/Users/pauloricha/Library/Developer/Xcode/DerivedData/iosApp-cynwljdxdnoqyxhdtywpdbpkuabz/Build/Intermediates.noindex/Pods.build/Debug-iphonesimulator/composeApp.build
    export STRINGS_FILE_INFOPLIST_RENAME\=YES
    export STRINGS_FILE_OUTPUT_ENCODING\=binary
    export STRING_CATALOG_GENERATE_SYMBOLS\=NO
    export STRIP_BITCODE_FROM_COPIED_FILES\=NO
    export STRIP_INSTALLED_PRODUCT\=NO
    export STRIP_STYLE\=all
    export STRIP_SWIFT_SYMBOLS\=YES
    export SUPPORTED_DEVICE_FAMILIES\=1,2
    export SUPPORTED_PLATFORMS\=iphoneos\ iphonesimulator
    export SUPPORTS_TEXT_BASED_API\=NO
    export SUPPRESS_WARNINGS\=NO
    export SWIFT_ACTIVE_COMPILATION_CONDITIONS\=DEBUG
    export SWIFT_EMIT_CONST_VALUE_PROTOCOLS\=AnyResolverProviding\ AppEntity\ AppEnum\ AppExtension\ AppIntent\ AppIntentsPackage\ AppShortcutProviding\ AppShortcutsProvider\ AppUnionValue\ AppUnionValueCasesProviding\ DynamicOptionsProvider\ EntityQuery\ ExtensionPointDefining\ IntentValueQuery\ Resolver\ TransientEntity\ _AssistantIntentsProvider\ _GenerativeFunctionExtractable\ _IntentValueRepresentable
    export SWIFT_EMIT_LOC_STRINGS\=NO
    export SWIFT_ENABLE_EXPLICIT_MODULES\=YES
    export SWIFT_OPTIMIZATION_LEVEL\=-Onone
    export SWIFT_PLATFORM_TARGET_PREFIX\=ios
    export SWIFT_RESPONSE_FILE_PATH_normal_arm64\=/Users/pauloricha/Library/Developer/Xcode/DerivedData/iosApp-cynwljdxdnoqyxhdtywpdbpkuabz/Build/Intermediates.noindex/Pods.build/Debug-iphonesimulator/composeApp.build/Objects-normal/arm64/composeApp.SwiftFileList
    export SWIFT_VERSION\=5.0
    export SYMROOT\=/Users/pauloricha/Library/Developer/Xcode/DerivedData/iosApp-cynwljdxdnoqyxhdtywpdbpkuabz/Build/Products
    export SYSTEM_ADMIN_APPS_DIR\=/Applications/Utilities
    export SYSTEM_APPS_DIR\=/Applications
    export SYSTEM_CORE_SERVICES_DIR\=/System/Library/CoreServices
    export SYSTEM_DEMOS_DIR\=/Applications/Extras
    export SYSTEM_DEVELOPER_APPS_DIR\=/Applications/Xcode.app/Contents/Developer/Applications
    export SYSTEM_DEVELOPER_BIN_DIR\=/Applications/Xcode.app/Contents/Developer/usr/bin
    export SYSTEM_DEVELOPER_DEMOS_DIR\=/Applications/Xcode.app/Contents/Developer/Applications/Utilities/Built\ Examples
    export SYSTEM_DEVELOPER_DIR\=/Applications/Xcode.app/Contents/Developer
    export SYSTEM_DEVELOPER_DOC_DIR\=/Applications/Xcode.app/Contents/Developer/ADC\ Reference\ Library
    export SYSTEM_DEVELOPER_GRAPHICS_TOOLS_DIR\=/Applications/Xcode.app/Contents/Developer/Applications/Graphics\ Tools
    export SYSTEM_DEVELOPER_JAVA_TOOLS_DIR\=/Applications/Xcode.app/Contents/Developer/Applications/Java\ Tools
    export SYSTEM_DEVELOPER_PERFORMANCE_TOOLS_DIR\=/Applications/Xcode.app/Contents/Developer/Applications/Performance\ Tools
    export SYSTEM_DEVELOPER_RELEASENOTES_DIR\=/Applications/Xcode.app/Contents/Developer/ADC\ Reference\ Library/releasenotes
    export SYSTEM_DEVELOPER_TOOLS\=/Applications/Xcode.app/Contents/Developer/Tools
    export SYSTEM_DEVELOPER_TOOLS_DOC_DIR\=/Applications/Xcode.app/Contents/Developer/ADC\ Reference\ Library/documentation/DeveloperTools
    export SYSTEM_DEVELOPER_TOOLS_RELEASENOTES_DIR\=/Applications/Xcode.app/Contents/Developer/ADC\ Reference\ Library/releasenotes/DeveloperTools
    export SYSTEM_DEVELOPER_USR_DIR\=/Applications/Xcode.app/Contents/Developer/usr
    export SYSTEM_DEVELOPER_UTILITIES_DIR\=/Applications/Xcode.app/Contents/Developer/Applications/Utilities
    export SYSTEM_DEXT_INSTALL_PATH\=/System/Library/DriverExtensions
    export SYSTEM_DOCUMENTATION_DIR\=/Library/Documentation
    export SYSTEM_KEXT_INSTALL_PATH\=/System/Library/Extensions
    export SYSTEM_LIBRARY_DIR\=/System/Library
    export TAPI_DEMANGLE\=YES
    export TAPI_ENABLE_PROJECT_HEADERS\=NO
    export TAPI_LANGUAGE\=objective-c
    export TAPI_LANGUAGE_STANDARD\=compiler-default
    export TAPI_USE_SRCROOT\=YES
    export TAPI_VERIFY_MODE\=Pedantic
    export TARGETED_DEVICE_FAMILY\=1,2
    export TARGETNAME\=composeApp
    export TARGET_BUILD_DIR\=/Users/pauloricha/Library/Developer/Xcode/DerivedData/iosApp-cynwljdxdnoqyxhdtywpdbpkuabz/Build/Products/Debug-iphonesimulator/composeApp
    export TARGET_DEVICE_IDENTIFIER\=CA8A1A4E-12BA-4D74-A6D0-D29E9E821390
    export TARGET_DEVICE_MODEL\=iPhone18,1
    export TARGET_DEVICE_OS_VERSION\=26.5
    export TARGET_DEVICE_PLATFORM_NAME\=iphonesimulator
    export TARGET_NAME\=composeApp
    export TARGET_TEMP_DIR\=/Users/pauloricha/Library/Developer/Xcode/DerivedData/iosApp-cynwljdxdnoqyxhdtywpdbpkuabz/Build/Intermediates.noindex/Pods.build/Debug-iphonesimulator/composeApp.build
    export TEMP_DIR\=/Users/pauloricha/Library/Developer/Xcode/DerivedData/iosApp-cynwljdxdnoqyxhdtywpdbpkuabz/Build/Intermediates.noindex/Pods.build/Debug-iphonesimulator/composeApp.build
    export TEMP_FILES_DIR\=/Users/pauloricha/Library/Developer/Xcode/DerivedData/iosApp-cynwljdxdnoqyxhdtywpdbpkuabz/Build/Intermediates.noindex/Pods.build/Debug-iphonesimulator/composeApp.build
    export TEMP_FILE_DIR\=/Users/pauloricha/Library/Developer/Xcode/DerivedData/iosApp-cynwljdxdnoqyxhdtywpdbpkuabz/Build/Intermediates.noindex/Pods.build/Debug-iphonesimulator/composeApp.build
    export TEMP_ROOT\=/Users/pauloricha/Library/Developer/Xcode/DerivedData/iosApp-cynwljdxdnoqyxhdtywpdbpkuabz/Build/Intermediates.noindex
    export TEMP_SANDBOX_DIR\=/Users/pauloricha/Library/Developer/Xcode/DerivedData/iosApp-cynwljdxdnoqyxhdtywpdbpkuabz/Build/Intermediates.noindex/TemporaryTaskSandboxes
    export TEST_FRAMEWORK_SEARCH_PATHS\=\ /Applications/Xcode.app/Contents/Developer/Platforms/iPhoneSimulator.platform/Developer/Library/Frameworks\ /Applications/Xcode.app/Contents/Developer/Platforms/iPhoneSimulator.platform/Developer/SDKs/iPhoneSimulator26.5.sdk/Developer/Library/Frameworks
    export TEST_LIBRARY_SEARCH_PATHS\=\ /Applications/Xcode.app/Contents/Developer/Platforms/iPhoneSimulator.platform/Developer/usr/lib
    export TOOLCHAINS\=com.apple.dt.toolchain.XcodeDefault
    export TOOLCHAIN_DIR\=/Applications/Xcode.app/Contents/Developer/Toolchains/XcodeDefault.xctoolchain
    export TREAT_MISSING_BASELINES_AS_TEST_FAILURES\=NO
    export TREAT_MISSING_SCRIPT_PHASE_OUTPUTS_AS_ERRORS\=NO
    export UID\=501
    export UNINSTALLED_PRODUCTS_DIR\=/Users/pauloricha/Library/Developer/Xcode/DerivedData/iosApp-cynwljdxdnoqyxhdtywpdbpkuabz/Build/Intermediates.noindex/UninstalledProducts
    export UNSTRIPPED_PRODUCT\=NO
    export USER\=pauloricha
    export USER_APPS_DIR\=/Users/pauloricha/Applications
    export USER_LIBRARY_DIR\=/Users/pauloricha/Library
    export USE_DYNAMIC_NO_PIC\=YES
    export USE_HEADERMAP\=YES
    export USE_HEADER_SYMLINKS\=NO
    export USE_RECURSIVE_SCRIPT_INPUTS_IN_SCRIPT_PHASES\=YES
    export VALIDATE_DEVELOPMENT_ASSET_PATHS\=YES_ERROR
    export VALIDATE_PRODUCT\=NO
    export VALID_ARCHS\=arm64\ x86_64
    export VERBOSE_PBXCP\=NO
    export VERSION_INFO_BUILDER\=pauloricha
    export VERSION_INFO_FILE\=composeApp_vers.c
    export VERSION_INFO_STRING\=\"@\(\#\)PROGRAM:composeApp\ \ PROJECT:Pods-\"
    export WORKSPACE_DIR\=/Users/pauloricha/StudioProjects/BolaoDaGalera/iosApp
    export WRAP_ASSET_PACKS_IN_SEPARATE_DIRECTORIES\=NO
    export XCODE_APP_SUPPORT_DIR\=/Applications/Xcode.app/Contents/Developer/Library/Xcode
    export XCODE_PRODUCT_BUILD_VERSION\=17F113
    export XCODE_VERSION_ACTUAL\=2660
    export XCODE_VERSION_MAJOR\=2600
    export XCODE_VERSION_MINOR\=2660
    export XPCSERVICES_FOLDER_PATH\=/XPCServices
    export YACC\=yacc
    export _DISCOVER_COMMAND_LINE_LINKER_INPUTS\=YES
    export _DISCOVER_COMMAND_LINE_LINKER_INPUTS_INCLUDE_WL\=YES
    export _LD_MULTIARCH\=YES
    export __DIAGNOSE_DEPRECATED_ARCHS\=YES
    export __ORIGINAL_SDK_DEFINED_LLVM_TARGET_TRIPLE_SYS\=ios
    export arch\=undefined_arch
    export variant\=normal
    /bin/sh -c /Users/pauloricha/Library/Developer/Xcode/DerivedData/iosApp-cynwljdxdnoqyxhdtywpdbpkuabz/Build/Intermediates.noindex/Pods.build/Debug-iphonesimulator/composeApp.build/Script-1DB826FBC867459B128076549B4DA30E.sh
                REPO_ROOT="$PODS_TARGET_SRCROOT"
                "$REPO_ROOT/../gradlew" -p "$REPO_ROOT" $KOTLIN_PROJECT_PATH:syncFramework                     -Pkotlin.native.cocoapods.platform=$PLATFORM_NAME                     -Pkotlin.native.cocoapods.archs="$ARCHS"                     -Pkotlin.native.cocoapods.configuration="$CONFIGURATION"
Calculating task graph as configuration cache cannot be reused because environment variable 'CONFIGURATION' has changed.
Type-safe project accessors is an incubating feature.

> Configure project :composeApp
w: ⚠️ Deprecated 'Android Style' Source Directory
Usage of 'Android Style' source directory composeApp/src/androidTest/kotlin is deprecated.
Use composeApp/src/androidInstrumentedTest/kotlin instead.

To suppress this warning: put the following in your gradle.properties:
kotlin.mpp.androidSourceSetLayoutV2AndroidStyleDirs.nowarn=true
Solution: Please migrate to the new source directory: composeApp/src/androidInstrumentedTest/kotlin
Learn more: https://kotl.in/android-source-set-layout-v2


> Task :composeApp:convertXmlValueResourcesForIosMain NO-SOURCE
> Task :composeApp:convertXmlValueResourcesForAppleMain NO-SOURCE
> Task :composeApp:convertXmlValueResourcesForCommonMain NO-SOURCE
> Task :composeApp:generateDefFirebaseFirestore UP-TO-DATE
> Task :composeApp:convertXmlValueResourcesForIosSimulatorArm64Main NO-SOURCE
> Task :composeApp:copyNonXmlValueResourcesForAppleMain NO-SOURCE
> Task :composeApp:kmpPartiallyResolvedDependenciesChecker
> Task :composeApp:checkKotlinGradlePluginConfigurationErrors SKIPPED
> Task :composeApp:generateDefFirebaseRemoteConfig UP-TO-DATE
> Task :composeApp:copyNonXmlValueResourcesForIosMain NO-SOURCE
> Task :composeApp:generateDefFirebaseAuth UP-TO-DATE
> Task :composeApp:convertXmlValueResourcesForNativeMain NO-SOURCE
> Task :composeApp:copyNonXmlValueResourcesForIosSimulatorArm64Main NO-SOURCE
> Task :composeApp:prepareComposeResourcesTaskForIosMain NO-SOURCE
> Task :composeApp:checkCanSyncPodComposeResourcesForIos
> Task :composeApp:generateComposeResClass UP-TO-DATE
> Task :composeApp:prepareComposeResourcesTaskForAppleMain NO-SOURCE
> Task :composeApp:copyNonXmlValueResourcesForCommonMain UP-TO-DATE
> Task :composeApp:copyNonXmlValueResourcesForNativeMain NO-SOURCE
> Task :composeApp:iosArm64ResolveResourcesFromDependencies UP-TO-DATE
> Task :composeApp:generateResourceAccessorsForIosMain NO-SOURCE
> Task :composeApp:convertXmlValueResourcesForIosArm64Main NO-SOURCE
> Task :composeApp:generateExpectResourceCollectorsForCommonMain UP-TO-DATE
> Task :composeApp:prepareComposeResourcesTaskForIosSimulatorArm64Main NO-SOURCE
> Task :composeApp:prepareComposeResourcesTaskForCommonMain UP-TO-DATE
> Task :composeApp:generateResourceAccessorsForAppleMain NO-SOURCE
> Task :composeApp:prepareComposeResourcesTaskForNativeMain NO-SOURCE
> Task :composeApp:copyNonXmlValueResourcesForIosArm64Main NO-SOURCE
> Task :composeApp:generateResourceAccessorsForCommonMain UP-TO-DATE
> Task :composeApp:prepareComposeResourcesTaskForIosArm64Main NO-SOURCE
> Task :composeApp:iosSimulatorArm64ResolveResourcesFromDependencies UP-TO-DATE
> Task :composeApp:generateResourceAccessorsForNativeMain NO-SOURCE
> Task :composeApp:assembleIosSimulatorArm64MainResources UP-TO-DATE
> Task :composeApp:generateResourceAccessorsForIosSimulatorArm64Main NO-SOURCE
> Task :composeApp:downloadKotlinNativeDistribution UP-TO-DATE
> Task :composeApp:iosSimulatorArm64ResolveSelfResourcesCopyHierarchicalMultiplatformResources UP-TO-DATE
> Task :composeApp:iosSimulatorArm64AggregateResources UP-TO-DATE
> Task :composeApp:assembleIosArm64MainResources UP-TO-DATE
> Task :composeApp:iosArm64ResolveSelfResourcesCopyHierarchicalMultiplatformResources UP-TO-DATE
> Task :composeApp:iosArm64AggregateResources UP-TO-DATE
> Task :composeApp:generateActualResourceCollectorsForIosSimulatorArm64Main
> Task :composeApp:syncPodComposeResourcesForIos UP-TO-DATE

> Task :composeApp:xcodeVersion
w: ⚠️ Xcode Version Too High for Kotlin Gradle Plugin
Kotlin <-> Xcode compatibility issue:
The selected Xcode version (26.6) is higher than the maximum known to the Kotlin Gradle Plugin.
Stability in such configuration hasn't been tested, please report encountered issues to https://kotl.in/issue

Maximum tested Xcode version: 26.0
Solution: To suppress this message add 'kotlin.apple.xcodeCompatibility.nowarn=true' to your gradle.properties


> Task :composeApp:podGenIos UP-TO-DATE
> Task :composeApp:podInstallSyntheticIos UP-TO-DATE
> Task :composeApp:podSetupBuildFirebaseAuthIosSimulator
> Task :composeApp:podSetupBuildFirebaseFirestoreIosSimulator
> Task :composeApp:podSetupBuildFirebaseRemoteConfigIosSimulator
> Task :composeApp:podBuildFirebaseAuthIosSimulator

> Task :composeApp:cinteropFirebaseAuthIosSimulatorArm64
KLIB resolver: Could not find "org.jetbrains.androidx.savedstate:savedstate" in [/Users/pauloricha/.konan/kotlin-native-prebuilt-macos-aarch64-2.3.20/klib/common, /Users/pauloricha/.konan/kotlin-native-prebuilt-macos-aarch64-2.3.20/klib/platform/ios_simulator_arm64, /Users/pauloricha/StudioProjects/BolaoDaGalera/composeApp]
KLIB resolver: Could not find "org.jetbrains.androidx.lifecycle:lifecycle-viewmodel-savedstate" in [/Users/pauloricha/.konan/kotlin-native-prebuilt-macos-aarch64-2.3.20/klib/common, /Users/pauloricha/.konan/kotlin-native-prebuilt-macos-aarch64-2.3.20/klib/platform/ios_simulator_arm64, /Users/pauloricha/StudioProjects/BolaoDaGalera/composeApp]
KLIB resolver: Could not find "org.jetbrains.androidx.savedstate:savedstate" in [/Users/pauloricha/.konan/kotlin-native-prebuilt-macos-aarch64-2.3.20/klib/common, /Users/pauloricha/.konan/kotlin-native-prebuilt-macos-aarch64-2.3.20/klib/platform/ios_simulator_arm64, /Users/pauloricha/StudioProjects/BolaoDaGalera/composeApp]
KLIB resolver: Could not find "org.jetbrains.androidx.lifecycle:lifecycle-viewmodel-savedstate" in [/Users/pauloricha/.konan/kotlin-native-prebuilt-macos-aarch64-2.3.20/klib/common, /Users/pauloricha/.konan/kotlin-native-prebuilt-macos-aarch64-2.3.20/klib/platform/ios_simulator_arm64, /Users/pauloricha/StudioProjects/BolaoDaGalera/composeApp]

> Task :composeApp:podBuildFirebaseFirestoreIosSimulator

> Task :composeApp:cinteropFirebaseFirestoreIosSimulatorArm64
KLIB resolver: Could not find "org.jetbrains.androidx.savedstate:savedstate" in [/Users/pauloricha/.konan/kotlin-native-prebuilt-macos-aarch64-2.3.20/klib/common, /Users/pauloricha/.konan/kotlin-native-prebuilt-macos-aarch64-2.3.20/klib/platform/ios_simulator_arm64, /Users/pauloricha/StudioProjects/BolaoDaGalera/composeApp]
KLIB resolver: Could not find "org.jetbrains.androidx.lifecycle:lifecycle-viewmodel-savedstate" in [/Users/pauloricha/.konan/kotlin-native-prebuilt-macos-aarch64-2.3.20/klib/common, /Users/pauloricha/.konan/kotlin-native-prebuilt-macos-aarch64-2.3.20/klib/platform/ios_simulator_arm64, /Users/pauloricha/StudioProjects/BolaoDaGalera/composeApp]
KLIB resolver: Could not find "org.jetbrains.androidx.savedstate:savedstate" in [/Users/pauloricha/.konan/kotlin-native-prebuilt-macos-aarch64-2.3.20/klib/common, /Users/pauloricha/.konan/kotlin-native-prebuilt-macos-aarch64-2.3.20/klib/platform/ios_simulator_arm64, /Users/pauloricha/StudioProjects/BolaoDaGalera/composeApp]
KLIB resolver: Could not find "org.jetbrains.androidx.lifecycle:lifecycle-viewmodel-savedstate" in [/Users/pauloricha/.konan/kotlin-native-prebuilt-macos-aarch64-2.3.20/klib/common, /Users/pauloricha/.konan/kotlin-native-prebuilt-macos-aarch64-2.3.20/klib/platform/ios_simulator_arm64, /Users/pauloricha/StudioProjects/BolaoDaGalera/composeApp]

> Task :composeApp:podBuildFirebaseRemoteConfigIosSimulator

> Task :composeApp:cinteropFirebaseRemoteConfigIosSimulatorArm64
KLIB resolver: Could not find "org.jetbrains.androidx.savedstate:savedstate" in [/Users/pauloricha/.konan/kotlin-native-prebuilt-macos-aarch64-2.3.20/klib/common, /Users/pauloricha/.konan/kotlin-native-prebuilt-macos-aarch64-2.3.20/klib/platform/ios_simulator_arm64, /Users/pauloricha/StudioProjects/BolaoDaGalera/composeApp]
KLIB resolver: Could not find "org.jetbrains.androidx.lifecycle:lifecycle-viewmodel-savedstate" in [/Users/pauloricha/.konan/kotlin-native-prebuilt-macos-aarch64-2.3.20/klib/common, /Users/pauloricha/.konan/kotlin-native-prebuilt-macos-aarch64-2.3.20/klib/platform/ios_simulator_arm64, /Users/pauloricha/StudioProjects/BolaoDaGalera/composeApp]
KLIB resolver: Could not find "org.jetbrains.androidx.savedstate:savedstate" in [/Users/pauloricha/.konan/kotlin-native-prebuilt-macos-aarch64-2.3.20/klib/common, /Users/pauloricha/.konan/kotlin-native-prebuilt-macos-aarch64-2.3.20/klib/platform/ios_simulator_arm64, /Users/pauloricha/StudioProjects/BolaoDaGalera/composeApp]
KLIB resolver: Could not find "org.jetbrains.androidx.lifecycle:lifecycle-viewmodel-savedstate" in [/Users/pauloricha/.konan/kotlin-native-prebuilt-macos-aarch64-2.3.20/klib/common, /Users/pauloricha/.konan/kotlin-native-prebuilt-macos-aarch64-2.3.20/klib/platform/ios_simulator_arm64, /Users/pauloricha/StudioProjects/BolaoDaGalera/composeApp]

> Task :composeApp:compileKotlinIosSimulatorArm64
/Users/pauloricha/StudioProjects/BolaoDaGalera/composeApp/src/commonMain/kotlin/com/lpstudio/bolaodagalera/data/firebase/FirebaseBolaoRepository.kt:262:72: warning: Elvis operator (?:) always returns the left operand of non-nullable type 'String'.
/Users/pauloricha/StudioProjects/BolaoDaGalera/composeApp/src/commonMain/kotlin/com/lpstudio/bolaodagalera/data/firebase/FirebaseBolaoRepository.kt:263:80: warning: Elvis operator (?:) always returns the left operand of non-nullable type 'String'.
/Users/pauloricha/StudioProjects/BolaoDaGalera/composeApp/src/commonMain/kotlin/com/lpstudio/bolaodagalera/data/firebase/FirebaseBolaoRepository.kt:263:115: warning: Elvis operator (?:) always returns the left operand of non-nullable type 'String'.
/Users/pauloricha/StudioProjects/BolaoDaGalera/composeApp/src/commonMain/kotlin/com/lpstudio/bolaodagalera/di/AppModule.kt:31:5: warning: 'fun <reified T : ViewModel> Module.viewModel(qualifier: Qualifier? = ..., noinline definition: Scope.(ParametersHolder) -> T): KoinDefinition<T>' is deprecated. Moved ViewModel DSL package. Remove old imports and use org.koin.core.module.dsl.*.
/Users/pauloricha/StudioProjects/BolaoDaGalera/composeApp/src/commonMain/kotlin/com/lpstudio/bolaodagalera/di/AppModule.kt:32:5: warning: 'fun <reified T : ViewModel> Module.viewModel(qualifier: Qualifier? = ..., noinline definition: Scope.(ParametersHolder) -> T): KoinDefinition<T>' is deprecated. Moved ViewModel DSL package. Remove old imports and use org.koin.core.module.dsl.*.
/Users/pauloricha/StudioProjects/BolaoDaGalera/composeApp/src/commonMain/kotlin/com/lpstudio/bolaodagalera/di/AppModule.kt:33:5: warning: 'fun <reified T : ViewModel> Module.viewModel(qualifier: Qualifier? = ..., noinline definition: Scope.(ParametersHolder) -> T): KoinDefinition<T>' is deprecated. Moved ViewModel DSL package. Remove old imports and use org.koin.core.module.dsl.*.
/Users/pauloricha/StudioProjects/BolaoDaGalera/composeApp/src/commonMain/kotlin/com/lpstudio/bolaodagalera/di/AppModule.kt:34:5: warning: 'fun <reified T : ViewModel> Module.viewModel(qualifier: Qualifier? = ..., noinline definition: Scope.(ParametersHolder) -> T): KoinDefinition<T>' is deprecated. Moved ViewModel DSL package. Remove old imports and use org.koin.core.module.dsl.*.
/Users/pauloricha/StudioProjects/BolaoDaGalera/composeApp/src/commonMain/kotlin/com/lpstudio/bolaodagalera/di/AppModule.kt:35:5: warning: 'fun <reified T : ViewModel> Module.viewModel(qualifier: Qualifier? = ..., noinline definition: Scope.(ParametersHolder) -> T): KoinDefinition<T>' is deprecated. Moved ViewModel DSL package. Remove old imports and use org.koin.core.module.dsl.*.
/Users/pauloricha/StudioProjects/BolaoDaGalera/composeApp/src/commonMain/kotlin/com/lpstudio/bolaodagalera/presentation/bolao/BolaoDetailScreen.kt:66:8: warning: 'typealias Clock = Clock' is deprecated. This type is deprecated in favor of `kotlin.time.Clock`.
/Users/pauloricha/StudioProjects/BolaoDaGalera/composeApp/src/commonMain/kotlin/com/lpstudio/bolaodagalera/presentation/bolao/BolaoDetailScreen.kt:68:8: warning: 'typealias Instant = Instant' is deprecated. This type is deprecated in favor of `kotlin.time.Instant`.
/Users/pauloricha/StudioProjects/BolaoDaGalera/composeApp/src/commonMain/kotlin/com/lpstudio/bolaodagalera/presentation/bolao/BolaoDetailScreen.kt:227:25: warning: 'typealias Instant = Instant' is deprecated. This type is deprecated in favor of `kotlin.time.Instant`.
/Users/pauloricha/StudioProjects/BolaoDaGalera/composeApp/src/commonMain/kotlin/com/lpstudio/bolaodagalera/presentation/bolao/BolaoDetailScreen.kt:230:13: warning: 'typealias Instant = Instant' is deprecated. This type is deprecated in favor of `kotlin.time.Instant`.
/Users/pauloricha/StudioProjects/BolaoDaGalera/composeApp/src/commonMain/kotlin/com/lpstudio/bolaodagalera/presentation/bolao/BolaoDetailScreen.kt:935:21: warning: 'typealias Instant = Instant' is deprecated. This type is deprecated in favor of `kotlin.time.Instant`.
/Users/pauloricha/StudioProjects/BolaoDaGalera/composeApp/src/commonMain/kotlin/com/lpstudio/bolaodagalera/presentation/bolao/BolaoDetailScreen.kt:939:25: warning: 'typealias Instant = Instant' is deprecated. This type is deprecated in favor of `kotlin.time.Instant`.
/Users/pauloricha/StudioProjects/BolaoDaGalera/composeApp/src/commonMain/kotlin/com/lpstudio/bolaodagalera/presentation/bolao/BolaoDetailScreen.kt:949:33: warning: 'typealias Instant = Instant' is deprecated. This type is deprecated in favor of `kotlin.time.Instant`.
/Users/pauloricha/StudioProjects/BolaoDaGalera/composeApp/src/commonMain/kotlin/com/lpstudio/bolaodagalera/presentation/bolao/BolaoDetailScreen.kt:1032:37: warning: 'typealias Instant = Instant' is deprecated. This type is deprecated in favor of `kotlin.time.Instant`.
/Users/pauloricha/StudioProjects/BolaoDaGalera/composeApp/src/commonMain/kotlin/com/lpstudio/bolaodagalera/presentation/bolao/BolaoDetailScreen.kt:1058:29: warning: 'typealias Instant = Instant' is deprecated. This type is deprecated in favor of `kotlin.time.Instant`.
/Users/pauloricha/StudioProjects/BolaoDaGalera/composeApp/src/commonMain/kotlin/com/lpstudio/bolaodagalera/presentation/bolao/BolaoDetailScreen.kt:1254:21: warning: 'typealias Instant = Instant' is deprecated. This type is deprecated in favor of `kotlin.time.Instant`.
/Users/pauloricha/StudioProjects/BolaoDaGalera/composeApp/src/commonMain/kotlin/com/lpstudio/bolaodagalera/presentation/bolao/BolaoDetailScreen.kt:1258:25: warning: 'typealias Instant = Instant' is deprecated. This type is deprecated in favor of `kotlin.time.Instant`.
/Users/pauloricha/StudioProjects/BolaoDaGalera/composeApp/src/commonMain/kotlin/com/lpstudio/bolaodagalera/presentation/bolao/BolaoDetailScreen.kt:1380:37: warning: 'typealias Instant = Instant' is deprecated. This type is deprecated in favor of `kotlin.time.Instant`.
/Users/pauloricha/StudioProjects/BolaoDaGalera/composeApp/src/commonMain/kotlin/com/lpstudio/bolaodagalera/presentation/bolao/BolaoDetailScreen.kt:1760:35: warning: 'val Icons.Filled.KeyboardArrowRight: ImageVector' is deprecated. Use the AutoMirrored version at Icons.AutoMirrored.Filled.KeyboardArrowRight.
/Users/pauloricha/StudioProjects/BolaoDaGalera/composeApp/src/commonMain/kotlin/com/lpstudio/bolaodagalera/presentation/bolao/BolaoDetailScreen.kt:1774:14: warning: 'typealias Instant = Instant' is deprecated. This type is deprecated in favor of `kotlin.time.Instant`.
/Users/pauloricha/StudioProjects/BolaoDaGalera/composeApp/src/commonMain/kotlin/com/lpstudio/bolaodagalera/presentation/bolao/BolaoDetailScreen.kt:1793:24: warning: 'val dayOfMonth: Int' is deprecated. Use the 'day' property instead.
/Users/pauloricha/StudioProjects/BolaoDaGalera/composeApp/src/commonMain/kotlin/com/lpstudio/bolaodagalera/presentation/bolao/BolaoDetailScreen.kt:1985:35: warning: Unnecessary non-null assertion (!!) on a non-null receiver of type 'Prediction'.
/Users/pauloricha/StudioProjects/BolaoDaGalera/composeApp/src/commonMain/kotlin/com/lpstudio/bolaodagalera/presentation/bolao/CreateBolaoScreen.kt:500:57: warning: 'when' is exhaustive so 'else' is redundant here.
/Users/pauloricha/StudioProjects/BolaoDaGalera/composeApp/src/commonMain/kotlin/com/lpstudio/bolaodagalera/presentation/home/HomeScreen.kt:576:31: warning: 'val Icons.Filled.KeyboardArrowRight: ImageVector' is deprecated. Use the AutoMirrored version at Icons.AutoMirrored.Filled.KeyboardArrowRight.
/Users/pauloricha/StudioProjects/BolaoDaGalera/composeApp/src/commonMain/kotlin/com/lpstudio/bolaodagalera/presentation/home/HomeViewModel.kt:11:8: warning: 'typealias Clock = Clock' is deprecated. This type is deprecated in favor of `kotlin.time.Clock`.
/Users/pauloricha/StudioProjects/BolaoDaGalera/composeApp/src/commonMain/kotlin/com/lpstudio/bolaodagalera/presentation/home/HomeViewModel.kt:12:8: warning: 'typealias Instant = Instant' is deprecated. This type is deprecated in favor of `kotlin.time.Instant`.
/Users/pauloricha/StudioProjects/BolaoDaGalera/composeApp/src/commonMain/kotlin/com/lpstudio/bolaodagalera/presentation/home/HomeViewModel.kt:132:25: warning: 'typealias Instant = Instant' is deprecated. This type is deprecated in favor of `kotlin.time.Instant`.
/Users/pauloricha/StudioProjects/BolaoDaGalera/composeApp/src/commonMain/kotlin/com/lpstudio/bolaodagalera/presentation/home/HomeViewModel.kt:134:17: warning: 'typealias Instant = Instant' is deprecated. This type is deprecated in favor of `kotlin.time.Instant`.
/Users/pauloricha/StudioProjects/BolaoDaGalera/composeApp/src/commonMain/kotlin/com/lpstudio/bolaodagalera/presentation/navigation/NavGraph.kt:52:26: warning: 'val LocalLifecycleOwner: ProvidableCompositionLocal<LifecycleOwner>' is deprecated. Moved to lifecycle-runtime-compose library in androidx.lifecycle.compose package.
/Users/pauloricha/StudioProjects/BolaoDaGalera/composeApp/src/commonMain/kotlin/com/lpstudio/bolaodagalera/presentation/ranking/RankingScreen.kt:34:8: warning: 'typealias Instant = Instant' is deprecated. This type is deprecated in favor of `kotlin.time.Instant`.
/Users/pauloricha/StudioProjects/BolaoDaGalera/composeApp/src/commonMain/kotlin/com/lpstudio/bolaodagalera/presentation/ranking/RankingScreen.kt:493:18: warning: 'typealias Instant = Instant' is deprecated. This type is deprecated in favor of `kotlin.time.Instant`.
/Users/pauloricha/StudioProjects/BolaoDaGalera/composeApp/src/commonMain/kotlin/com/lpstudio/bolaodagalera/presentation/ranking/RankingScreen.kt:495:20: warning: 'val dayOfMonth: Int' is deprecated. Use the 'day' property instead.
/Users/pauloricha/StudioProjects/BolaoDaGalera/composeApp/src/commonMain/kotlin/com/lpstudio/bolaodagalera/presentation/ranking/RankingScreen.kt:496:20: warning: 'val monthNumber: Int' is deprecated. Use the 'month' property instead.
/Users/pauloricha/StudioProjects/BolaoDaGalera/composeApp/src/commonMain/kotlin/com/lpstudio/bolaodagalera/presentation/ranking/RankingViewModel.kt:89:56: warning: Unnecessary non-null assertion (!!) on a non-null receiver of type 'Int'.
/Users/pauloricha/StudioProjects/BolaoDaGalera/composeApp/src/commonMain/kotlin/com/lpstudio/bolaodagalera/presentation/ranking/RankingViewModel.kt:90:56: warning: Unnecessary non-null assertion (!!) on a non-null receiver of type 'Int'.
/Users/pauloricha/StudioProjects/BolaoDaGalera/composeApp/src/commonMain/kotlin/com/lpstudio/bolaodagalera/presentation/ranking/RankingViewModel.kt:135:40: warning: Unnecessary non-null assertion (!!) on a non-null receiver of type 'Int'.
/Users/pauloricha/StudioProjects/BolaoDaGalera/composeApp/src/commonMain/kotlin/com/lpstudio/bolaodagalera/presentation/ranking/RankingViewModel.kt:136:40: warning: Unnecessary non-null assertion (!!) on a non-null receiver of type 'Int'.
/Users/pauloricha/StudioProjects/BolaoDaGalera/composeApp/src/commonMain/kotlin/com/lpstudio/bolaodagalera/util/TimeSource.kt:3:1: warning: 'expect'/'actual' classes (including interfaces, objects, annotations, enums, and 'actual' typealiases) are in Beta. Consider using the '-Xexpect-actual-classes' flag to suppress this warning. Also see: https://youtrack.jetbrains.com/issue/KT-61573
/Users/pauloricha/StudioProjects/BolaoDaGalera/composeApp/src/iosMain/kotlin/com/lpstudio/bolaodagalera/util/TimeSource.kt:6:1: warning: 'expect'/'actual' classes (including interfaces, objects, annotations, enums, and 'actual' typealiases) are in Beta. Consider using the '-Xexpect-actual-classes' flag to suppress this warning. Also see: https://youtrack.jetbrains.com/issue/KT-61573

> Task :composeApp:linkPodDebugFrameworkIosSimulatorArm64
warning: Cannot infer a bundle ID from packages of source files and exported dependencies, use the bundle name instead: ComposeApp. Please specify the bundle ID explicitly using the -Xbinary=bundleId=<id> compiler flag.
note: <dev.gitlive:firebase-config> @ /Users/runner/work/firebase-kotlin-sdk/firebase-kotlin-sdk/firebase-config/src/commonMain/kotlin/dev/gitlive/firebase/remoteconfig/FirebaseRemoteConfigInfo.kt:6:43: Constructor 'FirebaseRemoteConfigInfo.<init>' uses unlinked class symbol 'kotlinx.datetime/Instant|null[0]'
note: <dev.gitlive:firebase-config> @ /Users/runner/work/firebase-kotlin-sdk/firebase-kotlin-sdk/firebase-config/src/commonMain/kotlin/dev/gitlive/firebase/remoteconfig/FirebaseRemoteConfigInfo.kt:21:5: Property accessor 'fetchTime.<get-fetchTime>' uses unlinked class symbol 'kotlinx.datetime/Instant|null[0]'
note: <dev.gitlive:firebase-config> @ /Users/runner/work/firebase-kotlin-sdk/firebase-kotlin-sdk/firebase-config/src/commonMain/kotlin/dev/gitlive/firebase/remoteconfig/FirebaseRemoteConfigInfo.kt: Function 'component2' uses unlinked class symbol 'kotlinx.datetime/Instant|null[0]'
note: <dev.gitlive:firebase-config> @ /Users/runner/work/firebase-kotlin-sdk/firebase-kotlin-sdk/firebase-config/src/commonMain/kotlin/dev/gitlive/firebase/remoteconfig/FirebaseRemoteConfigInfo.kt: Function 'copy' uses unlinked class symbol 'kotlinx.datetime/Instant|null[0]'

> Task :composeApp:syncFramework

[Incubating] Problems report is available at: file:///Users/pauloricha/StudioProjects/BolaoDaGalera/build/reports/problems/problems-report.html

BUILD SUCCESSFUL in 8m 10s
36 actionable tasks: 16 executed, 20 up-to-date
Configuration cache entry stored.


ProcessInfoPlistFile /Users/pauloricha/Library/Developer/Xcode/DerivedData/iosApp-cynwljdxdnoqyxhdtywpdbpkuabz/Build/Products/Debug-iphonesimulator/Pods_iosApp.framework/Info.plist /Users/pauloricha/StudioProjects/BolaoDaGalera/iosApp/Pods/Target\ Support\ Files/Pods-iosApp/Pods-iosApp-Info.plist (in target 'Pods-iosApp' from project 'Pods')
    cd /Users/pauloricha/StudioProjects/BolaoDaGalera/iosApp/Pods
    builtin-infoPlistUtility /Users/pauloricha/StudioProjects/BolaoDaGalera/iosApp/Pods/Target\ Support\ Files/Pods-iosApp/Pods-iosApp-Info.plist -producttype com.apple.product-type.framework -expandbuildsettings -format binary -platform iphonesimulator -o /Users/pauloricha/Library/Developer/Xcode/DerivedData/iosApp-cynwljdxdnoqyxhdtywpdbpkuabz/Build/Products/Debug-iphonesimulator/Pods_iosApp.framework/Info.plist

PhaseScriptExecution [CP]\ Check\ Pods\ Manifest.lock /Users/pauloricha/Library/Developer/Xcode/DerivedData/iosApp-cynwljdxdnoqyxhdtywpdbpkuabz/Build/Intermediates.noindex/iosApp.build/Debug-iphonesimulator/iosApp.build/Script-18CEB5978036D90333D86F0B.sh (in target 'iosApp' from project 'iosApp')
    cd /Users/pauloricha/StudioProjects/BolaoDaGalera/iosApp
    /bin/sh -c /Users/pauloricha/Library/Developer/Xcode/DerivedData/iosApp-cynwljdxdnoqyxhdtywpdbpkuabz/Build/Intermediates.noindex/iosApp.build/Debug-iphonesimulator/iosApp.build/Script-18CEB5978036D90333D86F0B.sh

PhaseScriptExecution Compile\ Kotlin\ Framework /Users/pauloricha/Library/Developer/Xcode/DerivedData/iosApp-cynwljdxdnoqyxhdtywpdbpkuabz/Build/Intermediates.noindex/iosApp.build/Debug-iphonesimulator/iosApp.build/Script-5C463E56138C17C857BD7322.sh (in target 'iosApp' from project 'iosApp')
    cd /Users/pauloricha/StudioProjects/BolaoDaGalera/iosApp
    export ACTION\=build
    export AD_HOC_CODE_SIGNING_ALLOWED\=YES
    export AGGREGATE_TRACKED_DOMAINS\=YES
    export ALLOW_BUILD_REQUEST_OVERRIDES\=NO
    export ALLOW_TARGET_PLATFORM_SPECIALIZATION\=NO
    export ALTERNATE_GROUP\=staff
    export ALTERNATE_MODE\=u+w,go-w,a+rX
    export ALTERNATE_OWNER\=pauloricha
    export ALTERNATIVE_DISTRIBUTION_WEB\=NO
    export ALWAYS_EMBED_SWIFT_STANDARD_LIBRARIES\=YES
    export ALWAYS_SEARCH_USER_PATHS\=NO
    export ALWAYS_USE_SEPARATE_HEADERMAPS\=NO
    export APPLICATION_EXTENSION_API_ONLY\=NO
    export APPLY_RULES_IN_COPY_FILES\=NO
    export APPLY_RULES_IN_COPY_HEADERS\=NO
    export APP_SHORTCUTS_ENABLE_FLEXIBLE_MATCHING\=YES
    export ARCHS\=arm64
    export ARCHS_BASE\=arm64
    export ARCHS_STANDARD\=arm64\ x86_64
    export ARCHS_STANDARD_32_64_BIT\=arm64\ x86_64
    export ARCHS_STANDARD_64_BIT\=arm64\ x86_64
    export ARCHS_STANDARD_INCLUDING_64_BIT\=arm64\ x86_64
    export ARCHS_UNIVERSAL_IPHONE_OS\=arm64\ x86_64
    export ASSETCATALOG_COMPILER_APPICON_NAME\=AppIcon
    export ASSETCATALOG_COMPILER_GENERATE_SWIFT_ASSET_SYMBOL_EXTENSIONS\=YES
    export ASSETCATALOG_COMPILER_GLOBAL_ACCENT_COLOR_NAME\=AccentColor
    export ASSETCATALOG_FILTER_FOR_DEVICE_MODEL\=iPhone18,1
    export ASSETCATALOG_FILTER_FOR_DEVICE_OS_VERSION\=26.5
    export ASSETCATALOG_FILTER_FOR_THINNING_DEVICE_CONFIGURATION\=iPhone18,1
    export AUTOMATICALLY_MERGE_DEPENDENCIES\=NO
    export AUTOMATION_APPLE_EVENTS\=NO
    export AVAILABLE_PLATFORMS\=android\ appletvos\ appletvsimulator\ driverkit\ freebsd\ iphoneos\ iphonesimulator\ linux\ macosx\ none\ openbsd\ qnx\ watchos\ watchsimulator\ webassembly\ xros\ xrsimulator
    export AppIdentifierPrefix\=FAKETEAMID.
    export BUILD_ACTIVE_RESOURCES_ONLY\=YES
    export BUILD_COMPONENTS\=headers\ build
    export BUILD_DIR\=/Users/pauloricha/Library/Developer/Xcode/DerivedData/iosApp-cynwljdxdnoqyxhdtywpdbpkuabz/Build/Products
    export BUILD_LIBRARY_FOR_DISTRIBUTION\=NO
    export BUILD_ONLY_KNOWN_LOCALIZATIONS\=NO
    export BUILD_ROOT\=/Users/pauloricha/Library/Developer/Xcode/DerivedData/iosApp-cynwljdxdnoqyxhdtywpdbpkuabz/Build/Products
    export BUILD_STYLE\=
    export BUILD_VARIANTS\=normal
    export BUILT_PRODUCTS_DIR\=/Users/pauloricha/Library/Developer/Xcode/DerivedData/iosApp-cynwljdxdnoqyxhdtywpdbpkuabz/Build/Products/Debug-iphonesimulator
    export BUNDLE_CONTENTS_FOLDER_PATH_deep\=Contents/
    export BUNDLE_EXECUTABLE_FOLDER_NAME_deep\=MacOS
    export BUNDLE_EXTENSIONS_FOLDER_PATH\=Extensions
    export BUNDLE_FORMAT\=shallow
    export BUNDLE_FRAMEWORKS_FOLDER_PATH\=Frameworks
    export BUNDLE_PLUGINS_FOLDER_PATH\=PlugIns
    export BUNDLE_PRIVATE_HEADERS_FOLDER_PATH\=PrivateHeaders
    export BUNDLE_PUBLIC_HEADERS_FOLDER_PATH\=Headers
    export CACHE_ROOT\=/var/folders/4r/3rcf_fc95ll948ycc5r4nl_r0000gn/C/com.apple.DeveloperTools/26.6-17F113/Xcode
    export CCHROOT\=/var/folders/4r/3rcf_fc95ll948ycc5r4nl_r0000gn/C/com.apple.DeveloperTools/26.6-17F113/Xcode
    export CHMOD\=/bin/chmod
    export CHOWN\=chown
    export CLANG_ANALYZER_NONNULL\=YES
    export CLANG_ANALYZER_NUMBER_OBJECT_CONVERSION\=YES_AGGRESSIVE
    export CLANG_CACHE_FINE_GRAINED_OUTPUTS\=YES
    export CLANG_CXX_LANGUAGE_STANDARD\=gnu++20
    export CLANG_ENABLE_EXPLICIT_MODULES\=YES
    export CLANG_ENABLE_MODULES\=YES
    export CLANG_ENABLE_OBJC_ARC\=YES
    export CLANG_ENABLE_OBJC_WEAK\=YES
    export CLANG_MODULES_BUILD_SESSION_FILE\=/Users/pauloricha/Library/Developer/Xcode/DerivedData/ModuleCache.noindex/Session.modulevalidation
    export CLANG_WARN_BLOCK_CAPTURE_AUTORELEASING\=YES
    export CLANG_WARN_BOOL_CONVERSION\=YES
    export CLANG_WARN_COMMA\=YES
    export CLANG_WARN_CONSTANT_CONVERSION\=YES
    export CLANG_WARN_DEPRECATED_OBJC_IMPLEMENTATIONS\=YES
    export CLANG_WARN_DIRECT_OBJC_ISA_USAGE\=YES_ERROR
    export CLANG_WARN_DOCUMENTATION_COMMENTS\=YES
    export CLANG_WARN_EMPTY_BODY\=YES
    export CLANG_WARN_ENUM_CONVERSION\=YES
    export CLANG_WARN_INFINITE_RECURSION\=YES
    export CLANG_WARN_INT_CONVERSION\=YES
    export CLANG_WARN_NON_LITERAL_NULL_CONVERSION\=YES
    export CLANG_WARN_OBJC_IMPLICIT_RETAIN_SELF\=YES
    export CLANG_WARN_OBJC_LITERAL_CONVERSION\=YES
    export CLANG_WARN_OBJC_ROOT_CLASS\=YES_ERROR
    export CLANG_WARN_QUOTED_INCLUDE_IN_FRAMEWORK_HEADER\=NO
    export CLANG_WARN_RANGE_LOOP_ANALYSIS\=YES
    export CLANG_WARN_STRICT_PROTOTYPES\=YES
    export CLANG_WARN_SUSPICIOUS_MOVE\=YES
    export CLANG_WARN_UNGUARDED_AVAILABILITY\=YES_AGGRESSIVE
    export CLANG_WARN_UNREACHABLE_CODE\=YES
    export CLANG_WARN__DUPLICATE_METHOD_MATCH\=YES
    export CLASS_FILE_DIR\=/Users/pauloricha/Library/Developer/Xcode/DerivedData/iosApp-cynwljdxdnoqyxhdtywpdbpkuabz/Build/Intermediates.noindex/iosApp.build/Debug-iphonesimulator/iosApp.build/JavaClasses
    export CLEAN_PRECOMPS\=YES
    export CLONE_HEADERS\=NO
    export CODESIGNING_FOLDER_PATH\=/Users/pauloricha/Library/Developer/Xcode/DerivedData/iosApp-cynwljdxdnoqyxhdtywpdbpkuabz/Build/Products/Debug-iphonesimulator/BolaoDaGalera.app
    export CODE_SIGNING_ALLOWED\=YES
    export CODE_SIGNING_REQUIRED\=YES
    export CODE_SIGN_CONTEXT_CLASS\=XCiPhoneSimulatorCodeSignContext
    export CODE_SIGN_IDENTITY\=Apple\ Development
    export CODE_SIGN_INJECT_BASE_ENTITLEMENTS\=YES
    export CODE_SIGN_STYLE\=Manual
    export COLOR_DIAGNOSTICS\=NO
    export COMBINE_HIDPI_IMAGES\=NO
    export COMPILATION_CACHE_CAS_PATH\=/Users/pauloricha/Library/Developer/Xcode/DerivedData/CompilationCache.noindex
    export COMPILATION_CACHE_KEEP_CAS_DIRECTORY\=YES
    export COMPILER_INDEX_STORE_ENABLE\=Default
    export COMPOSITE_SDK_DIRS\=/Users/pauloricha/Library/Developer/Xcode/DerivedData/iosApp-cynwljdxdnoqyxhdtywpdbpkuabz/Build/Intermediates.noindex/CompositeSDKs
    export COMPRESS_PNG_FILES\=YES
    export CONFIGURATION\=Debug
    export CONFIGURATION_BUILD_DIR\=/Users/pauloricha/Library/Developer/Xcode/DerivedData/iosApp-cynwljdxdnoqyxhdtywpdbpkuabz/Build/Products/Debug-iphonesimulator
    export CONFIGURATION_TEMP_DIR\=/Users/pauloricha/Library/Developer/Xcode/DerivedData/iosApp-cynwljdxdnoqyxhdtywpdbpkuabz/Build/Intermediates.noindex/iosApp.build/Debug-iphonesimulator
    export CONTENTS_FOLDER_PATH\=BolaoDaGalera.app
    export CONTENTS_FOLDER_PATH_SHALLOW_BUNDLE_NO\=BolaoDaGalera.app/Contents
    export CONTENTS_FOLDER_PATH_SHALLOW_BUNDLE_YES\=BolaoDaGalera.app
    export COPYING_PRESERVES_HFS_DATA\=NO
    export COPY_HEADERS_RUN_UNIFDEF\=NO
    export COPY_PHASE_STRIP\=NO
    export CORRESPONDING_DEVICE_PLATFORM_DIR\=/Applications/Xcode.app/Contents/Developer/Platforms/iPhoneOS.platform
    export CORRESPONDING_DEVICE_PLATFORM_NAME\=iphoneos
    export CORRESPONDING_DEVICE_SDK_DIR\=/Applications/Xcode.app/Contents/Developer/Platforms/iPhoneOS.platform/Developer/SDKs/iPhoneOS26.5.sdk
    export CORRESPONDING_DEVICE_SDK_NAME\=iphoneos26.5
    export CP\=/bin/cp
    export CREATE_INFOPLIST_SECTION_IN_BINARY\=NO
    export CURRENT_ARCH\=undefined_arch
    export CURRENT_PROJECT_VERSION\=22
    export CURRENT_VARIANT\=normal
    export DEAD_CODE_STRIPPING\=YES
    export DEBUGGING_SYMBOLS\=YES
    export DEBUG_INFORMATION_FORMAT\=dwarf
    export DEBUG_INFORMATION_VERSION\=compiler-default
    export DEFAULT_COMPILER\=com.apple.compilers.llvm.clang.1_0
    export DEFAULT_DEXT_INSTALL_PATH\=/System/Library/DriverExtensions
    export DEFAULT_KEXT_INSTALL_PATH\=/System/Library/Extensions
    export DEFINES_MODULE\=NO
    export DEPLOYMENT_LOCATION\=NO
    export DEPLOYMENT_POSTPROCESSING\=NO
    export DEPLOYMENT_TARGET_SETTING_NAME\=IPHONEOS_DEPLOYMENT_TARGET
    export DEPLOYMENT_TARGET_SUGGESTED_VALUES\=12.0\ 12.1\ 12.2\ 12.3\ 12.4\ 13.0\ 13.1\ 13.2\ 13.3\ 13.4\ 13.5\ 13.6\ 14.0\ 14.1\ 14.2\ 14.3\ 14.4\ 14.5\ 14.6\ 14.7\ 15.0\ 15.1\ 15.2\ 15.3\ 15.4\ 15.5\ 15.6\ 16.0\ 16.1\ 16.2\ 16.3\ 16.4\ 16.5\ 16.6\ 17.0\ 17.1\ 17.2\ 17.3\ 17.4\ 17.5\ 17.6\ 18.0\ 18.1\ 18.2\ 18.3\ 18.4\ 18.5\ 18.6\ 26.0\ 26.2\ 26.3\ 26.4\ 26.5
    export DERIVED_FILES_DIR\=/Users/pauloricha/Library/Developer/Xcode/DerivedData/iosApp-cynwljdxdnoqyxhdtywpdbpkuabz/Build/Intermediates.noindex/iosApp.build/Debug-iphonesimulator/iosApp.build/DerivedSources
    export DERIVED_FILE_DIR\=/Users/pauloricha/Library/Developer/Xcode/DerivedData/iosApp-cynwljdxdnoqyxhdtywpdbpkuabz/Build/Intermediates.noindex/iosApp.build/Debug-iphonesimulator/iosApp.build/DerivedSources
    export DERIVED_SOURCES_DIR\=/Users/pauloricha/Library/Developer/Xcode/DerivedData/iosApp-cynwljdxdnoqyxhdtywpdbpkuabz/Build/Intermediates.noindex/iosApp.build/Debug-iphonesimulator/iosApp.build/DerivedSources
    export DEVELOPER_APPLICATIONS_DIR\=/Applications/Xcode.app/Contents/Developer/Applications
    export DEVELOPER_BIN_DIR\=/Applications/Xcode.app/Contents/Developer/usr/bin
    export DEVELOPER_DIR\=/Applications/Xcode.app/Contents/Developer
    export DEVELOPER_FRAMEWORKS_DIR\=/Applications/Xcode.app/Contents/Developer/Library/Frameworks
    export DEVELOPER_FRAMEWORKS_DIR_QUOTED\=/Applications/Xcode.app/Contents/Developer/Library/Frameworks
    export DEVELOPER_LIBRARY_DIR\=/Applications/Xcode.app/Contents/Developer/Library
    export DEVELOPER_SDK_DIR\=/Applications/Xcode.app/Contents/Developer/Platforms/MacOSX.platform/Developer/SDKs
    export DEVELOPER_TOOLS_DIR\=/Applications/Xcode.app/Contents/Developer/Tools
    export DEVELOPER_USR_DIR\=/Applications/Xcode.app/Contents/Developer/usr
    export DEVELOPMENT_ASSET_PATHS\=\"iosApp/Preview\ Content\"
    export DEVELOPMENT_LANGUAGE\=en
    export DIAGNOSE_MISSING_TARGET_DEPENDENCIES\=YES
    export DIFF\=/usr/bin/diff
    export DOCUMENTATION_FOLDER_PATH\=BolaoDaGalera.app/en.lproj/Documentation
    export DONT_GENERATE_INFOPLIST_FILE\=NO
    export DSTROOT\=/tmp/iosApp.dst
    export DT_TOOLCHAIN_DIR\=/Applications/Xcode.app/Contents/Developer/Toolchains/XcodeDefault.xctoolchain
    export DUMP_DEPENDENCIES\=NO
    export DUMP_DEPENDENCIES_OUTPUT_PATH\=/Users/pauloricha/Library/Developer/Xcode/DerivedData/iosApp-cynwljdxdnoqyxhdtywpdbpkuabz/Build/Intermediates.noindex/iosApp.build/Debug-iphonesimulator/iosApp.build/iosApp-BuildDependencyInfo.json
    export DWARF_DSYM_FILE_NAME\=BolaoDaGalera.app.dSYM
    export DWARF_DSYM_FILE_SHOULD_ACCOMPANY_PRODUCT\=NO
    export DWARF_DSYM_FOLDER_PATH\=/Users/pauloricha/Library/Developer/Xcode/DerivedData/iosApp-cynwljdxdnoqyxhdtywpdbpkuabz/Build/Products/Debug-iphonesimulator
    export DYNAMIC_LIBRARY_EXTENSION\=dylib
    export EAGER_COMPILATION_ALLOW_SCRIPTS\=NO
    export EAGER_LINKING\=NO
    export EFFECTIVE_PLATFORM_NAME\=-iphonesimulator
    export EFFECTIVE_SWIFT_VERSION\=5
    export EMBEDDED_CONTENT_CONTAINS_SWIFT\=NO
    export EMBED_ASSET_PACKS_IN_PRODUCT_BUNDLE\=NO
    export ENABLE_APP_SANDBOX\=NO
    export ENABLE_CODE_COVERAGE\=YES
    export ENABLE_COHORT_ARCHS\=NO
    export ENABLE_CPLUSPLUS_BOUNDS_SAFE_BUFFERS\=NO
    export ENABLE_C_BOUNDS_SAFETY\=NO
    export ENABLE_DEBUG_DYLIB\=YES
    export ENABLE_DEFAULT_HEADER_SEARCH_PATHS\=YES
    export ENABLE_DEFAULT_SEARCH_PATHS\=YES
    export ENABLE_ENHANCED_SECURITY\=NO
    export ENABLE_HARDENED_RUNTIME\=NO
    export ENABLE_HEADER_DEPENDENCIES\=YES
    export ENABLE_INCOMING_NETWORK_CONNECTIONS\=NO
    export ENABLE_ON_DEMAND_RESOURCES\=YES
    export ENABLE_OUTGOING_NETWORK_CONNECTIONS\=NO
    export ENABLE_POINTER_AUTHENTICATION\=NO
    export ENABLE_PREVIEWS\=NO
    export ENABLE_RESOURCE_ACCESS_AUDIO_INPUT\=NO
    export ENABLE_RESOURCE_ACCESS_BLUETOOTH\=NO
    export ENABLE_RESOURCE_ACCESS_CALENDARS\=NO
    export ENABLE_RESOURCE_ACCESS_CAMERA\=NO
    export ENABLE_RESOURCE_ACCESS_CONTACTS\=NO
    export ENABLE_RESOURCE_ACCESS_LOCATION\=NO
    export ENABLE_RESOURCE_ACCESS_PHOTO_LIBRARY\=NO
    export ENABLE_RESOURCE_ACCESS_PRINTING\=NO
    export ENABLE_RESOURCE_ACCESS_USB\=NO
    export ENABLE_SDK_IMPORTS\=NO
    export ENABLE_SECURITY_COMPILER_WARNINGS\=NO
    export ENABLE_STRICT_OBJC_MSGSEND\=YES
    export ENABLE_TESTABILITY\=YES
    export ENABLE_TESTING_SEARCH_PATHS\=NO
    export ENABLE_USER_SCRIPT_SANDBOXING\=NO
    export ENABLE_XOJIT_PREVIEWS\=YES
    export ENFORCE_VALID_ARCHS\=YES
    export ENTITLEMENTS_ALLOWED\=NO
    export ENTITLEMENTS_DESTINATION\=__entitlements
    export ENTITLEMENTS_REQUIRED\=NO
    export EXCLUDED_INSTALLSRC_SUBDIRECTORY_PATTERNS\=.DS_Store\ .svn\ .git\ .hg\ CVS
    export EXCLUDED_RECURSIVE_SEARCH_PATH_SUBDIRECTORIES\=\*.nib\ \*.lproj\ \*.framework\ \*.gch\ \*.xcode\*\ \*.xcassets\ \*.icon\ \(\*\)\ .DS_Store\ CVS\ .svn\ .git\ .hg\ \*.pbproj\ \*.pbxproj
    export EXECUTABLES_FOLDER_PATH\=BolaoDaGalera.app/Executables
    export EXECUTABLE_BLANK_INJECTION_DYLIB_PATH\=BolaoDaGalera.app/__preview.dylib
    export EXECUTABLE_DEBUG_DYLIB_INSTALL_NAME\=@rpath/BolaoDaGalera.debug.dylib
    export EXECUTABLE_DEBUG_DYLIB_PATH\=BolaoDaGalera.app/BolaoDaGalera.debug.dylib
    export EXECUTABLE_FOLDER_PATH\=BolaoDaGalera.app
    export EXECUTABLE_FOLDER_PATH_SHALLOW_BUNDLE_NO\=BolaoDaGalera.app/MacOS
    export EXECUTABLE_FOLDER_PATH_SHALLOW_BUNDLE_YES\=BolaoDaGalera.app
    export EXECUTABLE_NAME\=BolaoDaGalera
    export EXECUTABLE_PATH\=BolaoDaGalera.app/BolaoDaGalera
    export EXPANDED_CODE_SIGN_IDENTITY\=-
    export EXPANDED_CODE_SIGN_IDENTITY_NAME\=Sign\ to\ Run\ Locally
    export EXTENSIONS_FOLDER_PATH\=BolaoDaGalera.app/Extensions
    export FILE_LIST\=/Users/pauloricha/Library/Developer/Xcode/DerivedData/iosApp-cynwljdxdnoqyxhdtywpdbpkuabz/Build/Intermediates.noindex/iosApp.build/Debug-iphonesimulator/iosApp.build/Objects/LinkFileList
    export FIXED_FILES_DIR\=/Users/pauloricha/Library/Developer/Xcode/DerivedData/iosApp-cynwljdxdnoqyxhdtywpdbpkuabz/Build/Intermediates.noindex/iosApp.build/Debug-iphonesimulator/iosApp.build/FixedFiles
    export FRAMEWORKS_FOLDER_PATH\=BolaoDaGalera.app/Frameworks
    export FRAMEWORK_FLAG_PREFIX\=-framework
    export FRAMEWORK_SEARCH_PATHS\=/Users/pauloricha/Library/Developer/Xcode/DerivedData/iosApp-cynwljdxdnoqyxhdtywpdbpkuabz/Build/Products/Debug-iphonesimulator\ \ \"/Users/pauloricha/Library/Developer/Xcode/DerivedData/iosApp-cynwljdxdnoqyxhdtywpdbpkuabz/Build/Products/Debug-iphonesimulator/BoringSSL-GRPC\"\ \"/Users/pauloricha/Library/Developer/Xcode/DerivedData/iosApp-cynwljdxdnoqyxhdtywpdbpkuabz/Build/Products/Debug-iphonesimulator/FirebaseABTesting\"\ \"/Users/pauloricha/Library/Developer/Xcode/DerivedData/iosApp-cynwljdxdnoqyxhdtywpdbpkuabz/Build/Products/Debug-iphonesimulator/FirebaseAppCheckInterop\"\ \"/Users/pauloricha/Library/Developer/Xcode/DerivedData/iosApp-cynwljdxdnoqyxhdtywpdbpkuabz/Build/Products/Debug-iphonesimulator/FirebaseAuth\"\ \"/Users/pauloricha/Library/Developer/Xcode/DerivedData/iosApp-cynwljdxdnoqyxhdtywpdbpkuabz/Build/Products/Debug-iphonesimulator/FirebaseAuthInterop\"\ \"/Users/pauloricha/Library/Developer/Xcode/DerivedData/iosApp-cynwljdxdnoqyxhdtywpdbpkuabz/Build/Products/Debug-iphonesimulator/FirebaseCore\"\ \"/Users/pauloricha/Library/Developer/Xcode/DerivedData/iosApp-cynwljdxdnoqyxhdtywpdbpkuabz/Build/Products/Debug-iphonesimulator/FirebaseCoreExtension\"\ \"/Users/pauloricha/Library/Developer/Xcode/DerivedData/iosApp-cynwljdxdnoqyxhdtywpdbpkuabz/Build/Products/Debug-iphonesimulator/FirebaseCoreInternal\"\ \"/Users/pauloricha/Library/Developer/Xcode/DerivedData/iosApp-cynwljdxdnoqyxhdtywpdbpkuabz/Build/Products/Debug-iphonesimulator/FirebaseFirestore\"\ \"/Users/pauloricha/Library/Developer/Xcode/DerivedData/iosApp-cynwljdxdnoqyxhdtywpdbpkuabz/Build/Products/Debug-iphonesimulator/FirebaseFirestoreInternal\"\ \"/Users/pauloricha/Library/Developer/Xcode/DerivedData/iosApp-cynwljdxdnoqyxhdtywpdbpkuabz/Build/Products/Debug-iphonesimulator/FirebaseInstallations\"\ \"/Users/pauloricha/Library/Developer/Xcode/DerivedData/iosApp-cynwljdxdnoqyxhdtywpdbpkuabz/Build/Products/Debug-iphonesimulator/FirebaseRemoteConfig\"\ \"/Users/pauloricha/Library/Developer/Xcode/DerivedData/iosApp-cynwljdxdnoqyxhdtywpdbpkuabz/Build/Products/Debug-iphonesimulator/FirebaseRemoteConfigInterop\"\ \"/Users/pauloricha/Library/Developer/Xcode/DerivedData/iosApp-cynwljdxdnoqyxhdtywpdbpkuabz/Build/Products/Debug-iphonesimulator/FirebaseSharedSwift\"\ \"/Users/pauloricha/Library/Developer/Xcode/DerivedData/iosApp-cynwljdxdnoqyxhdtywpdbpkuabz/Build/Products/Debug-iphonesimulator/GTMSessionFetcher\"\ \"/Users/pauloricha/Library/Developer/Xcode/DerivedData/iosApp-cynwljdxdnoqyxhdtywpdbpkuabz/Build/Products/Debug-iphonesimulator/GoogleUtilities\"\ \"/Users/pauloricha/Library/Developer/Xcode/DerivedData/iosApp-cynwljdxdnoqyxhdtywpdbpkuabz/Build/Products/Debug-iphonesimulator/PromisesObjC\"\ \"/Users/pauloricha/Library/Developer/Xcode/DerivedData/iosApp-cynwljdxdnoqyxhdtywpdbpkuabz/Build/Products/Debug-iphonesimulator/RecaptchaInterop\"\ \"/Users/pauloricha/Library/Developer/Xcode/DerivedData/iosApp-cynwljdxdnoqyxhdtywpdbpkuabz/Build/Products/Debug-iphonesimulator/abseil\"\ \"/Users/pauloricha/Library/Developer/Xcode/DerivedData/iosApp-cynwljdxdnoqyxhdtywpdbpkuabz/Build/Products/Debug-iphonesimulator/gRPC-C++\"\ \"/Users/pauloricha/Library/Developer/Xcode/DerivedData/iosApp-cynwljdxdnoqyxhdtywpdbpkuabz/Build/Products/Debug-iphonesimulator/gRPC-Core\"\ \"/Users/pauloricha/Library/Developer/Xcode/DerivedData/iosApp-cynwljdxdnoqyxhdtywpdbpkuabz/Build/Products/Debug-iphonesimulator/leveldb-library\"\ \"/Users/pauloricha/Library/Developer/Xcode/DerivedData/iosApp-cynwljdxdnoqyxhdtywpdbpkuabz/Build/Products/Debug-iphonesimulator/nanopb\"\ \"/Users/pauloricha/StudioProjects/BolaoDaGalera/iosApp/Pods/../../composeApp/build/cocoapods/framework\"
    export FRAMEWORK_VERSION\=A
    export FULL_PRODUCT_NAME\=BolaoDaGalera.app
    export FUSE_BUILD_PHASES\=YES
    export FUSE_BUILD_SCRIPT_PHASES\=NO
    export GCC3_VERSION\=3.3
    export GCC_C_LANGUAGE_STANDARD\=gnu17
    export GCC_DYNAMIC_NO_PIC\=NO
    export GCC_INLINES_ARE_PRIVATE_EXTERN\=YES
    export GCC_NO_COMMON_BLOCKS\=YES
    export GCC_OBJC_LEGACY_DISPATCH\=YES
    export GCC_OPTIMIZATION_LEVEL\=0
    export GCC_PFE_FILE_C_DIALECTS\=c\ objective-c\ c++\ objective-c++
    export GCC_PREPROCESSOR_DEFINITIONS\=DEBUG\=1\ \ COCOAPODS\=1\ DEBUG\=1\ \ PB_FIELD_32BIT\=1\ PB_NO_PACKED_STRUCTS\=1\ PB_ENABLE_MALLOC\=1
    export GCC_SYMBOLS_PRIVATE_EXTERN\=NO
    export GCC_TREAT_WARNINGS_AS_ERRORS\=NO
    export GCC_VERSION\=com.apple.compilers.llvm.clang.1_0
    export GCC_VERSION_IDENTIFIER\=com_apple_compilers_llvm_clang_1_0
    export GCC_WARN_64_TO_32_BIT_CONVERSION\=YES
    export GCC_WARN_ABOUT_RETURN_TYPE\=YES_ERROR
    export GCC_WARN_UNDECLARED_SELECTOR\=YES
    export GCC_WARN_UNINITIALIZED_AUTOS\=YES_AGGRESSIVE
    export GCC_WARN_UNUSED_FUNCTION\=YES
    export GCC_WARN_UNUSED_VARIABLE\=YES
    export GENERATED_MODULEMAP_DIR\=/Users/pauloricha/Library/Developer/Xcode/DerivedData/iosApp-cynwljdxdnoqyxhdtywpdbpkuabz/Build/Intermediates.noindex/GeneratedModuleMaps-iphonesimulator
    export GENERATE_INFOPLIST_FILE\=YES
    export GENERATE_INTERMEDIATE_TEXT_BASED_STUBS\=YES
    export GENERATE_PKGINFO_FILE\=YES
    export GENERATE_PRELINK_OBJECT_FILE\=NO
    export GENERATE_PROFILING_CODE\=NO
    export GENERATE_TEXT_BASED_STUBS\=NO
    export GID\=20
    export GROUP\=staff
    export HEADERMAP_INCLUDES_FLAT_ENTRIES_FOR_TARGET_BEING_BUILT\=YES
    export HEADERMAP_INCLUDES_FRAMEWORK_ENTRIES_FOR_ALL_PRODUCT_TYPES\=YES
    export HEADERMAP_INCLUDES_FRAMEWORK_ENTRIES_FOR_TARGETS_NOT_BEING_BUILT\=YES
    export HEADERMAP_INCLUDES_NONPUBLIC_NONPRIVATE_HEADERS\=YES
    export HEADERMAP_INCLUDES_PROJECT_HEADERS\=YES
    export HEADERMAP_USES_FRAMEWORK_PREFIX_ENTRIES\=YES
    export HEADERMAP_USES_VFS\=NO
    export HEADER_SEARCH_PATHS\=/Users/pauloricha/Library/Developer/Xcode/DerivedData/iosApp-cynwljdxdnoqyxhdtywpdbpkuabz/Build/Products/Debug-iphonesimulator/include\ \ \"/Users/pauloricha/Library/Developer/Xcode/DerivedData/iosApp-cynwljdxdnoqyxhdtywpdbpkuabz/Build/Products/Debug-iphonesimulator/BoringSSL-GRPC/openssl_grpc.framework/Headers\"\ \"/Users/pauloricha/Library/Developer/Xcode/DerivedData/iosApp-cynwljdxdnoqyxhdtywpdbpkuabz/Build/Products/Debug-iphonesimulator/FirebaseABTesting/FirebaseABTesting.framework/Headers\"\ \"/Users/pauloricha/Library/Developer/Xcode/DerivedData/iosApp-cynwljdxdnoqyxhdtywpdbpkuabz/Build/Products/Debug-iphonesimulator/FirebaseAppCheckInterop/FirebaseAppCheckInterop.framework/Headers\"\ \"/Users/pauloricha/Library/Developer/Xcode/DerivedData/iosApp-cynwljdxdnoqyxhdtywpdbpkuabz/Build/Products/Debug-iphonesimulator/FirebaseAuth/FirebaseAuth.framework/Headers\"\ \"/Users/pauloricha/Library/Developer/Xcode/DerivedData/iosApp-cynwljdxdnoqyxhdtywpdbpkuabz/Build/Products/Debug-iphonesimulator/FirebaseAuthInterop/FirebaseAuthInterop.framework/Headers\"\ \"/Users/pauloricha/Library/Developer/Xcode/DerivedData/iosApp-cynwljdxdnoqyxhdtywpdbpkuabz/Build/Products/Debug-iphonesimulator/FirebaseCore/FirebaseCore.framework/Headers\"\ \"/Users/pauloricha/Library/Developer/Xcode/DerivedData/iosApp-cynwljdxdnoqyxhdtywpdbpkuabz/Build/Products/Debug-iphonesimulator/FirebaseCoreExtension/FirebaseCoreExtension.framework/Headers\"\ \"/Users/pauloricha/Library/Developer/Xcode/DerivedData/iosApp-cynwljdxdnoqyxhdtywpdbpkuabz/Build/Products/Debug-iphonesimulator/FirebaseCoreInternal/FirebaseCoreInternal.framework/Headers\"\ \"/Users/pauloricha/Library/Developer/Xcode/DerivedData/iosApp-cynwljdxdnoqyxhdtywpdbpkuabz/Build/Products/Debug-iphonesimulator/FirebaseFirestore/FirebaseFirestore.framework/Headers\"\ \"/Users/pauloricha/Library/Developer/Xcode/DerivedData/iosApp-cynwljdxdnoqyxhdtywpdbpkuabz/Build/Products/Debug-iphonesimulator/FirebaseFirestoreInternal/FirebaseFirestoreInternal.framework/Headers\"\ \"/Users/pauloricha/Library/Developer/Xcode/DerivedData/iosApp-cynwljdxdnoqyxhdtywpdbpkuabz/Build/Products/Debug-iphonesimulator/FirebaseInstallations/FirebaseInstallations.framework/Headers\"\ \"/Users/pauloricha/Library/Developer/Xcode/DerivedData/iosApp-cynwljdxdnoqyxhdtywpdbpkuabz/Build/Products/Debug-iphonesimulator/FirebaseRemoteConfig/FirebaseRemoteConfig.framework/Headers\"\ \"/Users/pauloricha/Library/Developer/Xcode/DerivedData/iosApp-cynwljdxdnoqyxhdtywpdbpkuabz/Build/Products/Debug-iphonesimulator/FirebaseRemoteConfigInterop/FirebaseRemoteConfigInterop.framework/Headers\"\ \"/Users/pauloricha/Library/Developer/Xcode/DerivedData/iosApp-cynwljdxdnoqyxhdtywpdbpkuabz/Build/Products/Debug-iphonesimulator/FirebaseSharedSwift/FirebaseSharedSwift.framework/Headers\"\ \"/Users/pauloricha/Library/Developer/Xcode/DerivedData/iosApp-cynwljdxdnoqyxhdtywpdbpkuabz/Build/Products/Debug-iphonesimulator/GTMSessionFetcher/GTMSessionFetcher.framework/Headers\"\ \"/Users/pauloricha/Library/Developer/Xcode/DerivedData/iosApp-cynwljdxdnoqyxhdtywpdbpkuabz/Build/Products/Debug-iphonesimulator/GoogleUtilities/GoogleUtilities.framework/Headers\"\ \"/Users/pauloricha/Library/Developer/Xcode/DerivedData/iosApp-cynwljdxdnoqyxhdtywpdbpkuabz/Build/Products/Debug-iphonesimulator/PromisesObjC/FBLPromises.framework/Headers\"\ \"/Users/pauloricha/Library/Developer/Xcode/DerivedData/iosApp-cynwljdxdnoqyxhdtywpdbpkuabz/Build/Products/Debug-iphonesimulator/RecaptchaInterop/RecaptchaInterop.framework/Headers\"\ \"/Users/pauloricha/Library/Developer/Xcode/DerivedData/iosApp-cynwljdxdnoqyxhdtywpdbpkuabz/Build/Products/Debug-iphonesimulator/abseil/absl.framework/Headers\"\ \"/Users/pauloricha/Library/Developer/Xcode/DerivedData/iosApp-cynwljdxdnoqyxhdtywpdbpkuabz/Build/Products/Debug-iphonesimulator/gRPC-C++/grpcpp.framework/Headers\"\ \"/Users/pauloricha/Library/Developer/Xcode/DerivedData/iosApp-cynwljdxdnoqyxhdtywpdbpkuabz/Build/Products/Debug-iphonesimulator/gRPC-Core/grpc.framework/Headers\"\ \"/Users/pauloricha/Library/Developer/Xcode/DerivedData/iosApp-cynwljdxdnoqyxhdtywpdbpkuabz/Build/Products/Debug-iphonesimulator/leveldb-library/leveldb.framework/Headers\"\ \"/Users/pauloricha/Library/Developer/Xcode/DerivedData/iosApp-cynwljdxdnoqyxhdtywpdbpkuabz/Build/Products/Debug-iphonesimulator/nanopb/nanopb.framework/Headers\"
    export HOME\=/Users/pauloricha
    export HOST_ARCH\=arm64
    export HOST_PLATFORM\=macosx
    export ICONV\=/usr/bin/iconv
    export IMPLICIT_DEPENDENCY_DOMAIN\=default
    export INDEX_STORE_COMPRESS\=NO
    export INDEX_STORE_ONLY_PROJECT_FILES\=NO
    export INFOPLIST_ENABLE_CFBUNDLEICONS_MERGE\=YES
    export INFOPLIST_EXPAND_BUILD_SETTINGS\=YES
    export INFOPLIST_FILE\=iosApp/Info.plist
    export INFOPLIST_KEY_UIApplicationSceneManifest_Generation\=YES
    export INFOPLIST_KEY_UIApplicationSupportsIndirectInputEvents\=YES
    export INFOPLIST_KEY_UILaunchScreen_Generation\=YES
    export INFOPLIST_KEY_UISupportedInterfaceOrientations_iPad\=UIInterfaceOrientationPortrait\ UIInterfaceOrientationPortraitUpsideDown\ UIInterfaceOrientationLandscapeLeft\ UIInterfaceOrientationLandscapeRight
    export INFOPLIST_KEY_UISupportedInterfaceOrientations_iPhone\=UIInterfaceOrientationPortrait\ UIInterfaceOrientationLandscapeLeft\ UIInterfaceOrientationLandscapeRight
    export INFOPLIST_OUTPUT_FORMAT\=binary
    export INFOPLIST_PATH\=BolaoDaGalera.app/Info.plist
    export INFOPLIST_PREPROCESS\=NO
    export INFOSTRINGS_PATH\=BolaoDaGalera.app/en.lproj/InfoPlist.strings
    export INLINE_PRIVATE_FRAMEWORKS\=NO
    export INSTALLAPI_IGNORE_SKIP_INSTALL\=YES
    export INSTALLHDRS_COPY_PHASE\=NO
    export INSTALLHDRS_SCRIPT_PHASE\=NO
    export INSTALL_DIR\=/tmp/iosApp.dst/Applications
    export INSTALL_GROUP\=staff
    export INSTALL_MODE_FLAG\=u+w,go-w,a+rX
    export INSTALL_OWNER\=pauloricha
    export INSTALL_PATH\=/Applications
    export INSTALL_ROOT\=/tmp/iosApp.dst
    export IPHONEOS_DEPLOYMENT_TARGET\=16.0
    export IS_UNOPTIMIZED_BUILD\=YES
    export JAVAC_DEFAULT_FLAGS\=-J-Xms64m\ -J-XX:NewSize\=4M\ -J-Dfile.encoding\=UTF8
    export JAVA_APP_STUB\=/System/Library/Frameworks/JavaVM.framework/Resources/MacOS/JavaApplicationStub
    export JAVA_ARCHIVE_CLASSES\=YES
    export JAVA_ARCHIVE_TYPE\=JAR
    export JAVA_COMPILER\=/usr/bin/javac
    export JAVA_FOLDER_PATH\=BolaoDaGalera.app/Java
    export JAVA_FRAMEWORK_RESOURCES_DIRS\=Resources
    export JAVA_JAR_FLAGS\=cv
    export JAVA_SOURCE_SUBDIR\=.
    export JAVA_USE_DEPENDENCIES\=YES
    export JAVA_ZIP_FLAGS\=-urg
    export JIKES_DEFAULT_FLAGS\=+E\ +OLDCSO
    export KEEP_PRIVATE_EXTERNS\=NO
    export LD_DEPENDENCY_INFO_FILE\=/Users/pauloricha/Library/Developer/Xcode/DerivedData/iosApp-cynwljdxdnoqyxhdtywpdbpkuabz/Build/Intermediates.noindex/iosApp.build/Debug-iphonesimulator/iosApp.build/Objects-normal/undefined_arch/BolaoDaGalera_dependency_info.dat
    export LD_ENTITLEMENTS_SECTION\=/Users/pauloricha/Library/Developer/Xcode/DerivedData/iosApp-cynwljdxdnoqyxhdtywpdbpkuabz/Build/Intermediates.noindex/iosApp.build/Debug-iphonesimulator/iosApp.build/BolaoDaGalera.app-Simulated.xcent
    export LD_ENTITLEMENTS_SECTION_DER\=/Users/pauloricha/Library/Developer/Xcode/DerivedData/iosApp-cynwljdxdnoqyxhdtywpdbpkuabz/Build/Intermediates.noindex/iosApp.build/Debug-iphonesimulator/iosApp.build/BolaoDaGalera.app-Simulated.xcent.der
    export LD_EXPORT_SYMBOLS\=YES
    export LD_GENERATE_MAP_FILE\=NO
    export LD_MAP_FILE_PATH\=/Users/pauloricha/Library/Developer/Xcode/DerivedData/iosApp-cynwljdxdnoqyxhdtywpdbpkuabz/Build/Intermediates.noindex/iosApp.build/Debug-iphonesimulator/iosApp.build/BolaoDaGalera-LinkMap-normal-undefined_arch.txt
    export LD_NO_PIE\=NO
    export LD_QUOTE_LINKER_ARGUMENTS_FOR_COMPILER_DRIVER\=YES
    export LD_RUNPATH_SEARCH_PATHS\=\ /usr/lib/swift\ \'@executable_path/Frameworks\'\ \'@loader_path/Frameworks\'\ @executable_path/Frameworks
    export LD_RUNPATH_SEARCH_PATHS_YES\=@loader_path/../Frameworks
    export LD_SHARED_CACHE_ELIGIBLE\=Automatic
    export LD_WARN_DUPLICATE_LIBRARIES\=NO
    export LD_WARN_UNUSED_DYLIBS\=NO
    export LEGACY_DEVELOPER_DIR\=/Applications/Xcode.app/Contents/PlugIns/Xcode3Core.ideplugin/Contents/SharedSupport/Developer
    export LEX\=lex
    export LIBRARY_DEXT_INSTALL_PATH\=/Library/DriverExtensions
    export LIBRARY_FLAG_NOSPACE\=YES
    export LIBRARY_FLAG_PREFIX\=-l
    export LIBRARY_KEXT_INSTALL_PATH\=/Library/Extensions
    export LIBRARY_SEARCH_PATHS\=/Users/pauloricha/Library/Developer/Xcode/DerivedData/iosApp-cynwljdxdnoqyxhdtywpdbpkuabz/Build/Products/Debug-iphonesimulator\ /Applications/Xcode.app/Contents/Developer/Toolchains/XcodeDefault.xctoolchain/usr/lib/swift/iphonesimulator\ /Applications/Xcode.app/Contents/Developer/Platforms/iPhoneSimulator.platform/Developer/SDKs/iPhoneSimulator26.5.sdk/usr/lib/swift
    export LINKER_DISPLAYS_MANGLED_NAMES\=NO
    export LINK_FILE_LIST_normal_arm64\=/Users/pauloricha/Library/Developer/Xcode/DerivedData/iosApp-cynwljdxdnoqyxhdtywpdbpkuabz/Build/Intermediates.noindex/iosApp.build/Debug-iphonesimulator/iosApp.build/Objects-normal/arm64/BolaoDaGalera.LinkFileList
    export LINK_OBJC_RUNTIME\=YES
    export LINK_WITH_STANDARD_LIBRARIES\=YES
    export LLVM_TARGET_TRIPLE_OS_VERSION\=ios16.0
    export LLVM_TARGET_TRIPLE_SUFFIX\=-simulator
    export LLVM_TARGET_TRIPLE_VENDOR\=apple
    export LM_AUX_CONST_METADATA_LIST_PATH_normal_arm64\=/Users/pauloricha/Library/Developer/Xcode/DerivedData/iosApp-cynwljdxdnoqyxhdtywpdbpkuabz/Build/Intermediates.noindex/iosApp.build/Debug-iphonesimulator/iosApp.build/Objects-normal/arm64/BolaoDaGalera.SwiftConstValuesFileList
    export LOCALIZATION_EXPORT_SUPPORTED\=YES
    export LOCALIZATION_PREFERS_STRING_CATALOGS\=YES
    export LOCALIZED_RESOURCES_FOLDER_PATH\=BolaoDaGalera.app/en.lproj
    export LOCALIZED_STRING_CODE_COMMENTS\=NO
    export LOCALIZED_STRING_MACRO_NAMES\=NSLocalizedString\ CFCopyLocalizedString
    export LOCALIZED_STRING_SWIFTUI_SUPPORT\=YES
    export LOCAL_ADMIN_APPS_DIR\=/Applications/Utilities
    export LOCAL_APPS_DIR\=/Applications
    export LOCAL_DEVELOPER_DIR\=/Library/Developer
    export LOCAL_LIBRARY_DIR\=/Library
    export LOCROOT\=/Users/pauloricha/StudioProjects/BolaoDaGalera/iosApp
    export LOCSYMROOT\=/Users/pauloricha/StudioProjects/BolaoDaGalera/iosApp
    export MACH_O_TYPE\=mh_execute
    export MAC_OS_X_PRODUCT_BUILD_VERSION\=25F71
    export MAC_OS_X_VERSION_ACTUAL\=260500
    export MAC_OS_X_VERSION_MAJOR\=260000
    export MAC_OS_X_VERSION_MINOR\=260500
    export MAKE_MERGEABLE\=NO
    export MARKETING_VERSION\=3.0.2
    export MERGEABLE_LIBRARY\=NO
    export MERGED_BINARY_TYPE\=none
    export MERGE_LINKED_LIBRARIES\=NO
    export METAL_LIBRARY_FILE_BASE\=default
    export METAL_LIBRARY_OUTPUT_DIR\=/Users/pauloricha/Library/Developer/Xcode/DerivedData/iosApp-cynwljdxdnoqyxhdtywpdbpkuabz/Build/Products/Debug-iphonesimulator/BolaoDaGalera.app
    export MODULES_FOLDER_PATH\=BolaoDaGalera.app/Modules
    export MODULE_CACHE_DIR\=/Users/pauloricha/Library/Developer/Xcode/DerivedData/ModuleCache.noindex
    export MTL_ENABLE_DEBUG_INFO\=INCLUDE_SOURCE
    export MTL_FAST_MATH\=YES
    export NATIVE_ARCH\=arm64
    export NATIVE_ARCH_32_BIT\=arm
    export NATIVE_ARCH_64_BIT\=arm64
    export NATIVE_ARCH_ACTUAL\=arm64
    export NO_COMMON\=YES
    export OBJC_ABI_VERSION\=2
    export OBJECT_FILE_DIR\=/Users/pauloricha/Library/Developer/Xcode/DerivedData/iosApp-cynwljdxdnoqyxhdtywpdbpkuabz/Build/Intermediates.noindex/iosApp.build/Debug-iphonesimulator/iosApp.build/Objects
    export OBJECT_FILE_DIR_normal\=/Users/pauloricha/Library/Developer/Xcode/DerivedData/iosApp-cynwljdxdnoqyxhdtywpdbpkuabz/Build/Intermediates.noindex/iosApp.build/Debug-iphonesimulator/iosApp.build/Objects-normal
    export OBJROOT\=/Users/pauloricha/Library/Developer/Xcode/DerivedData/iosApp-cynwljdxdnoqyxhdtywpdbpkuabz/Build/Intermediates.noindex
    export ONLY_ACTIVE_ARCH\=YES
    export OS\=MACOS
    export OSAC\=/usr/bin/osacompile
    export OTHER_LDFLAGS\=\ -ObjC\ -l\"c++\"\ -l\"z\"\ -framework\ \"ComposeApp\"\ -framework\ \"FBLPromises\"\ -framework\ \"FirebaseABTesting\"\ -framework\ \"FirebaseAppCheckInterop\"\ -framework\ \"FirebaseAuth\"\ -framework\ \"FirebaseAuthInterop\"\ -framework\ \"FirebaseCore\"\ -framework\ \"FirebaseCoreExtension\"\ -framework\ \"FirebaseCoreInternal\"\ -framework\ \"FirebaseFirestore\"\ -framework\ \"FirebaseFirestoreInternal\"\ -framework\ \"FirebaseInstallations\"\ -framework\ \"FirebaseRemoteConfig\"\ -framework\ \"FirebaseRemoteConfigInterop\"\ -framework\ \"FirebaseSharedSwift\"\ -framework\ \"Foundation\"\ -framework\ \"GTMSessionFetcher\"\ -framework\ \"GoogleUtilities\"\ -framework\ \"RecaptchaInterop\"\ -framework\ \"SafariServices\"\ -framework\ \"Security\"\ -framework\ \"SystemConfiguration\"\ -framework\ \"UIKit\"\ -framework\ \"absl\"\ -framework\ \"grpc\"\ -framework\ \"grpcpp\"\ -framework\ \"leveldb\"\ -framework\ \"nanopb\"\ -framework\ \"openssl_grpc\"\ -weak_framework\ \"FirebaseFirestoreInternal\"
    export OTHER_MODULE_VERIFIER_FLAGS\=\ \"-F/Users/pauloricha/Library/Developer/Xcode/DerivedData/iosApp-cynwljdxdnoqyxhdtywpdbpkuabz/Build/Products/Debug-iphonesimulator/BoringSSL-GRPC\"\ \"-F/Users/pauloricha/Library/Developer/Xcode/DerivedData/iosApp-cynwljdxdnoqyxhdtywpdbpkuabz/Build/Products/Debug-iphonesimulator/FirebaseABTesting\"\ \"-F/Users/pauloricha/Library/Developer/Xcode/DerivedData/iosApp-cynwljdxdnoqyxhdtywpdbpkuabz/Build/Products/Debug-iphonesimulator/FirebaseAppCheckInterop\"\ \"-F/Users/pauloricha/Library/Developer/Xcode/DerivedData/iosApp-cynwljdxdnoqyxhdtywpdbpkuabz/Build/Products/Debug-iphonesimulator/FirebaseAuth\"\ \"-F/Users/pauloricha/Library/Developer/Xcode/DerivedData/iosApp-cynwljdxdnoqyxhdtywpdbpkuabz/Build/Products/Debug-iphonesimulator/FirebaseAuthInterop\"\ \"-F/Users/pauloricha/Library/Developer/Xcode/DerivedData/iosApp-cynwljdxdnoqyxhdtywpdbpkuabz/Build/Products/Debug-iphonesimulator/FirebaseCore\"\ \"-F/Users/pauloricha/Library/Developer/Xcode/DerivedData/iosApp-cynwljdxdnoqyxhdtywpdbpkuabz/Build/Products/Debug-iphonesimulator/FirebaseCoreExtension\"\ \"-F/Users/pauloricha/Library/Developer/Xcode/DerivedData/iosApp-cynwljdxdnoqyxhdtywpdbpkuabz/Build/Products/Debug-iphonesimulator/FirebaseCoreInternal\"\ \"-F/Users/pauloricha/Library/Developer/Xcode/DerivedData/iosApp-cynwljdxdnoqyxhdtywpdbpkuabz/Build/Products/Debug-iphonesimulator/FirebaseFirestore\"\ \"-F/Users/pauloricha/Library/Developer/Xcode/DerivedData/iosApp-cynwljdxdnoqyxhdtywpdbpkuabz/Build/Products/Debug-iphonesimulator/FirebaseFirestoreInternal\"\ \"-F/Users/pauloricha/Library/Developer/Xcode/DerivedData/iosApp-cynwljdxdnoqyxhdtywpdbpkuabz/Build/Products/Debug-iphonesimulator/FirebaseInstallations\"\ \"-F/Users/pauloricha/Library/Developer/Xcode/DerivedData/iosApp-cynwljdxdnoqyxhdtywpdbpkuabz/Build/Products/Debug-iphonesimulator/FirebaseRemoteConfig\"\ \"-F/Users/pauloricha/Library/Developer/Xcode/DerivedData/iosApp-cynwljdxdnoqyxhdtywpdbpkuabz/Build/Products/Debug-iphonesimulator/FirebaseRemoteConfigInterop\"\ \"-F/Users/pauloricha/Library/Developer/Xcode/DerivedData/iosApp-cynwljdxdnoqyxhdtywpdbpkuabz/Build/Products/Debug-iphonesimulator/FirebaseSharedSwift\"\ \"-F/Users/pauloricha/Library/Developer/Xcode/DerivedData/iosApp-cynwljdxdnoqyxhdtywpdbpkuabz/Build/Products/Debug-iphonesimulator/GTMSessionFetcher\"\ \"-F/Users/pauloricha/Library/Developer/Xcode/DerivedData/iosApp-cynwljdxdnoqyxhdtywpdbpkuabz/Build/Products/Debug-iphonesimulator/GoogleUtilities\"\ \"-F/Users/pauloricha/Library/Developer/Xcode/DerivedData/iosApp-cynwljdxdnoqyxhdtywpdbpkuabz/Build/Products/Debug-iphonesimulator/PromisesObjC\"\ \"-F/Users/pauloricha/Library/Developer/Xcode/DerivedData/iosApp-cynwljdxdnoqyxhdtywpdbpkuabz/Build/Products/Debug-iphonesimulator/RecaptchaInterop\"\ \"-F/Users/pauloricha/Library/Developer/Xcode/DerivedData/iosApp-cynwljdxdnoqyxhdtywpdbpkuabz/Build/Products/Debug-iphonesimulator/abseil\"\ \"-F/Users/pauloricha/Library/Developer/Xcode/DerivedData/iosApp-cynwljdxdnoqyxhdtywpdbpkuabz/Build/Products/Debug-iphonesimulator/composeApp\"\ \"-F/Users/pauloricha/Library/Developer/Xcode/DerivedData/iosApp-cynwljdxdnoqyxhdtywpdbpkuabz/Build/Products/Debug-iphonesimulator/gRPC-C++\"\ \"-F/Users/pauloricha/Library/Developer/Xcode/DerivedData/iosApp-cynwljdxdnoqyxhdtywpdbpkuabz/Build/Products/Debug-iphonesimulator/gRPC-Core\"\ \"-F/Users/pauloricha/Library/Developer/Xcode/DerivedData/iosApp-cynwljdxdnoqyxhdtywpdbpkuabz/Build/Products/Debug-iphonesimulator/leveldb-library\"\ \"-F/Users/pauloricha/Library/Developer/Xcode/DerivedData/iosApp-cynwljdxdnoqyxhdtywpdbpkuabz/Build/Products/Debug-iphonesimulator/nanopb\"
    export OTHER_SWIFT_FLAGS\=\ -D\ COCOAPODS
    export PACKAGE_TYPE\=com.apple.package-type.wrapper.application
    export PASCAL_STRINGS\=YES
    export PATH\=/Applications/Xcode.app/Contents/SharedFrameworks/SwiftBuild.framework/Versions/A/PlugIns/SWBBuildService.bundle/Contents/PlugIns/SWBUniversalPlatformPlugin.bundle/Contents/Frameworks/SWBUniversalPlatform.framework/Resources:/Applications/Xcode.app/Contents/Developer/Toolchains/XcodeDefault.xctoolchain/usr/bin:/Applications/Xcode.app/Contents/Developer/Toolchains/XcodeDefault.xctoolchain/usr/local/bin:/Applications/Xcode.app/Contents/Developer/Toolchains/XcodeDefault.xctoolchain/usr/libexec:/Applications/Xcode.app/Contents/Developer/Platforms/iPhoneSimulator.platform/usr/bin:/Applications/Xcode.app/Contents/Developer/Platforms/iPhoneSimulator.platform/usr/local/bin:/Applications/Xcode.app/Contents/Developer/Platforms/iPhoneSimulator.platform/Developer/usr/bin:/Applications/Xcode.app/Contents/Developer/Platforms/iPhoneSimulator.platform/Developer/usr/local/bin:/Applications/Xcode.app/Contents/Developer/usr/bin:/Applications/Xcode.app/Contents/Developer/usr/local/bin:/usr/local/bin:/System/Cryptexes/App/usr/bin:/usr/bin:/bin:/usr/sbin:/sbin:/var/run/com.apple.security.cryptexd/codex.system/bootstrap/usr/local/bin:/var/run/com.apple.security.cryptexd/codex.system/bootstrap/usr/bin:/var/run/com.apple.security.cryptexd/codex.system/bootstrap/usr/appleinternal/bin:/pkg/env/global/bin:/Library/Apple/usr/bin:/Applications/Android\ Studio.app/Contents/plugins/android/resources/android-cli/bin
    export PATH_PREFIXES_EXCLUDED_FROM_HEADER_DEPENDENCIES\=/usr/include\ /usr/local/include\ /System/Library/Frameworks\ /System/Library/PrivateFrameworks\ /Applications/Xcode.app/Contents/Developer/Headers\ /Applications/Xcode.app/Contents/Developer/SDKs\ /Applications/Xcode.app/Contents/Developer/Platforms
    export PBDEVELOPMENTPLIST_PATH\=BolaoDaGalera.app/pbdevelopment.plist
    export PER_ARCH_MODULE_FILE_DIR\=/Users/pauloricha/Library/Developer/Xcode/DerivedData/iosApp-cynwljdxdnoqyxhdtywpdbpkuabz/Build/Intermediates.noindex/iosApp.build/Debug-iphonesimulator/iosApp.build/Objects-normal/undefined_arch
    export PER_ARCH_OBJECT_FILE_DIR\=/Users/pauloricha/Library/Developer/Xcode/DerivedData/iosApp-cynwljdxdnoqyxhdtywpdbpkuabz/Build/Intermediates.noindex/iosApp.build/Debug-iphonesimulator/iosApp.build/Objects-normal/undefined_arch
    export PER_VARIANT_OBJECT_FILE_DIR\=/Users/pauloricha/Library/Developer/Xcode/DerivedData/iosApp-cynwljdxdnoqyxhdtywpdbpkuabz/Build/Intermediates.noindex/iosApp.build/Debug-iphonesimulator/iosApp.build/Objects-normal
    export PKGINFO_FILE_PATH\=/Users/pauloricha/Library/Developer/Xcode/DerivedData/iosApp-cynwljdxdnoqyxhdtywpdbpkuabz/Build/Intermediates.noindex/iosApp.build/Debug-iphonesimulator/iosApp.build/PkgInfo
    export PKGINFO_PATH\=BolaoDaGalera.app/PkgInfo
    export PLATFORM_DEVELOPER_APPLICATIONS_DIR\=/Applications/Xcode.app/Contents/Developer/Platforms/iPhoneSimulator.platform/Developer/Applications
    export PLATFORM_DEVELOPER_BIN_DIR\=/Applications/Xcode.app/Contents/Developer/Platforms/iPhoneSimulator.platform/Developer/usr/bin
    export PLATFORM_DEVELOPER_LIBRARY_DIR\=/Applications/Xcode.app/Contents/Developer/Platforms/iPhoneSimulator.platform/Developer/Library
    export PLATFORM_DEVELOPER_SDK_DIR\=/Applications/Xcode.app/Contents/Developer/Platforms/iPhoneSimulator.platform/Developer/SDKs
    export PLATFORM_DEVELOPER_TOOLS_DIR\=/Applications/Xcode.app/Contents/Developer/Platforms/iPhoneSimulator.platform/Developer/Tools
    export PLATFORM_DEVELOPER_USR_DIR\=/Applications/Xcode.app/Contents/Developer/Platforms/iPhoneSimulator.platform/Developer/usr
    export PLATFORM_DIR\=/Applications/Xcode.app/Contents/Developer/Platforms/iPhoneSimulator.platform
    export PLATFORM_DISPLAY_NAME\=iOS\ Simulator
    export PLATFORM_FAMILY_NAME\=iOS
    export PLATFORM_NAME\=iphonesimulator
    export PLATFORM_PREFERRED_ARCH\=x86_64
    export PLATFORM_PRODUCT_BUILD_VERSION\=23F81a
    export PLATFORM_REQUIRES_SWIFT_AUTOLINK_EXTRACT\=NO
    export PLATFORM_REQUIRES_SWIFT_MODULEWRAP\=NO
    export PLATFORM_USES_DSYMS\=YES
    export PLIST_FILE_OUTPUT_FORMAT\=binary
    export PLUGINS_FOLDER_PATH\=BolaoDaGalera.app/PlugIns
    export PODS_BUILD_DIR\=/Users/pauloricha/Library/Developer/Xcode/DerivedData/iosApp-cynwljdxdnoqyxhdtywpdbpkuabz/Build/Products
    export PODS_CONFIGURATION_BUILD_DIR\=/Users/pauloricha/Library/Developer/Xcode/DerivedData/iosApp-cynwljdxdnoqyxhdtywpdbpkuabz/Build/Products/Debug-iphonesimulator
    export PODS_PODFILE_DIR_PATH\=/Users/pauloricha/StudioProjects/BolaoDaGalera/iosApp/.
    export PODS_ROOT\=/Users/pauloricha/StudioProjects/BolaoDaGalera/iosApp/Pods
    export PODS_XCFRAMEWORKS_BUILD_DIR\=/Users/pauloricha/Library/Developer/Xcode/DerivedData/iosApp-cynwljdxdnoqyxhdtywpdbpkuabz/Build/Products/Debug-iphonesimulator/XCFrameworkIntermediates
    export PRECOMPS_INCLUDE_HEADERS_FROM_BUILT_PRODUCTS_DIR\=YES
    export PRECOMP_DESTINATION_DIR\=/Users/pauloricha/Library/Developer/Xcode/DerivedData/iosApp-cynwljdxdnoqyxhdtywpdbpkuabz/Build/Intermediates.noindex/iosApp.build/Debug-iphonesimulator/iosApp.build/PrefixHeaders
    export PRIVATE_HEADERS_FOLDER_PATH\=BolaoDaGalera.app/PrivateHeaders
    export PROCESSED_INFOPLIST_PATH\=/Users/pauloricha/Library/Developer/Xcode/DerivedData/iosApp-cynwljdxdnoqyxhdtywpdbpkuabz/Build/Intermediates.noindex/iosApp.build/Debug-iphonesimulator/iosApp.build/Objects-normal/undefined_arch/Processed-Info.plist
    export PRODUCT_BUNDLE_IDENTIFIER\=com.lpstudio.bolaodagalera
    export PRODUCT_BUNDLE_PACKAGE_TYPE\=APPL
    export PRODUCT_MODULE_NAME\=BolaoDaGalera
    export PRODUCT_NAME\=BolaoDaGalera
    export PRODUCT_SETTINGS_PATH\=/Users/pauloricha/StudioProjects/BolaoDaGalera/iosApp/iosApp/Info.plist
    export PRODUCT_TYPE\=com.apple.product-type.application
    export PROFILING_CODE\=NO
    export PROJECT\=iosApp
    export PROJECT_DERIVED_FILE_DIR\=/Users/pauloricha/Library/Developer/Xcode/DerivedData/iosApp-cynwljdxdnoqyxhdtywpdbpkuabz/Build/Intermediates.noindex/iosApp.build/DerivedSources
    export PROJECT_DIR\=/Users/pauloricha/StudioProjects/BolaoDaGalera/iosApp
    export PROJECT_FILE_PATH\=/Users/pauloricha/StudioProjects/BolaoDaGalera/iosApp/iosApp.xcodeproj
    export PROJECT_GUID\=7b79493a8b7fc1f2fff3c51cd12ba024
    export PROJECT_NAME\=iosApp
    export PROJECT_TEMP_DIR\=/Users/pauloricha/Library/Developer/Xcode/DerivedData/iosApp-cynwljdxdnoqyxhdtywpdbpkuabz/Build/Intermediates.noindex/iosApp.build
    export PROJECT_TEMP_ROOT\=/Users/pauloricha/Library/Developer/Xcode/DerivedData/iosApp-cynwljdxdnoqyxhdtywpdbpkuabz/Build/Intermediates.noindex
    export PROVISIONING_PROFILE_REQUIRED\=NO
    export PROVISIONING_PROFILE_REQUIRED_YES_YES\=YES
    export PROVISIONING_PROFILE_SUPPORTED\=YES
    export PUBLIC_HEADERS_FOLDER_PATH\=BolaoDaGalera.app/Headers
    export RECOMMENDED_IPHONEOS_DEPLOYMENT_TARGET\=15.0
    export RECURSIVE_SEARCH_PATHS_FOLLOW_SYMLINKS\=YES
    export REMOVE_CVS_FROM_RESOURCES\=YES
    export REMOVE_GIT_FROM_RESOURCES\=YES
    export REMOVE_HEADERS_FROM_EMBEDDED_BUNDLES\=YES
    export REMOVE_HG_FROM_RESOURCES\=YES
    export REMOVE_STATIC_EXECUTABLES_FROM_EMBEDDED_BUNDLES\=YES
    export REMOVE_SVN_FROM_RESOURCES\=YES
    export RESCHEDULE_INDEPENDENT_HEADERS_PHASES\=YES
    export REZ_COLLECTOR_DIR\=/Users/pauloricha/Library/Developer/Xcode/DerivedData/iosApp-cynwljdxdnoqyxhdtywpdbpkuabz/Build/Intermediates.noindex/iosApp.build/Debug-iphonesimulator/iosApp.build/ResourceManagerResources
    export REZ_OBJECTS_DIR\=/Users/pauloricha/Library/Developer/Xcode/DerivedData/iosApp-cynwljdxdnoqyxhdtywpdbpkuabz/Build/Intermediates.noindex/iosApp.build/Debug-iphonesimulator/iosApp.build/ResourceManagerResources/Objects
    export REZ_SEARCH_PATHS\=/Users/pauloricha/Library/Developer/Xcode/DerivedData/iosApp-cynwljdxdnoqyxhdtywpdbpkuabz/Build/Products/Debug-iphonesimulator\ 
    export RPATH_ORIGIN\=@loader_path
    export RUNTIME_EXCEPTION_ALLOW_DYLD_ENVIRONMENT_VARIABLES\=NO
    export RUNTIME_EXCEPTION_ALLOW_JIT\=NO
    export RUNTIME_EXCEPTION_ALLOW_UNSIGNED_EXECUTABLE_MEMORY\=NO
    export RUNTIME_EXCEPTION_DEBUGGING_TOOL\=NO
    export RUNTIME_EXCEPTION_DISABLE_EXECUTABLE_PAGE_PROTECTION\=NO
    export RUNTIME_EXCEPTION_DISABLE_LIBRARY_VALIDATION\=NO
    export SCANNING_PCM_KEEP_CACHE_DIRECTORY\=YES
    export SCAN_ALL_SOURCE_FILES_FOR_INCLUDES\=NO
    export SCRIPTS_FOLDER_PATH\=BolaoDaGalera.app/Scripts
    export SCRIPT_INPUT_FILE_COUNT\=0
    export SCRIPT_INPUT_FILE_LIST_COUNT\=0
    export SCRIPT_OUTPUT_FILE_COUNT\=0
    export SCRIPT_OUTPUT_FILE_LIST_COUNT\=0
    export SDKROOT\=/Applications/Xcode.app/Contents/Developer/Platforms/iPhoneSimulator.platform/Developer/SDKs/iPhoneSimulator26.5.sdk
    export SDK_DIR\=/Applications/Xcode.app/Contents/Developer/Platforms/iPhoneSimulator.platform/Developer/SDKs/iPhoneSimulator26.5.sdk
    export SDK_DIR_iphonesimulator\=/Applications/Xcode.app/Contents/Developer/Platforms/iPhoneSimulator.platform/Developer/SDKs/iPhoneSimulator26.5.sdk
    export SDK_DIR_iphonesimulator26_5\=/Applications/Xcode.app/Contents/Developer/Platforms/iPhoneSimulator.platform/Developer/SDKs/iPhoneSimulator26.5.sdk
    export SDK_NAME\=iphonesimulator26.5
    export SDK_NAMES\=iphonesimulator26.5
    export SDK_PRODUCT_BUILD_VERSION\=23F81a
    export SDK_STAT_CACHE_DIR\=/Users/pauloricha/Library/Developer/Xcode/DerivedData
    export SDK_STAT_CACHE_ENABLE\=YES
    export SDK_STAT_CACHE_PATH\=/Users/pauloricha/Library/Developer/Xcode/DerivedData/SDKStatCaches.noindex/iphonesimulator26.5-23F81a-6cfe768891a92b912361537c460fe42b.sdkstatcache
    export SDK_VERSION\=26.5
    export SDK_VERSION_ACTUAL\=260500
    export SDK_VERSION_MAJOR\=260000
    export SDK_VERSION_MINOR\=260500
    export SED\=/usr/bin/sed
    export SEPARATE_STRIP\=NO
    export SEPARATE_SYMBOL_EDIT\=NO
    export SET_DIR_MODE_OWNER_GROUP\=YES
    export SET_FILE_MODE_OWNER_GROUP\=NO
    export SHALLOW_BUNDLE\=YES
    export SHALLOW_BUNDLE_TRIPLE\=ios-simulator
    export SHALLOW_BUNDLE_ios_macabi\=NO
    export SHALLOW_BUNDLE_macos\=NO
    export SHARED_DERIVED_FILE_DIR\=/Users/pauloricha/Library/Developer/Xcode/DerivedData/iosApp-cynwljdxdnoqyxhdtywpdbpkuabz/Build/Products/Debug-iphonesimulator/DerivedSources
    export SHARED_FRAMEWORKS_FOLDER_PATH\=BolaoDaGalera.app/SharedFrameworks
    export SHARED_PRECOMPS_DIR\=/Users/pauloricha/Library/Developer/Xcode/DerivedData/iosApp-cynwljdxdnoqyxhdtywpdbpkuabz/Build/Intermediates.noindex/PrecompiledHeaders
    export SHARED_SUPPORT_FOLDER_PATH\=BolaoDaGalera.app/SharedSupport
    export SKIP_INSTALL\=NO
    export SKIP_MERGEABLE_LIBRARY_BUNDLE_HOOK\=NO
    export SOURCE_ROOT\=/Users/pauloricha/StudioProjects/BolaoDaGalera/iosApp
    export SRCROOT\=/Users/pauloricha/StudioProjects/BolaoDaGalera/iosApp
    export STRINGSDATA_DIR\=/Users/pauloricha/Library/Developer/Xcode/DerivedData/iosApp-cynwljdxdnoqyxhdtywpdbpkuabz/Build/Intermediates.noindex/iosApp.build/Debug-iphonesimulator/iosApp.build/Objects-normal/undefined_arch
    export STRINGSDATA_ROOT\=/Users/pauloricha/Library/Developer/Xcode/DerivedData/iosApp-cynwljdxdnoqyxhdtywpdbpkuabz/Build/Intermediates.noindex/iosApp.build/Debug-iphonesimulator/iosApp.build
    export STRINGS_FILE_INFOPLIST_RENAME\=YES
    export STRINGS_FILE_OUTPUT_ENCODING\=binary
    export STRING_CATALOG_GENERATE_SYMBOLS\=NO
    export STRIP_BITCODE_FROM_COPIED_FILES\=NO
    export STRIP_INSTALLED_PRODUCT\=NO
    export STRIP_STYLE\=all
    export STRIP_SWIFT_SYMBOLS\=YES
    export SUPPORTED_DEVICE_FAMILIES\=1,2
    export SUPPORTED_PLATFORMS\=iphoneos\ iphonesimulator
    export SUPPORTS_MACCATALYST\=NO
    export SUPPORTS_ON_DEMAND_RESOURCES\=YES
    export SUPPORTS_TEXT_BASED_API\=NO
    export SUPPRESS_WARNINGS\=NO
    export SWIFT_ACTIVE_COMPILATION_CONDITIONS\=DEBUG\ 
    export SWIFT_EMIT_CONST_VALUE_PROTOCOLS\=AnyResolverProviding\ AppEntity\ AppEnum\ AppExtension\ AppIntent\ AppIntentsPackage\ AppShortcutProviding\ AppShortcutsProvider\ AppUnionValue\ AppUnionValueCasesProviding\ DynamicOptionsProvider\ EntityQuery\ ExtensionPointDefining\ IntentValueQuery\ Resolver\ TransientEntity\ _AssistantIntentsProvider\ _GenerativeFunctionExtractable\ _IntentValueRepresentable
    export SWIFT_EMIT_LOC_STRINGS\=YES
    export SWIFT_ENABLE_EXPLICIT_MODULES\=YES
    export SWIFT_OPTIMIZATION_LEVEL\=-Onone
    export SWIFT_PLATFORM_TARGET_PREFIX\=ios
    export SWIFT_RESPONSE_FILE_PATH_normal_arm64\=/Users/pauloricha/Library/Developer/Xcode/DerivedData/iosApp-cynwljdxdnoqyxhdtywpdbpkuabz/Build/Intermediates.noindex/iosApp.build/Debug-iphonesimulator/iosApp.build/Objects-normal/arm64/BolaoDaGalera.SwiftFileList
    export SWIFT_VERSION\=5.0
    export SYMROOT\=/Users/pauloricha/Library/Developer/Xcode/DerivedData/iosApp-cynwljdxdnoqyxhdtywpdbpkuabz/Build/Products
    export SYSTEM_ADMIN_APPS_DIR\=/Applications/Utilities
    export SYSTEM_APPS_DIR\=/Applications
    export SYSTEM_CORE_SERVICES_DIR\=/System/Library/CoreServices
    export SYSTEM_DEMOS_DIR\=/Applications/Extras
    export SYSTEM_DEVELOPER_APPS_DIR\=/Applications/Xcode.app/Contents/Developer/Applications
    export SYSTEM_DEVELOPER_BIN_DIR\=/Applications/Xcode.app/Contents/Developer/usr/bin
    export SYSTEM_DEVELOPER_DEMOS_DIR\=/Applications/Xcode.app/Contents/Developer/Applications/Utilities/Built\ Examples
    export SYSTEM_DEVELOPER_DIR\=/Applications/Xcode.app/Contents/Developer
    export SYSTEM_DEVELOPER_DOC_DIR\=/Applications/Xcode.app/Contents/Developer/ADC\ Reference\ Library
    export SYSTEM_DEVELOPER_GRAPHICS_TOOLS_DIR\=/Applications/Xcode.app/Contents/Developer/Applications/Graphics\ Tools
    export SYSTEM_DEVELOPER_JAVA_TOOLS_DIR\=/Applications/Xcode.app/Contents/Developer/Applications/Java\ Tools
    export SYSTEM_DEVELOPER_PERFORMANCE_TOOLS_DIR\=/Applications/Xcode.app/Contents/Developer/Applications/Performance\ Tools
    export SYSTEM_DEVELOPER_RELEASENOTES_DIR\=/Applications/Xcode.app/Contents/Developer/ADC\ Reference\ Library/releasenotes
    export SYSTEM_DEVELOPER_TOOLS\=/Applications/Xcode.app/Contents/Developer/Tools
    export SYSTEM_DEVELOPER_TOOLS_DOC_DIR\=/Applications/Xcode.app/Contents/Developer/ADC\ Reference\ Library/documentation/DeveloperTools
    export SYSTEM_DEVELOPER_TOOLS_RELEASENOTES_DIR\=/Applications/Xcode.app/Contents/Developer/ADC\ Reference\ Library/releasenotes/DeveloperTools
    export SYSTEM_DEVELOPER_USR_DIR\=/Applications/Xcode.app/Contents/Developer/usr
    export SYSTEM_DEVELOPER_UTILITIES_DIR\=/Applications/Xcode.app/Contents/Developer/Applications/Utilities
    export SYSTEM_DEXT_INSTALL_PATH\=/System/Library/DriverExtensions
    export SYSTEM_DOCUMENTATION_DIR\=/Library/Documentation
    export SYSTEM_EXTENSIONS_FOLDER_PATH\=BolaoDaGalera.app/SystemExtensions
    export SYSTEM_EXTENSIONS_FOLDER_PATH_SHALLOW_BUNDLE_NO\=BolaoDaGalera.app/Library/SystemExtensions
    export SYSTEM_EXTENSIONS_FOLDER_PATH_SHALLOW_BUNDLE_YES\=BolaoDaGalera.app/SystemExtensions
    export SYSTEM_KEXT_INSTALL_PATH\=/System/Library/Extensions
    export SYSTEM_LIBRARY_DIR\=/System/Library
    export TAPI_DEMANGLE\=YES
    export TAPI_ENABLE_PROJECT_HEADERS\=NO
    export TAPI_LANGUAGE\=objective-c
    export TAPI_LANGUAGE_STANDARD\=compiler-default
    export TAPI_USE_SRCROOT\=YES
    export TAPI_VERIFY_MODE\=Pedantic
    export TARGETED_DEVICE_FAMILY\=1,2
    export TARGETNAME\=iosApp
    export TARGET_BUILD_DIR\=/Users/pauloricha/Library/Developer/Xcode/DerivedData/iosApp-cynwljdxdnoqyxhdtywpdbpkuabz/Build/Products/Debug-iphonesimulator
    export TARGET_DEVICE_IDENTIFIER\=CA8A1A4E-12BA-4D74-A6D0-D29E9E821390
    export TARGET_DEVICE_MODEL\=iPhone18,1
    export TARGET_DEVICE_OS_VERSION\=26.5
    export TARGET_DEVICE_PLATFORM_NAME\=iphonesimulator
    export TARGET_NAME\=iosApp
    export TARGET_TEMP_DIR\=/Users/pauloricha/Library/Developer/Xcode/DerivedData/iosApp-cynwljdxdnoqyxhdtywpdbpkuabz/Build/Intermediates.noindex/iosApp.build/Debug-iphonesimulator/iosApp.build
    export TEMP_DIR\=/Users/pauloricha/Library/Developer/Xcode/DerivedData/iosApp-cynwljdxdnoqyxhdtywpdbpkuabz/Build/Intermediates.noindex/iosApp.build/Debug-iphonesimulator/iosApp.build
    export TEMP_FILES_DIR\=/Users/pauloricha/Library/Developer/Xcode/DerivedData/iosApp-cynwljdxdnoqyxhdtywpdbpkuabz/Build/Intermediates.noindex/iosApp.build/Debug-iphonesimulator/iosApp.build
    export TEMP_FILE_DIR\=/Users/pauloricha/Library/Developer/Xcode/DerivedData/iosApp-cynwljdxdnoqyxhdtywpdbpkuabz/Build/Intermediates.noindex/iosApp.build/Debug-iphonesimulator/iosApp.build
    export TEMP_ROOT\=/Users/pauloricha/Library/Developer/Xcode/DerivedData/iosApp-cynwljdxdnoqyxhdtywpdbpkuabz/Build/Intermediates.noindex
    export TEMP_SANDBOX_DIR\=/Users/pauloricha/Library/Developer/Xcode/DerivedData/iosApp-cynwljdxdnoqyxhdtywpdbpkuabz/Build/Intermediates.noindex/TemporaryTaskSandboxes
    export TEST_FRAMEWORK_SEARCH_PATHS\=\ /Applications/Xcode.app/Contents/Developer/Platforms/iPhoneSimulator.platform/Developer/Library/Frameworks\ /Applications/Xcode.app/Contents/Developer/Platforms/iPhoneSimulator.platform/Developer/SDKs/iPhoneSimulator26.5.sdk/Developer/Library/Frameworks
    export TEST_LIBRARY_SEARCH_PATHS\=\ /Applications/Xcode.app/Contents/Developer/Platforms/iPhoneSimulator.platform/Developer/usr/lib
    export TOOLCHAINS\=com.apple.dt.toolchain.XcodeDefault
    export TOOLCHAIN_DIR\=/Applications/Xcode.app/Contents/Developer/Toolchains/XcodeDefault.xctoolchain
    export TREAT_MISSING_BASELINES_AS_TEST_FAILURES\=NO
    export TREAT_MISSING_SCRIPT_PHASE_OUTPUTS_AS_ERRORS\=NO
    export TeamIdentifierPrefix\=FAKETEAMID.
    export UID\=501
    export UNINSTALLED_PRODUCTS_DIR\=/Users/pauloricha/Library/Developer/Xcode/DerivedData/iosApp-cynwljdxdnoqyxhdtywpdbpkuabz/Build/Intermediates.noindex/UninstalledProducts
    export UNLOCALIZED_RESOURCES_FOLDER_PATH\=BolaoDaGalera.app
    export UNLOCALIZED_RESOURCES_FOLDER_PATH_SHALLOW_BUNDLE_NO\=BolaoDaGalera.app/Resources
    export UNLOCALIZED_RESOURCES_FOLDER_PATH_SHALLOW_BUNDLE_YES\=BolaoDaGalera.app
    export UNSTRIPPED_PRODUCT\=NO
    export USER\=pauloricha
    export USER_APPS_DIR\=/Users/pauloricha/Applications
    export USER_LIBRARY_DIR\=/Users/pauloricha/Library
    export USE_DYNAMIC_NO_PIC\=YES
    export USE_HEADERMAP\=YES
    export USE_HEADER_SYMLINKS\=NO
    export USE_RECURSIVE_SCRIPT_INPUTS_IN_SCRIPT_PHASES\=YES
    export VALIDATE_DEVELOPMENT_ASSET_PATHS\=YES_ERROR
    export VALIDATE_PRODUCT\=NO
    export VALID_ARCHS\=arm64\ x86_64
    export VERBOSE_PBXCP\=NO
    export VERSIONPLIST_PATH\=BolaoDaGalera.app/version.plist
    export VERSION_INFO_BUILDER\=pauloricha
    export VERSION_INFO_FILE\=BolaoDaGalera_vers.c
    export VERSION_INFO_STRING\=\"@\(\#\)PROGRAM:BolaoDaGalera\ \ PROJECT:iosApp-22\"
    export WORKSPACE_DIR\=/Users/pauloricha/StudioProjects/BolaoDaGalera/iosApp
    export WRAPPER_EXTENSION\=app
    export WRAPPER_NAME\=BolaoDaGalera.app
    export WRAPPER_SUFFIX\=.app
    export WRAP_ASSET_PACKS_IN_SEPARATE_DIRECTORIES\=NO
    export XCODE_APP_SUPPORT_DIR\=/Applications/Xcode.app/Contents/Developer/Library/Xcode
    export XCODE_PRODUCT_BUILD_VERSION\=17F113
    export XCODE_VERSION_ACTUAL\=2660
    export XCODE_VERSION_MAJOR\=2600
    export XCODE_VERSION_MINOR\=2660
    export XPCSERVICES_FOLDER_PATH\=BolaoDaGalera.app/XPCServices
    export YACC\=yacc
    export _DISCOVER_COMMAND_LINE_LINKER_INPUTS\=YES
    export _DISCOVER_COMMAND_LINE_LINKER_INPUTS_INCLUDE_WL\=YES
    export _LD_MULTIARCH\=YES
    export _WRAPPER_CONTENTS_DIR_SHALLOW_BUNDLE_NO\=/Contents
    export _WRAPPER_PARENT_PATH_SHALLOW_BUNDLE_NO\=/..
    export _WRAPPER_RESOURCES_DIR_SHALLOW_BUNDLE_NO\=/Resources
    export __DIAGNOSE_DEPRECATED_ARCHS\=YES
    export __IS_NOT_MACOS\=YES
    export __IS_NOT_MACOS_macosx\=NO
    export __IS_NOT_SIMULATOR\=NO
    export __IS_NOT_SIMULATOR_simulator\=NO
    export __ORIGINAL_SDK_DEFINED_LLVM_TARGET_TRIPLE_SYS\=ios
    export arch\=undefined_arch
    export variant\=normal
    /bin/sh -c /Users/pauloricha/Library/Developer/Xcode/DerivedData/iosApp-cynwljdxdnoqyxhdtywpdbpkuabz/Build/Intermediates.noindex/iosApp.build/Debug-iphonesimulator/iosApp.build/Script-5C463E56138C17C857BD7322.sh
Reusing configuration cache.
> Task :composeApp:copyNonXmlValueResourcesForAppleMain NO-SOURCE
> Task :composeApp:xcodeVersion UP-TO-DATE
> Task :composeApp:convertXmlValueResourcesForIosMain NO-SOURCE
> Task :composeApp:kmpPartiallyResolvedDependenciesChecker
> Task :composeApp:generateDefFirebaseRemoteConfig UP-TO-DATE
> Task :composeApp:generateDefFirebaseFirestore UP-TO-DATE
> Task :composeApp:checkSandboxAndWriteProtection
> Task :composeApp:generateDefFirebaseAuth UP-TO-DATE
> Task :composeApp:checkKotlinGradlePluginConfigurationErrors SKIPPED
> Task :composeApp:convertXmlValueResourcesForAppleMain NO-SOURCE
> Task :composeApp:generateComposeResClass UP-TO-DATE
> Task :composeApp:prepareComposeResourcesTaskForAppleMain NO-SOURCE
> Task :composeApp:convertXmlValueResourcesForCommonMain NO-SOURCE
> Task :composeApp:generateExpectResourceCollectorsForCommonMain UP-TO-DATE
> Task :composeApp:generateResourceAccessorsForAppleMain NO-SOURCE
> Task :composeApp:createBuildSystemDirectory
> Task :composeApp:podGenIos UP-TO-DATE
> Task :composeApp:symbolicLinkToAssemblePodDebugAppleFrameworkForXcodeIosSimulatorArm64 UP-TO-DATE
> Task :composeApp:convertXmlValueResourcesForIosSimulatorArm64Main NO-SOURCE
> Task :composeApp:copyNonXmlValueResourcesForCommonMain UP-TO-DATE
> Task :composeApp:podInstallSyntheticIos UP-TO-DATE
> Task :composeApp:copyNonXmlValueResourcesForIosMain NO-SOURCE
> Task :composeApp:podSetupBuildFirebaseFirestoreIosSimulator UP-TO-DATE
> Task :composeApp:podSetupBuildFirebaseAuthIosSimulator UP-TO-DATE
> Task :composeApp:podSetupBuildFirebaseRemoteConfigIosSimulator UP-TO-DATE
> Task :composeApp:copyNonXmlValueResourcesForIosSimulatorArm64Main NO-SOURCE
> Task :composeApp:prepareComposeResourcesTaskForCommonMain UP-TO-DATE
> Task :composeApp:prepareComposeResourcesTaskForIosMain NO-SOURCE
> Task :composeApp:downloadKotlinNativeDistribution UP-TO-DATE
> Task :composeApp:convertXmlValueResourcesForNativeMain NO-SOURCE
> Task :composeApp:generateResourceAccessorsForCommonMain UP-TO-DATE
> Task :composeApp:generateResourceAccessorsForIosMain NO-SOURCE
> Task :composeApp:copyNonXmlValueResourcesForNativeMain NO-SOURCE
> Task :composeApp:prepareComposeResourcesTaskForNativeMain NO-SOURCE
> Task :composeApp:generateResourceAccessorsForNativeMain NO-SOURCE
> Task :composeApp:prepareComposeResourcesTaskForIosSimulatorArm64Main NO-SOURCE
> Task :composeApp:generateResourceAccessorsForIosSimulatorArm64Main NO-SOURCE
> Task :composeApp:generateActualResourceCollectorsForIosSimulatorArm64Main UP-TO-DATE
> Task :composeApp:podBuildFirebaseFirestoreIosSimulator UP-TO-DATE
> Task :composeApp:cinteropFirebaseFirestoreIosSimulatorArm64 UP-TO-DATE
> Task :composeApp:podBuildFirebaseAuthIosSimulator UP-TO-DATE
> Task :composeApp:cinteropFirebaseAuthIosSimulatorArm64 UP-TO-DATE
> Task :composeApp:podBuildFirebaseRemoteConfigIosSimulator UP-TO-DATE
> Task :composeApp:cinteropFirebaseRemoteConfigIosSimulatorArm64 UP-TO-DATE
> Task :composeApp:compileKotlinIosSimulatorArm64 UP-TO-DATE
> Task :composeApp:linkPodDebugFrameworkIosSimulatorArm64 UP-TO-DATE
> Task :composeApp:assemblePodDebugAppleFrameworkForXcodeIosSimulatorArm64
> Task :composeApp:copyDsymForEmbedAndSignPodAppleFrameworkForXcode SKIPPED
> Task :composeApp:embedAndSignPodAppleFrameworkForXcode SKIPPED

BUILD SUCCESSFUL in 3s
29 actionable tasks: 4 executed, 25 up-to-date
Configuration cache entry reused.

Ld /Users/pauloricha/Library/Developer/Xcode/DerivedData/iosApp-cynwljdxdnoqyxhdtywpdbpkuabz/Build/Products/Debug-iphonesimulator/BolaoDaGalera.app/__preview.dylib normal (in target 'iosApp' from project 'iosApp')
    cd /Users/pauloricha/StudioProjects/BolaoDaGalera/iosApp
    /Applications/Xcode.app/Contents/Developer/Toolchains/XcodeDefault.xctoolchain/usr/bin/clang -Xlinker -reproducible -target arm64-apple-ios16.0-simulator -dynamiclib -isysroot /Applications/Xcode.app/Contents/Developer/Platforms/iPhoneSimulator.platform/Developer/SDKs/iPhoneSimulator26.5.sdk -O0 -L/Users/pauloricha/Library/Developer/Xcode/DerivedData/iosApp-cynwljdxdnoqyxhdtywpdbpkuabz/Build/Products/Debug-iphonesimulator -L/Applications/Xcode.app/Contents/Developer/Toolchains/XcodeDefault.xctoolchain/usr/lib/swift/iphonesimulator -L/Applications/Xcode.app/Contents/Developer/Platforms/iPhoneSimulator.platform/Developer/SDKs/iPhoneSimulator26.5.sdk/usr/lib/swift -F/Users/pauloricha/Library/Developer/Xcode/DerivedData/iosApp-cynwljdxdnoqyxhdtywpdbpkuabz/Build/Products/Debug-iphonesimulator -F/Users/pauloricha/Library/Developer/Xcode/DerivedData/iosApp-cynwljdxdnoqyxhdtywpdbpkuabz/Build/Products/Debug-iphonesimulator/BoringSSL-GRPC -F/Users/pauloricha/Library/Developer/Xcode/DerivedData/iosApp-cynwljdxdnoqyxhdtywpdbpkuabz/Build/Products/Debug-iphonesimulator/FirebaseABTesting -F/Users/pauloricha/Library/Developer/Xcode/DerivedData/iosApp-cynwljdxdnoqyxhdtywpdbpkuabz/Build/Products/Debug-iphonesimulator/FirebaseAppCheckInterop -F/Users/pauloricha/Library/Developer/Xcode/DerivedData/iosApp-cynwljdxdnoqyxhdtywpdbpkuabz/Build/Products/Debug-iphonesimulator/FirebaseAuth -F/Users/pauloricha/Library/Developer/Xcode/DerivedData/iosApp-cynwljdxdnoqyxhdtywpdbpkuabz/Build/Products/Debug-iphonesimulator/FirebaseAuthInterop -F/Users/pauloricha/Library/Developer/Xcode/DerivedData/iosApp-cynwljdxdnoqyxhdtywpdbpkuabz/Build/Products/Debug-iphonesimulator/FirebaseCore -F/Users/pauloricha/Library/Developer/Xcode/DerivedData/iosApp-cynwljdxdnoqyxhdtywpdbpkuabz/Build/Products/Debug-iphonesimulator/FirebaseCoreExtension -F/Users/pauloricha/Library/Developer/Xcode/DerivedData/iosApp-cynwljdxdnoqyxhdtywpdbpkuabz/Build/Products/Debug-iphonesimulator/FirebaseCoreInternal -F/Users/pauloricha/Library/Developer/Xcode/DerivedData/iosApp-cynwljdxdnoqyxhdtywpdbpkuabz/Build/Products/Debug-iphonesimulator/FirebaseFirestore -F/Users/pauloricha/Library/Developer/Xcode/DerivedData/iosApp-cynwljdxdnoqyxhdtywpdbpkuabz/Build/Products/Debug-iphonesimulator/FirebaseFirestoreInternal -F/Users/pauloricha/Library/Developer/Xcode/DerivedData/iosApp-cynwljdxdnoqyxhdtywpdbpkuabz/Build/Products/Debug-iphonesimulator/FirebaseInstallations -F/Users/pauloricha/Library/Developer/Xcode/DerivedData/iosApp-cynwljdxdnoqyxhdtywpdbpkuabz/Build/Products/Debug-iphonesimulator/FirebaseRemoteConfig -F/Users/pauloricha/Library/Developer/Xcode/DerivedData/iosApp-cynwljdxdnoqyxhdtywpdbpkuabz/Build/Products/Debug-iphonesimulator/FirebaseRemoteConfigInterop -F/Users/pauloricha/Library/Developer/Xcode/DerivedData/iosApp-cynwljdxdnoqyxhdtywpdbpkuabz/Build/Products/Debug-iphonesimulator/FirebaseSharedSwift -F/Users/pauloricha/Library/Developer/Xcode/DerivedData/iosApp-cynwljdxdnoqyxhdtywpdbpkuabz/Build/Products/Debug-iphonesimulator/GTMSessionFetcher -F/Users/pauloricha/Library/Developer/Xcode/DerivedData/iosApp-cynwljdxdnoqyxhdtywpdbpkuabz/Build/Products/Debug-iphonesimulator/GoogleUtilities -F/Users/pauloricha/Library/Developer/Xcode/DerivedData/iosApp-cynwljdxdnoqyxhdtywpdbpkuabz/Build/Products/Debug-iphonesimulator/PromisesObjC -F/Users/pauloricha/Library/Developer/Xcode/DerivedData/iosApp-cynwljdxdnoqyxhdtywpdbpkuabz/Build/Products/Debug-iphonesimulator/RecaptchaInterop -F/Users/pauloricha/Library/Developer/Xcode/DerivedData/iosApp-cynwljdxdnoqyxhdtywpdbpkuabz/Build/Products/Debug-iphonesimulator/abseil -F/Users/pauloricha/Library/Developer/Xcode/DerivedData/iosApp-cynwljdxdnoqyxhdtywpdbpkuabz/Build/Products/Debug-iphonesimulator/gRPC-C++ -F/Users/pauloricha/Library/Developer/Xcode/DerivedData/iosApp-cynwljdxdnoqyxhdtywpdbpkuabz/Build/Products/Debug-iphonesimulator/gRPC-Core -F/Users/pauloricha/Library/Developer/Xcode/DerivedData/iosApp-cynwljdxdnoqyxhdtywpdbpkuabz/Build/Products/Debug-iphonesimulator/leveldb-library -F/Users/pauloricha/Library/Developer/Xcode/DerivedData/iosApp-cynwljdxdnoqyxhdtywpdbpkuabz/Build/Products/Debug-iphonesimulator/nanopb -F/Users/pauloricha/StudioProjects/BolaoDaGalera/composeApp/build/cocoapods/framework -install_name @rpath/BolaoDaGalera.debug.dylib -Xlinker -dead_strip -rdynamic -Xlinker -no_deduplicate -Xlinker -objc_abi_version -Xlinker 2 -Xlinker -dependency_info -Xlinker /Users/pauloricha/Library/Developer/Xcode/DerivedData/iosApp-cynwljdxdnoqyxhdtywpdbpkuabz/Build/Intermediates.noindex/iosApp.build/Debug-iphonesimulator/iosApp.build/Objects-normal/arm64/BolaoDaGalera_dependency_info.dat -Xlinker -sectcreate -Xlinker __TEXT -Xlinker __entitlements -Xlinker /Users/pauloricha/Library/Developer/Xcode/DerivedData/iosApp-cynwljdxdnoqyxhdtywpdbpkuabz/Build/Intermediates.noindex/iosApp.build/Debug-iphonesimulator/iosApp.build/BolaoDaGalera.app-Simulated.xcent -Xlinker -sectcreate -Xlinker __TEXT -Xlinker __ents_der -Xlinker /Users/pauloricha/Library/Developer/Xcode/DerivedData/iosApp-cynwljdxdnoqyxhdtywpdbpkuabz/Build/Intermediates.noindex/iosApp.build/Debug-iphonesimulator/iosApp.build/BolaoDaGalera.app-Simulated.xcent.der -Xlinker -no_adhoc_codesign -o /Users/pauloricha/Library/Developer/Xcode/DerivedData/iosApp-cynwljdxdnoqyxhdtywpdbpkuabz/Build/Products/Debug-iphonesimulator/BolaoDaGalera.app/__preview.dylib

SwiftDriver iosApp normal arm64 com.apple.xcode.tools.swift.compiler (in target 'iosApp' from project 'iosApp')
    cd /Users/pauloricha/StudioProjects/BolaoDaGalera/iosApp
    builtin-SwiftDriver -- /Applications/Xcode.app/Contents/Developer/Toolchains/XcodeDefault.xctoolchain/usr/bin/swiftc -module-name BolaoDaGalera -Onone @/Users/pauloricha/Library/Developer/Xcode/DerivedData/iosApp-cynwljdxdnoqyxhdtywpdbpkuabz/Build/Intermediates.noindex/iosApp.build/Debug-iphonesimulator/iosApp.build/Objects-normal/arm64/BolaoDaGalera.SwiftFileList -DDEBUG -D COCOAPODS -enable-bare-slash-regex -enable-experimental-feature DebugDescriptionMacro -sdk /Applications/Xcode.app/Contents/Developer/Platforms/iPhoneSimulator.platform/Developer/SDKs/iPhoneSimulator26.5.sdk -target arm64-apple-ios16.0-simulator -g -module-cache-path /Users/pauloricha/Library/Developer/Xcode/DerivedData/ModuleCache.noindex -Xfrontend -serialize-debugging-options -enable-testing -index-store-path /Users/pauloricha/Library/Developer/Xcode/DerivedData/iosApp-cynwljdxdnoqyxhdtywpdbpkuabz/Index.noindex/DataStore -Xcc -D_LIBCPP_HARDENING_MODE\=_LIBCPP_HARDENING_MODE_DEBUG -swift-version 5 -I /Users/pauloricha/Library/Developer/Xcode/DerivedData/iosApp-cynwljdxdnoqyxhdtywpdbpkuabz/Build/Products/Debug-iphonesimulator -F /Users/pauloricha/Library/Developer/Xcode/DerivedData/iosApp-cynwljdxdnoqyxhdtywpdbpkuabz/Build/Products/Debug-iphonesimulator -F /Users/pauloricha/Library/Developer/Xcode/DerivedData/iosApp-cynwljdxdnoqyxhdtywpdbpkuabz/Build/Products/Debug-iphonesimulator/BoringSSL-GRPC -F /Users/pauloricha/Library/Developer/Xcode/DerivedData/iosApp-cynwljdxdnoqyxhdtywpdbpkuabz/Build/Products/Debug-iphonesimulator/FirebaseABTesting -F /Users/pauloricha/Library/Developer/Xcode/DerivedData/iosApp-cynwljdxdnoqyxhdtywpdbpkuabz/Build/Products/Debug-iphonesimulator/FirebaseAppCheckInterop -F /Users/pauloricha/Library/Developer/Xcode/DerivedData/iosApp-cynwljdxdnoqyxhdtywpdbpkuabz/Build/Products/Debug-iphonesimulator/FirebaseAuth -F /Users/pauloricha/Library/Developer/Xcode/DerivedData/iosApp-cynwljdxdnoqyxhdtywpdbpkuabz/Build/Products/Debug-iphonesimulator/FirebaseAuthInterop -F /Users/pauloricha/Library/Developer/Xcode/DerivedData/iosApp-cynwljdxdnoqyxhdtywpdbpkuabz/Build/Products/Debug-iphonesimulator/FirebaseCore -F /Users/pauloricha/Library/Developer/Xcode/DerivedData/iosApp-cynwljdxdnoqyxhdtywpdbpkuabz/Build/Products/Debug-iphonesimulator/FirebaseCoreExtension -F /Users/pauloricha/Library/Developer/Xcode/DerivedData/iosApp-cynwljdxdnoqyxhdtywpdbpkuabz/Build/Products/Debug-iphonesimulator/FirebaseCoreInternal -F /Users/pauloricha/Library/Developer/Xcode/DerivedData/iosApp-cynwljdxdnoqyxhdtywpdbpkuabz/Build/Products/Debug-iphonesimulator/FirebaseFirestore -F /Users/pauloricha/Library/Developer/Xcode/DerivedData/iosApp-cynwljdxdnoqyxhdtywpdbpkuabz/Build/Products/Debug-iphonesimulator/FirebaseFirestoreInternal -F /Users/pauloricha/Library/Developer/Xcode/DerivedData/iosApp-cynwljdxdnoqyxhdtywpdbpkuabz/Build/Products/Debug-iphonesimulator/FirebaseInstallations -F /Users/pauloricha/Library/Developer/Xcode/DerivedData/iosApp-cynwljdxdnoqyxhdtywpdbpkuabz/Build/Products/Debug-iphonesimulator/FirebaseRemoteConfig -F /Users/pauloricha/Library/Developer/Xcode/DerivedData/iosApp-cynwljdxdnoqyxhdtywpdbpkuabz/Build/Products/Debug-iphonesimulator/FirebaseRemoteConfigInterop -F /Users/pauloricha/Library/Developer/Xcode/DerivedData/iosApp-cynwljdxdnoqyxhdtywpdbpkuabz/Build/Products/Debug-iphonesimulator/FirebaseSharedSwift -F /Users/pauloricha/Library/Developer/Xcode/DerivedData/iosApp-cynwljdxdnoqyxhdtywpdbpkuabz/Build/Products/Debug-iphonesimulator/GTMSessionFetcher -F /Users/pauloricha/Library/Developer/Xcode/DerivedData/iosApp-cynwljdxdnoqyxhdtywpdbpkuabz/Build/Products/Debug-iphonesimulator/GoogleUtilities -F /Users/pauloricha/Library/Developer/Xcode/DerivedData/iosApp-cynwljdxdnoqyxhdtywpdbpkuabz/Build/Products/Debug-iphonesimulator/PromisesObjC -F /Users/pauloricha/Library/Developer/Xcode/DerivedData/iosApp-cynwljdxdnoqyxhdtywpdbpkuabz/Build/Products/Debug-iphonesimulator/RecaptchaInterop -F /Users/pauloricha/Library/Developer/Xcode/DerivedData/iosApp-cynwljdxdnoqyxhdtywpdbpkuabz/Build/Products/Debug-iphonesimulator/abseil -F /Users/pauloricha/Library/Developer/Xcode/DerivedData/iosApp-cynwljdxdnoqyxhdtywpdbpkuabz/Build/Products/Debug-iphonesimulator/gRPC-C++ -F /Users/pauloricha/Library/Developer/Xcode/DerivedData/iosApp-cynwljdxdnoqyxhdtywpdbpkuabz/Build/Products/Debug-iphonesimulator/gRPC-Core -F /Users/pauloricha/Library/Developer/Xcode/DerivedData/iosApp-cynwljdxdnoqyxhdtywpdbpkuabz/Build/Products/Debug-iphonesimulator/leveldb-library -F /Users/pauloricha/Library/Developer/Xcode/DerivedData/iosApp-cynwljdxdnoqyxhdtywpdbpkuabz/Build/Products/Debug-iphonesimulator/nanopb -F /Users/pauloricha/StudioProjects/BolaoDaGalera/composeApp/build/cocoapods/framework -emit-localized-strings -emit-localized-strings-path /Users/pauloricha/Library/Developer/Xcode/DerivedData/iosApp-cynwljdxdnoqyxhdtywpdbpkuabz/Build/Intermediates.noindex/iosApp.build/Debug-iphonesimulator/iosApp.build/Objects-normal/arm64 -c -j10 -enable-batch-mode -incremental -Xcc -ivfsstatcache -Xcc /Users/pauloricha/Library/Developer/Xcode/DerivedData/SDKStatCaches.noindex/iphonesimulator26.5-23F81a-6cfe768891a92b912361537c460fe42b.sdkstatcache -output-file-map /Users/pauloricha/Library/Developer/Xcode/DerivedData/iosApp-cynwljdxdnoqyxhdtywpdbpkuabz/Build/Intermediates.noindex/iosApp.build/Debug-iphonesimulator/iosApp.build/Objects-normal/arm64/iosApp-OutputFileMap.json -use-frontend-parseable-output -save-temps -no-color-diagnostics -explicit-module-build -module-cache-path /Users/pauloricha/Library/Developer/Xcode/DerivedData/iosApp-cynwljdxdnoqyxhdtywpdbpkuabz/Build/Intermediates.noindex/SwiftExplicitPrecompiledModules -clang-scanner-module-cache-path /Users/pauloricha/Library/Developer/Xcode/DerivedData/ModuleCache.noindex -sdk-module-cache-path /Users/pauloricha/Library/Developer/Xcode/DerivedData/ModuleCache.noindex -serialize-diagnostics -emit-dependencies -emit-module -emit-module-path /Users/pauloricha/Library/Developer/Xcode/DerivedData/iosApp-cynwljdxdnoqyxhdtywpdbpkuabz/Build/Intermediates.noindex/iosApp.build/Debug-iphonesimulator/iosApp.build/Objects-normal/arm64/BolaoDaGalera.swiftmodule -validate-clang-modules-once -clang-build-session-file /Users/pauloricha/Library/Developer/Xcode/DerivedData/ModuleCache.noindex/Session.modulevalidation -Xcc -I/Users/pauloricha/Library/Developer/Xcode/DerivedData/iosApp-cynwljdxdnoqyxhdtywpdbpkuabz/Build/Intermediates.noindex/iosApp.build/Debug-iphonesimulator/iosApp.build/swift-overrides.hmap -emit-const-values -Xfrontend -const-gather-protocols-file -Xfrontend /Users/pauloricha/Library/Developer/Xcode/DerivedData/iosApp-cynwljdxdnoqyxhdtywpdbpkuabz/Build/Intermediates.noindex/iosApp.build/Debug-iphonesimulator/iosApp.build/Objects-normal/arm64/iosApp_const_extract_protocols.json -Xcc -iquote -Xcc /Users/pauloricha/Library/Developer/Xcode/DerivedData/iosApp-cynwljdxdnoqyxhdtywpdbpkuabz/Build/Intermediates.noindex/iosApp.build/Debug-iphonesimulator/iosApp.build/BolaoDaGalera-generated-files.hmap -Xcc -I/Users/pauloricha/Library/Developer/Xcode/DerivedData/iosApp-cynwljdxdnoqyxhdtywpdbpkuabz/Build/Intermediates.noindex/iosApp.build/Debug-iphonesimulator/iosApp.build/BolaoDaGalera-own-target-headers.hmap -Xcc -I/Users/pauloricha/Library/Developer/Xcode/DerivedData/iosApp-cynwljdxdnoqyxhdtywpdbpkuabz/Build/Intermediates.noindex/iosApp.build/Debug-iphonesimulator/iosApp.build/BolaoDaGalera-all-non-framework-target-headers.hmap -Xcc -ivfsoverlay -Xcc /Users/pauloricha/Library/Developer/Xcode/DerivedData/iosApp-cynwljdxdnoqyxhdtywpdbpkuabz/Build/Intermediates.noindex/iosApp.build/Debug-iphonesimulator/iosApp-7b79493a8b7fc1f2fff3c51cd12ba024-VFS-iphonesimulator/all-product-headers.yaml -Xcc -iquote -Xcc /Users/pauloricha/Library/Developer/Xcode/DerivedData/iosApp-cynwljdxdnoqyxhdtywpdbpkuabz/Build/Intermediates.noindex/iosApp.build/Debug-iphonesimulator/iosApp.build/BolaoDaGalera-project-headers.hmap -Xcc -I/Users/pauloricha/Library/Developer/Xcode/DerivedData/iosApp-cynwljdxdnoqyxhdtywpdbpkuabz/Build/Products/Debug-iphonesimulator/include -Xcc -I/Users/pauloricha/Library/Developer/Xcode/DerivedData/iosApp-cynwljdxdnoqyxhdtywpdbpkuabz/Build/Products/Debug-iphonesimulator/BoringSSL-GRPC/openssl_grpc.framework/Headers -Xcc -I/Users/pauloricha/Library/Developer/Xcode/DerivedData/iosApp-cynwljdxdnoqyxhdtywpdbpkuabz/Build/Products/Debug-iphonesimulator/FirebaseABTesting/FirebaseABTesting.framework/Headers -Xcc -I/Users/pauloricha/Library/Developer/Xcode/DerivedData/iosApp-cynwljdxdnoqyxhdtywpdbpkuabz/Build/Products/Debug-iphonesimulator/FirebaseAppCheckInterop/FirebaseAppCheckInterop.framework/Headers -Xcc -I/Users/pauloricha/Library/Developer/Xcode/DerivedData/iosApp-cynwljdxdnoqyxhdtywpdbpkuabz/Build/Products/Debug-iphonesimulator/FirebaseAuth/FirebaseAuth.framework/Headers -Xcc -I/Users/pauloricha/Library/Developer/Xcode/DerivedData/iosApp-cynwljdxdnoqyxhdtywpdbpkuabz/Build/Products/Debug-iphonesimulator/FirebaseAuthInterop/FirebaseAuthInterop.framework/Headers -Xcc -I/Users/pauloricha/Library/Developer/Xcode/DerivedData/iosApp-cynwljdxdnoqyxhdtywpdbpkuabz/Build/Products/Debug-iphonesimulator/FirebaseCore/FirebaseCore.framework/Headers -Xcc -I/Users/pauloricha/Library/Developer/Xcode/DerivedData/iosApp-cynwljdxdnoqyxhdtywpdbpkuabz/Build/Products/Debug-iphonesimulator/FirebaseCoreExtension/FirebaseCoreExtension.framework/Headers -Xcc -I/Users/pauloricha/Library/Developer/Xcode/DerivedData/iosApp-cynwljdxdnoqyxhdtywpdbpkuabz/Build/Products/Debug-iphonesimulator/FirebaseCoreInternal/FirebaseCoreInternal.framework/Headers -Xcc -I/Users/pauloricha/Library/Developer/Xcode/DerivedData/iosApp-cynwljdxdnoqyxhdtywpdbpkuabz/Build/Products/Debug-iphonesimulator/FirebaseFirestore/FirebaseFirestore.framework/Headers -Xcc -I/Users/pauloricha/Library/Developer/Xcode/DerivedData/iosApp-cynwljdxdnoqyxhdtywpdbpkuabz/Build/Products/Debug-iphonesimulator/FirebaseFirestoreInternal/FirebaseFirestoreInternal.framework/Headers -Xcc -I/Users/pauloricha/Library/Developer/Xcode/DerivedData/iosApp-cynwljdxdnoqyxhdtywpdbpkuabz/Build/Products/Debug-iphonesimulator/FirebaseInstallations/FirebaseInstallations.framework/Headers -Xcc -I/Users/pauloricha/Library/Developer/Xcode/DerivedData/iosApp-cynwljdxdnoqyxhdtywpdbpkuabz/Build/Products/Debug-iphonesimulator/FirebaseRemoteConfig/FirebaseRemoteConfig.framework/Headers -Xcc -I/Users/pauloricha/Library/Developer/Xcode/DerivedData/iosApp-cynwljdxdnoqyxhdtywpdbpkuabz/Build/Products/Debug-iphonesimulator/FirebaseRemoteConfigInterop/FirebaseRemoteConfigInterop.framework/Headers -Xcc -I/Users/pauloricha/Library/Developer/Xcode/DerivedData/iosApp-cynwljdxdnoqyxhdtywpdbpkuabz/Build/Products/Debug-iphonesimulator/FirebaseSharedSwift/FirebaseSharedSwift.framework/Headers -Xcc -I/Users/pauloricha/Library/Developer/Xcode/DerivedData/iosApp-cynwljdxdnoqyxhdtywpdbpkuabz/Build/Products/Debug-iphonesimulator/GTMSessionFetcher/GTMSessionFetcher.framework/Headers -Xcc -I/Users/pauloricha/Library/Developer/Xcode/DerivedData/iosApp-cynwljdxdnoqyxhdtywpdbpkuabz/Build/Products/Debug-iphonesimulator/GoogleUtilities/GoogleUtilities.framework/Headers -Xcc -I/Users/pauloricha/Library/Developer/Xcode/DerivedData/iosApp-cynwljdxdnoqyxhdtywpdbpkuabz/Build/Products/Debug-iphonesimulator/PromisesObjC/FBLPromises.framework/Headers -Xcc -I/Users/pauloricha/Library/Developer/Xcode/DerivedData/iosApp-cynwljdxdnoqyxhdtywpdbpkuabz/Build/Products/Debug-iphonesimulator/RecaptchaInterop/RecaptchaInterop.framework/Headers -Xcc -I/Users/pauloricha/Library/Developer/Xcode/DerivedData/iosApp-cynwljdxdnoqyxhdtywpdbpkuabz/Build/Products/Debug-iphonesimulator/abseil/absl.framework/Headers -Xcc -I/Users/pauloricha/Library/Developer/Xcode/DerivedData/iosApp-cynwljdxdnoqyxhdtywpdbpkuabz/Build/Products/Debug-iphonesimulator/gRPC-C++/grpcpp.framework/Headers -Xcc -I/Users/pauloricha/Library/Developer/Xcode/DerivedData/iosApp-cynwljdxdnoqyxhdtywpdbpkuabz/Build/Products/Debug-iphonesimulator/gRPC-Core/grpc.framework/Headers -Xcc -I/Users/pauloricha/Library/Developer/Xcode/DerivedData/iosApp-cynwljdxdnoqyxhdtywpdbpkuabz/Build/Products/Debug-iphonesimulator/leveldb-library/leveldb.framework/Headers -Xcc -I/Users/pauloricha/Library/Developer/Xcode/DerivedData/iosApp-cynwljdxdnoqyxhdtywpdbpkuabz/Build/Products/Debug-iphonesimulator/nanopb/nanopb.framework/Headers -Xcc -I/Users/pauloricha/Library/Developer/Xcode/DerivedData/iosApp-cynwljdxdnoqyxhdtywpdbpkuabz/Build/Intermediates.noindex/iosApp.build/Debug-iphonesimulator/iosApp.build/DerivedSources-normal/arm64 -Xcc -I/Users/pauloricha/Library/Developer/Xcode/DerivedData/iosApp-cynwljdxdnoqyxhdtywpdbpkuabz/Build/Intermediates.noindex/iosApp.build/Debug-iphonesimulator/iosApp.build/DerivedSources/arm64 -Xcc -I/Users/pauloricha/Library/Developer/Xcode/DerivedData/iosApp-cynwljdxdnoqyxhdtywpdbpkuabz/Build/Intermediates.noindex/iosApp.build/Debug-iphonesimulator/iosApp.build/DerivedSources -Xcc -DDEBUG\=1 -Xcc -DCOCOAPODS\=1 -Xcc -DDEBUG\=1 -Xcc -DPB_FIELD_32BIT\=1 -Xcc -DPB_NO_PACKED_STRUCTS\=1 -Xcc -DPB_ENABLE_MALLOC\=1 -emit-objc-header -emit-objc-header-path /Users/pauloricha/Library/Developer/Xcode/DerivedData/iosApp-cynwljdxdnoqyxhdtywpdbpkuabz/Build/Intermediates.noindex/iosApp.build/Debug-iphonesimulator/iosApp.build/Objects-normal/arm64/BolaoDaGalera-Swift.h -working-directory /Users/pauloricha/StudioProjects/BolaoDaGalera/iosApp -experimental-emit-module-separately -disable-cmo

ProcessInfoPlistFile /Users/pauloricha/Library/Developer/Xcode/DerivedData/iosApp-cynwljdxdnoqyxhdtywpdbpkuabz/Build/Products/Debug-iphonesimulator/BolaoDaGalera.app/Info.plist /Users/pauloricha/StudioProjects/BolaoDaGalera/iosApp/iosApp/Info.plist (in target 'iosApp' from project 'iosApp')
    cd /Users/pauloricha/StudioProjects/BolaoDaGalera/iosApp
    builtin-infoPlistUtility /Users/pauloricha/StudioProjects/BolaoDaGalera/iosApp/iosApp/Info.plist -producttype com.apple.product-type.application -genpkginfo /Users/pauloricha/Library/Developer/Xcode/DerivedData/iosApp-cynwljdxdnoqyxhdtywpdbpkuabz/Build/Products/Debug-iphonesimulator/BolaoDaGalera.app/PkgInfo -expandbuildsettings -format binary -platform iphonesimulator -additionalcontentfile /Users/pauloricha/Library/Developer/Xcode/DerivedData/iosApp-cynwljdxdnoqyxhdtywpdbpkuabz/Build/Intermediates.noindex/iosApp.build/Debug-iphonesimulator/iosApp.build/assetcatalog_generated_info.plist -o /Users/pauloricha/Library/Developer/Xcode/DerivedData/iosApp-cynwljdxdnoqyxhdtywpdbpkuabz/Build/Products/Debug-iphonesimulator/BolaoDaGalera.app/Info.plist

SwiftExplicitDependencyGeneratePcm arm64 /Users/pauloricha/Library/Developer/Xcode/DerivedData/iosApp-cynwljdxdnoqyxhdtywpdbpkuabz/Build/Intermediates.noindex/SwiftExplicitPrecompiledModules/ComposeApp-7LWDB7Z28WV4LGG7AXCHFKMV7.pcm

SwiftCompile normal arm64 Compiling\ GeneratedAssetSymbols.swift /Users/pauloricha/Library/Developer/Xcode/DerivedData/iosApp-cynwljdxdnoqyxhdtywpdbpkuabz/Build/Intermediates.noindex/iosApp.build/Debug-iphonesimulator/iosApp.build/DerivedSources/GeneratedAssetSymbols.swift (in target 'iosApp' from project 'iosApp')

SwiftCompile normal arm64 /Users/pauloricha/Library/Developer/Xcode/DerivedData/iosApp-cynwljdxdnoqyxhdtywpdbpkuabz/Build/Intermediates.noindex/iosApp.build/Debug-iphonesimulator/iosApp.build/DerivedSources/GeneratedAssetSymbols.swift (in target 'iosApp' from project 'iosApp')
    cd /Users/pauloricha/StudioProjects/BolaoDaGalera/iosApp
    

SwiftCompile normal arm64 Compiling\ iOSApp.swift /Users/pauloricha/StudioProjects/BolaoDaGalera/iosApp/iosApp/iOSApp.swift (in target 'iosApp' from project 'iosApp')

SwiftCompile normal arm64 /Users/pauloricha/StudioProjects/BolaoDaGalera/iosApp/iosApp/iOSApp.swift (in target 'iosApp' from project 'iosApp')
    cd /Users/pauloricha/StudioProjects/BolaoDaGalera/iosApp
    

SwiftCompile normal arm64 Compiling\ ContentView.swift /Users/pauloricha/StudioProjects/BolaoDaGalera/iosApp/iosApp/ContentView.swift (in target 'iosApp' from project 'iosApp')

SwiftCompile normal arm64 /Users/pauloricha/StudioProjects/BolaoDaGalera/iosApp/iosApp/ContentView.swift (in target 'iosApp' from project 'iosApp')
    cd /Users/pauloricha/StudioProjects/BolaoDaGalera/iosApp
    

SwiftEmitModule normal arm64 Emitting\ module\ for\ BolaoDaGalera (in target 'iosApp' from project 'iosApp')

EmitSwiftModule normal arm64 (in target 'iosApp' from project 'iosApp')
    cd /Users/pauloricha/StudioProjects/BolaoDaGalera/iosApp
    

SwiftDriverJobDiscovery normal arm64 Compiling iOSApp.swift (in target 'iosApp' from project 'iosApp')

SwiftDriverJobDiscovery normal arm64 Compiling ContentView.swift (in target 'iosApp' from project 'iosApp')

SwiftDriverJobDiscovery normal arm64 Emitting module for BolaoDaGalera (in target 'iosApp' from project 'iosApp')

SwiftDriver\ Compilation\ Requirements iosApp normal arm64 com.apple.xcode.tools.swift.compiler (in target 'iosApp' from project 'iosApp')
    cd /Users/pauloricha/StudioProjects/BolaoDaGalera/iosApp
    builtin-Swift-Compilation-Requirements -- /Applications/Xcode.app/Contents/Developer/Toolchains/XcodeDefault.xctoolchain/usr/bin/swiftc -module-name BolaoDaGalera -Onone @/Users/pauloricha/Library/Developer/Xcode/DerivedData/iosApp-cynwljdxdnoqyxhdtywpdbpkuabz/Build/Intermediates.noindex/iosApp.build/Debug-iphonesimulator/iosApp.build/Objects-normal/arm64/BolaoDaGalera.SwiftFileList -DDEBUG -D COCOAPODS -enable-bare-slash-regex -enable-experimental-feature DebugDescriptionMacro -sdk /Applications/Xcode.app/Contents/Developer/Platforms/iPhoneSimulator.platform/Developer/SDKs/iPhoneSimulator26.5.sdk -target arm64-apple-ios16.0-simulator -g -module-cache-path /Users/pauloricha/Library/Developer/Xcode/DerivedData/ModuleCache.noindex -Xfrontend -serialize-debugging-options -enable-testing -index-store-path /Users/pauloricha/Library/Developer/Xcode/DerivedData/iosApp-cynwljdxdnoqyxhdtywpdbpkuabz/Index.noindex/DataStore -Xcc -D_LIBCPP_HARDENING_MODE\=_LIBCPP_HARDENING_MODE_DEBUG -swift-version 5 -I /Users/pauloricha/Library/Developer/Xcode/DerivedData/iosApp-cynwljdxdnoqyxhdtywpdbpkuabz/Build/Products/Debug-iphonesimulator -F /Users/pauloricha/Library/Developer/Xcode/DerivedData/iosApp-cynwljdxdnoqyxhdtywpdbpkuabz/Build/Products/Debug-iphonesimulator -F /Users/pauloricha/Library/Developer/Xcode/DerivedData/iosApp-cynwljdxdnoqyxhdtywpdbpkuabz/Build/Products/Debug-iphonesimulator/BoringSSL-GRPC -F /Users/pauloricha/Library/Developer/Xcode/DerivedData/iosApp-cynwljdxdnoqyxhdtywpdbpkuabz/Build/Products/Debug-iphonesimulator/FirebaseABTesting -F /Users/pauloricha/Library/Developer/Xcode/DerivedData/iosApp-cynwljdxdnoqyxhdtywpdbpkuabz/Build/Products/Debug-iphonesimulator/FirebaseAppCheckInterop -F /Users/pauloricha/Library/Developer/Xcode/DerivedData/iosApp-cynwljdxdnoqyxhdtywpdbpkuabz/Build/Products/Debug-iphonesimulator/FirebaseAuth -F /Users/pauloricha/Library/Developer/Xcode/DerivedData/iosApp-cynwljdxdnoqyxhdtywpdbpkuabz/Build/Products/Debug-iphonesimulator/FirebaseAuthInterop -F /Users/pauloricha/Library/Developer/Xcode/DerivedData/iosApp-cynwljdxdnoqyxhdtywpdbpkuabz/Build/Products/Debug-iphonesimulator/FirebaseCore -F /Users/pauloricha/Library/Developer/Xcode/DerivedData/iosApp-cynwljdxdnoqyxhdtywpdbpkuabz/Build/Products/Debug-iphonesimulator/FirebaseCoreExtension -F /Users/pauloricha/Library/Developer/Xcode/DerivedData/iosApp-cynwljdxdnoqyxhdtywpdbpkuabz/Build/Products/Debug-iphonesimulator/FirebaseCoreInternal -F /Users/pauloricha/Library/Developer/Xcode/DerivedData/iosApp-cynwljdxdnoqyxhdtywpdbpkuabz/Build/Products/Debug-iphonesimulator/FirebaseFirestore -F /Users/pauloricha/Library/Developer/Xcode/DerivedData/iosApp-cynwljdxdnoqyxhdtywpdbpkuabz/Build/Products/Debug-iphonesimulator/FirebaseFirestoreInternal -F /Users/pauloricha/Library/Developer/Xcode/DerivedData/iosApp-cynwljdxdnoqyxhdtywpdbpkuabz/Build/Products/Debug-iphonesimulator/FirebaseInstallations -F /Users/pauloricha/Library/Developer/Xcode/DerivedData/iosApp-cynwljdxdnoqyxhdtywpdbpkuabz/Build/Products/Debug-iphonesimulator/FirebaseRemoteConfig -F /Users/pauloricha/Library/Developer/Xcode/DerivedData/iosApp-cynwljdxdnoqyxhdtywpdbpkuabz/Build/Products/Debug-iphonesimulator/FirebaseRemoteConfigInterop -F /Users/pauloricha/Library/Developer/Xcode/DerivedData/iosApp-cynwljdxdnoqyxhdtywpdbpkuabz/Build/Products/Debug-iphonesimulator/FirebaseSharedSwift -F /Users/pauloricha/Library/Developer/Xcode/DerivedData/iosApp-cynwljdxdnoqyxhdtywpdbpkuabz/Build/Products/Debug-iphonesimulator/GTMSessionFetcher -F /Users/pauloricha/Library/Developer/Xcode/DerivedData/iosApp-cynwljdxdnoqyxhdtywpdbpkuabz/Build/Products/Debug-iphonesimulator/GoogleUtilities -F /Users/pauloricha/Library/Developer/Xcode/DerivedData/iosApp-cynwljdxdnoqyxhdtywpdbpkuabz/Build/Products/Debug-iphonesimulator/PromisesObjC -F /Users/pauloricha/Library/Developer/Xcode/DerivedData/iosApp-cynwljdxdnoqyxhdtywpdbpkuabz/Build/Products/Debug-iphonesimulator/RecaptchaInterop -F /Users/pauloricha/Library/Developer/Xcode/DerivedData/iosApp-cynwljdxdnoqyxhdtywpdbpkuabz/Build/Products/Debug-iphonesimulator/abseil -F /Users/pauloricha/Library/Developer/Xcode/DerivedData/iosApp-cynwljdxdnoqyxhdtywpdbpkuabz/Build/Products/Debug-iphonesimulator/gRPC-C++ -F /Users/pauloricha/Library/Developer/Xcode/DerivedData/iosApp-cynwljdxdnoqyxhdtywpdbpkuabz/Build/Products/Debug-iphonesimulator/gRPC-Core -F /Users/pauloricha/Library/Developer/Xcode/DerivedData/iosApp-cynwljdxdnoqyxhdtywpdbpkuabz/Build/Products/Debug-iphonesimulator/leveldb-library -F /Users/pauloricha/Library/Developer/Xcode/DerivedData/iosApp-cynwljdxdnoqyxhdtywpdbpkuabz/Build/Products/Debug-iphonesimulator/nanopb -F /Users/pauloricha/StudioProjects/BolaoDaGalera/composeApp/build/cocoapods/framework -emit-localized-strings -emit-localized-strings-path /Users/pauloricha/Library/Developer/Xcode/DerivedData/iosApp-cynwljdxdnoqyxhdtywpdbpkuabz/Build/Intermediates.noindex/iosApp.build/Debug-iphonesimulator/iosApp.build/Objects-normal/arm64 -c -j10 -enable-batch-mode -incremental -Xcc -ivfsstatcache -Xcc /Users/pauloricha/Library/Developer/Xcode/DerivedData/SDKStatCaches.noindex/iphonesimulator26.5-23F81a-6cfe768891a92b912361537c460fe42b.sdkstatcache -output-file-map /Users/pauloricha/Library/Developer/Xcode/DerivedData/iosApp-cynwljdxdnoqyxhdtywpdbpkuabz/Build/Intermediates.noindex/iosApp.build/Debug-iphonesimulator/iosApp.build/Objects-normal/arm64/iosApp-OutputFileMap.json -use-frontend-parseable-output -save-temps -no-color-diagnostics -explicit-module-build -module-cache-path /Users/pauloricha/Library/Developer/Xcode/DerivedData/iosApp-cynwljdxdnoqyxhdtywpdbpkuabz/Build/Intermediates.noindex/SwiftExplicitPrecompiledModules -clang-scanner-module-cache-path /Users/pauloricha/Library/Developer/Xcode/DerivedData/ModuleCache.noindex -sdk-module-cache-path /Users/pauloricha/Library/Developer/Xcode/DerivedData/ModuleCache.noindex -serialize-diagnostics -emit-dependencies -emit-module -emit-module-path /Users/pauloricha/Library/Developer/Xcode/DerivedData/iosApp-cynwljdxdnoqyxhdtywpdbpkuabz/Build/Intermediates.noindex/iosApp.build/Debug-iphonesimulator/iosApp.build/Objects-normal/arm64/BolaoDaGalera.swiftmodule -validate-clang-modules-once -clang-build-session-file /Users/pauloricha/Library/Developer/Xcode/DerivedData/ModuleCache.noindex/Session.modulevalidation -Xcc -I/Users/pauloricha/Library/Developer/Xcode/DerivedData/iosApp-cynwljdxdnoqyxhdtywpdbpkuabz/Build/Intermediates.noindex/iosApp.build/Debug-iphonesimulator/iosApp.build/swift-overrides.hmap -emit-const-values -Xfrontend -const-gather-protocols-file -Xfrontend /Users/pauloricha/Library/Developer/Xcode/DerivedData/iosApp-cynwljdxdnoqyxhdtywpdbpkuabz/Build/Intermediates.noindex/iosApp.build/Debug-iphonesimulator/iosApp.build/Objects-normal/arm64/iosApp_const_extract_protocols.json -Xcc -iquote -Xcc /Users/pauloricha/Library/Developer/Xcode/DerivedData/iosApp-cynwljdxdnoqyxhdtywpdbpkuabz/Build/Intermediates.noindex/iosApp.build/Debug-iphonesimulator/iosApp.build/BolaoDaGalera-generated-files.hmap -Xcc -I/Users/pauloricha/Library/Developer/Xcode/DerivedData/iosApp-cynwljdxdnoqyxhdtywpdbpkuabz/Build/Intermediates.noindex/iosApp.build/Debug-iphonesimulator/iosApp.build/BolaoDaGalera-own-target-headers.hmap -Xcc -I/Users/pauloricha/Library/Developer/Xcode/DerivedData/iosApp-cynwljdxdnoqyxhdtywpdbpkuabz/Build/Intermediates.noindex/iosApp.build/Debug-iphonesimulator/iosApp.build/BolaoDaGalera-all-non-framework-target-headers.hmap -Xcc -ivfsoverlay -Xcc /Users/pauloricha/Library/Developer/Xcode/DerivedData/iosApp-cynwljdxdnoqyxhdtywpdbpkuabz/Build/Intermediates.noindex/iosApp.build/Debug-iphonesimulator/iosApp-7b79493a8b7fc1f2fff3c51cd12ba024-VFS-iphonesimulator/all-product-headers.yaml -Xcc -iquote -Xcc /Users/pauloricha/Library/Developer/Xcode/DerivedData/iosApp-cynwljdxdnoqyxhdtywpdbpkuabz/Build/Intermediates.noindex/iosApp.build/Debug-iphonesimulator/iosApp.build/BolaoDaGalera-project-headers.hmap -Xcc -I/Users/pauloricha/Library/Developer/Xcode/DerivedData/iosApp-cynwljdxdnoqyxhdtywpdbpkuabz/Build/Products/Debug-iphonesimulator/include -Xcc -I/Users/pauloricha/Library/Developer/Xcode/DerivedData/iosApp-cynwljdxdnoqyxhdtywpdbpkuabz/Build/Products/Debug-iphonesimulator/BoringSSL-GRPC/openssl_grpc.framework/Headers -Xcc -I/Users/pauloricha/Library/Developer/Xcode/DerivedData/iosApp-cynwljdxdnoqyxhdtywpdbpkuabz/Build/Products/Debug-iphonesimulator/FirebaseABTesting/FirebaseABTesting.framework/Headers -Xcc -I/Users/pauloricha/Library/Developer/Xcode/DerivedData/iosApp-cynwljdxdnoqyxhdtywpdbpkuabz/Build/Products/Debug-iphonesimulator/FirebaseAppCheckInterop/FirebaseAppCheckInterop.framework/Headers -Xcc -I/Users/pauloricha/Library/Developer/Xcode/DerivedData/iosApp-cynwljdxdnoqyxhdtywpdbpkuabz/Build/Products/Debug-iphonesimulator/FirebaseAuth/FirebaseAuth.framework/Headers -Xcc -I/Users/pauloricha/Library/Developer/Xcode/DerivedData/iosApp-cynwljdxdnoqyxhdtywpdbpkuabz/Build/Products/Debug-iphonesimulator/FirebaseAuthInterop/FirebaseAuthInterop.framework/Headers -Xcc -I/Users/pauloricha/Library/Developer/Xcode/DerivedData/iosApp-cynwljdxdnoqyxhdtywpdbpkuabz/Build/Products/Debug-iphonesimulator/FirebaseCore/FirebaseCore.framework/Headers -Xcc -I/Users/pauloricha/Library/Developer/Xcode/DerivedData/iosApp-cynwljdxdnoqyxhdtywpdbpkuabz/Build/Products/Debug-iphonesimulator/FirebaseCoreExtension/FirebaseCoreExtension.framework/Headers -Xcc -I/Users/pauloricha/Library/Developer/Xcode/DerivedData/iosApp-cynwljdxdnoqyxhdtywpdbpkuabz/Build/Products/Debug-iphonesimulator/FirebaseCoreInternal/FirebaseCoreInternal.framework/Headers -Xcc -I/Users/pauloricha/Library/Developer/Xcode/DerivedData/iosApp-cynwljdxdnoqyxhdtywpdbpkuabz/Build/Products/Debug-iphonesimulator/FirebaseFirestore/FirebaseFirestore.framework/Headers -Xcc -I/Users/pauloricha/Library/Developer/Xcode/DerivedData/iosApp-cynwljdxdnoqyxhdtywpdbpkuabz/Build/Products/Debug-iphonesimulator/FirebaseFirestoreInternal/FirebaseFirestoreInternal.framework/Headers -Xcc -I/Users/pauloricha/Library/Developer/Xcode/DerivedData/iosApp-cynwljdxdnoqyxhdtywpdbpkuabz/Build/Products/Debug-iphonesimulator/FirebaseInstallations/FirebaseInstallations.framework/Headers -Xcc -I/Users/pauloricha/Library/Developer/Xcode/DerivedData/iosApp-cynwljdxdnoqyxhdtywpdbpkuabz/Build/Products/Debug-iphonesimulator/FirebaseRemoteConfig/FirebaseRemoteConfig.framework/Headers -Xcc -I/Users/pauloricha/Library/Developer/Xcode/DerivedData/iosApp-cynwljdxdnoqyxhdtywpdbpkuabz/Build/Products/Debug-iphonesimulator/FirebaseRemoteConfigInterop/FirebaseRemoteConfigInterop.framework/Headers -Xcc -I/Users/pauloricha/Library/Developer/Xcode/DerivedData/iosApp-cynwljdxdnoqyxhdtywpdbpkuabz/Build/Products/Debug-iphonesimulator/FirebaseSharedSwift/FirebaseSharedSwift.framework/Headers -Xcc -I/Users/pauloricha/Library/Developer/Xcode/DerivedData/iosApp-cynwljdxdnoqyxhdtywpdbpkuabz/Build/Products/Debug-iphonesimulator/GTMSessionFetcher/GTMSessionFetcher.framework/Headers -Xcc -I/Users/pauloricha/Library/Developer/Xcode/DerivedData/iosApp-cynwljdxdnoqyxhdtywpdbpkuabz/Build/Products/Debug-iphonesimulator/GoogleUtilities/GoogleUtilities.framework/Headers -Xcc -I/Users/pauloricha/Library/Developer/Xcode/DerivedData/iosApp-cynwljdxdnoqyxhdtywpdbpkuabz/Build/Products/Debug-iphonesimulator/PromisesObjC/FBLPromises.framework/Headers -Xcc -I/Users/pauloricha/Library/Developer/Xcode/DerivedData/iosApp-cynwljdxdnoqyxhdtywpdbpkuabz/Build/Products/Debug-iphonesimulator/RecaptchaInterop/RecaptchaInterop.framework/Headers -Xcc -I/Users/pauloricha/Library/Developer/Xcode/DerivedData/iosApp-cynwljdxdnoqyxhdtywpdbpkuabz/Build/Products/Debug-iphonesimulator/abseil/absl.framework/Headers -Xcc -I/Users/pauloricha/Library/Developer/Xcode/DerivedData/iosApp-cynwljdxdnoqyxhdtywpdbpkuabz/Build/Products/Debug-iphonesimulator/gRPC-C++/grpcpp.framework/Headers -Xcc -I/Users/pauloricha/Library/Developer/Xcode/DerivedData/iosApp-cynwljdxdnoqyxhdtywpdbpkuabz/Build/Products/Debug-iphonesimulator/gRPC-Core/grpc.framework/Headers -Xcc -I/Users/pauloricha/Library/Developer/Xcode/DerivedData/iosApp-cynwljdxdnoqyxhdtywpdbpkuabz/Build/Products/Debug-iphonesimulator/leveldb-library/leveldb.framework/Headers -Xcc -I/Users/pauloricha/Library/Developer/Xcode/DerivedData/iosApp-cynwljdxdnoqyxhdtywpdbpkuabz/Build/Products/Debug-iphonesimulator/nanopb/nanopb.framework/Headers -Xcc -I/Users/pauloricha/Library/Developer/Xcode/DerivedData/iosApp-cynwljdxdnoqyxhdtywpdbpkuabz/Build/Intermediates.noindex/iosApp.build/Debug-iphonesimulator/iosApp.build/DerivedSources-normal/arm64 -Xcc -I/Users/pauloricha/Library/Developer/Xcode/DerivedData/iosApp-cynwljdxdnoqyxhdtywpdbpkuabz/Build/Intermediates.noindex/iosApp.build/Debug-iphonesimulator/iosApp.build/DerivedSources/arm64 -Xcc -I/Users/pauloricha/Library/Developer/Xcode/DerivedData/iosApp-cynwljdxdnoqyxhdtywpdbpkuabz/Build/Intermediates.noindex/iosApp.build/Debug-iphonesimulator/iosApp.build/DerivedSources -Xcc -DDEBUG\=1 -Xcc -DCOCOAPODS\=1 -Xcc -DDEBUG\=1 -Xcc -DPB_FIELD_32BIT\=1 -Xcc -DPB_NO_PACKED_STRUCTS\=1 -Xcc -DPB_ENABLE_MALLOC\=1 -emit-objc-header -emit-objc-header-path /Users/pauloricha/Library/Developer/Xcode/DerivedData/iosApp-cynwljdxdnoqyxhdtywpdbpkuabz/Build/Intermediates.noindex/iosApp.build/Debug-iphonesimulator/iosApp.build/Objects-normal/arm64/BolaoDaGalera-Swift.h -working-directory /Users/pauloricha/StudioProjects/BolaoDaGalera/iosApp -experimental-emit-module-separately -disable-cmo

Copy /Users/pauloricha/Library/Developer/Xcode/DerivedData/iosApp-cynwljdxdnoqyxhdtywpdbpkuabz/Build/Products/Debug-iphonesimulator/BolaoDaGalera.swiftmodule/arm64-apple-ios-simulator.abi.json /Users/pauloricha/Library/Developer/Xcode/DerivedData/iosApp-cynwljdxdnoqyxhdtywpdbpkuabz/Build/Intermediates.noindex/iosApp.build/Debug-iphonesimulator/iosApp.build/Objects-normal/arm64/BolaoDaGalera.abi.json (in target 'iosApp' from project 'iosApp')
    cd /Users/pauloricha/StudioProjects/BolaoDaGalera/iosApp
    builtin-copy -exclude .DS_Store -exclude CVS -exclude .svn -exclude .git -exclude .hg -resolve-src-symlinks -rename /Users/pauloricha/Library/Developer/Xcode/DerivedData/iosApp-cynwljdxdnoqyxhdtywpdbpkuabz/Build/Intermediates.noindex/iosApp.build/Debug-iphonesimulator/iosApp.build/Objects-normal/arm64/BolaoDaGalera.abi.json /Users/pauloricha/Library/Developer/Xcode/DerivedData/iosApp-cynwljdxdnoqyxhdtywpdbpkuabz/Build/Products/Debug-iphonesimulator/BolaoDaGalera.swiftmodule/arm64-apple-ios-simulator.abi.json

SwiftDriverJobDiscovery normal arm64 Compiling GeneratedAssetSymbols.swift (in target 'iosApp' from project 'iosApp')

SwiftDriver\ Compilation iosApp normal arm64 com.apple.xcode.tools.swift.compiler (in target 'iosApp' from project 'iosApp')
    cd /Users/pauloricha/StudioProjects/BolaoDaGalera/iosApp
    builtin-Swift-Compilation -- /Applications/Xcode.app/Contents/Developer/Toolchains/XcodeDefault.xctoolchain/usr/bin/swiftc -module-name BolaoDaGalera -Onone @/Users/pauloricha/Library/Developer/Xcode/DerivedData/iosApp-cynwljdxdnoqyxhdtywpdbpkuabz/Build/Intermediates.noindex/iosApp.build/Debug-iphonesimulator/iosApp.build/Objects-normal/arm64/BolaoDaGalera.SwiftFileList -DDEBUG -D COCOAPODS -enable-bare-slash-regex -enable-experimental-feature DebugDescriptionMacro -sdk /Applications/Xcode.app/Contents/Developer/Platforms/iPhoneSimulator.platform/Developer/SDKs/iPhoneSimulator26.5.sdk -target arm64-apple-ios16.0-simulator -g -module-cache-path /Users/pauloricha/Library/Developer/Xcode/DerivedData/ModuleCache.noindex -Xfrontend -serialize-debugging-options -enable-testing -index-store-path /Users/pauloricha/Library/Developer/Xcode/DerivedData/iosApp-cynwljdxdnoqyxhdtywpdbpkuabz/Index.noindex/DataStore -Xcc -D_LIBCPP_HARDENING_MODE\=_LIBCPP_HARDENING_MODE_DEBUG -swift-version 5 -I /Users/pauloricha/Library/Developer/Xcode/DerivedData/iosApp-cynwljdxdnoqyxhdtywpdbpkuabz/Build/Products/Debug-iphonesimulator -F /Users/pauloricha/Library/Developer/Xcode/DerivedData/iosApp-cynwljdxdnoqyxhdtywpdbpkuabz/Build/Products/Debug-iphonesimulator -F /Users/pauloricha/Library/Developer/Xcode/DerivedData/iosApp-cynwljdxdnoqyxhdtywpdbpkuabz/Build/Products/Debug-iphonesimulator/BoringSSL-GRPC -F /Users/pauloricha/Library/Developer/Xcode/DerivedData/iosApp-cynwljdxdnoqyxhdtywpdbpkuabz/Build/Products/Debug-iphonesimulator/FirebaseABTesting -F /Users/pauloricha/Library/Developer/Xcode/DerivedData/iosApp-cynwljdxdnoqyxhdtywpdbpkuabz/Build/Products/Debug-iphonesimulator/FirebaseAppCheckInterop -F /Users/pauloricha/Library/Developer/Xcode/DerivedData/iosApp-cynwljdxdnoqyxhdtywpdbpkuabz/Build/Products/Debug-iphonesimulator/FirebaseAuth -F /Users/pauloricha/Library/Developer/Xcode/DerivedData/iosApp-cynwljdxdnoqyxhdtywpdbpkuabz/Build/Products/Debug-iphonesimulator/FirebaseAuthInterop -F /Users/pauloricha/Library/Developer/Xcode/DerivedData/iosApp-cynwljdxdnoqyxhdtywpdbpkuabz/Build/Products/Debug-iphonesimulator/FirebaseCore -F /Users/pauloricha/Library/Developer/Xcode/DerivedData/iosApp-cynwljdxdnoqyxhdtywpdbpkuabz/Build/Products/Debug-iphonesimulator/FirebaseCoreExtension -F /Users/pauloricha/Library/Developer/Xcode/DerivedData/iosApp-cynwljdxdnoqyxhdtywpdbpkuabz/Build/Products/Debug-iphonesimulator/FirebaseCoreInternal -F /Users/pauloricha/Library/Developer/Xcode/DerivedData/iosApp-cynwljdxdnoqyxhdtywpdbpkuabz/Build/Products/Debug-iphonesimulator/FirebaseFirestore -F /Users/pauloricha/Library/Developer/Xcode/DerivedData/iosApp-cynwljdxdnoqyxhdtywpdbpkuabz/Build/Products/Debug-iphonesimulator/FirebaseFirestoreInternal -F /Users/pauloricha/Library/Developer/Xcode/DerivedData/iosApp-cynwljdxdnoqyxhdtywpdbpkuabz/Build/Products/Debug-iphonesimulator/FirebaseInstallations -F /Users/pauloricha/Library/Developer/Xcode/DerivedData/iosApp-cynwljdxdnoqyxhdtywpdbpkuabz/Build/Products/Debug-iphonesimulator/FirebaseRemoteConfig -F /Users/pauloricha/Library/Developer/Xcode/DerivedData/iosApp-cynwljdxdnoqyxhdtywpdbpkuabz/Build/Products/Debug-iphonesimulator/FirebaseRemoteConfigInterop -F /Users/pauloricha/Library/Developer/Xcode/DerivedData/iosApp-cynwljdxdnoqyxhdtywpdbpkuabz/Build/Products/Debug-iphonesimulator/FirebaseSharedSwift -F /Users/pauloricha/Library/Developer/Xcode/DerivedData/iosApp-cynwljdxdnoqyxhdtywpdbpkuabz/Build/Products/Debug-iphonesimulator/GTMSessionFetcher -F /Users/pauloricha/Library/Developer/Xcode/DerivedData/iosApp-cynwljdxdnoqyxhdtywpdbpkuabz/Build/Products/Debug-iphonesimulator/GoogleUtilities -F /Users/pauloricha/Library/Developer/Xcode/DerivedData/iosApp-cynwljdxdnoqyxhdtywpdbpkuabz/Build/Products/Debug-iphonesimulator/PromisesObjC -F /Users/pauloricha/Library/Developer/Xcode/DerivedData/iosApp-cynwljdxdnoqyxhdtywpdbpkuabz/Build/Products/Debug-iphonesimulator/RecaptchaInterop -F /Users/pauloricha/Library/Developer/Xcode/DerivedData/iosApp-cynwljdxdnoqyxhdtywpdbpkuabz/Build/Products/Debug-iphonesimulator/abseil -F /Users/pauloricha/Library/Developer/Xcode/DerivedData/iosApp-cynwljdxdnoqyxhdtywpdbpkuabz/Build/Products/Debug-iphonesimulator/gRPC-C++ -F /Users/pauloricha/Library/Developer/Xcode/DerivedData/iosApp-cynwljdxdnoqyxhdtywpdbpkuabz/Build/Products/Debug-iphonesimulator/gRPC-Core -F /Users/pauloricha/Library/Developer/Xcode/DerivedData/iosApp-cynwljdxdnoqyxhdtywpdbpkuabz/Build/Products/Debug-iphonesimulator/leveldb-library -F /Users/pauloricha/Library/Developer/Xcode/DerivedData/iosApp-cynwljdxdnoqyxhdtywpdbpkuabz/Build/Products/Debug-iphonesimulator/nanopb -F /Users/pauloricha/StudioProjects/BolaoDaGalera/composeApp/build/cocoapods/framework -emit-localized-strings -emit-localized-strings-path /Users/pauloricha/Library/Developer/Xcode/DerivedData/iosApp-cynwljdxdnoqyxhdtywpdbpkuabz/Build/Intermediates.noindex/iosApp.build/Debug-iphonesimulator/iosApp.build/Objects-normal/arm64 -c -j10 -enable-batch-mode -incremental -Xcc -ivfsstatcache -Xcc /Users/pauloricha/Library/Developer/Xcode/DerivedData/SDKStatCaches.noindex/iphonesimulator26.5-23F81a-6cfe768891a92b912361537c460fe42b.sdkstatcache -output-file-map /Users/pauloricha/Library/Developer/Xcode/DerivedData/iosApp-cynwljdxdnoqyxhdtywpdbpkuabz/Build/Intermediates.noindex/iosApp.build/Debug-iphonesimulator/iosApp.build/Objects-normal/arm64/iosApp-OutputFileMap.json -use-frontend-parseable-output -save-temps -no-color-diagnostics -explicit-module-build -module-cache-path /Users/pauloricha/Library/Developer/Xcode/DerivedData/iosApp-cynwljdxdnoqyxhdtywpdbpkuabz/Build/Intermediates.noindex/SwiftExplicitPrecompiledModules -clang-scanner-module-cache-path /Users/pauloricha/Library/Developer/Xcode/DerivedData/ModuleCache.noindex -sdk-module-cache-path /Users/pauloricha/Library/Developer/Xcode/DerivedData/ModuleCache.noindex -serialize-diagnostics -emit-dependencies -emit-module -emit-module-path /Users/pauloricha/Library/Developer/Xcode/DerivedData/iosApp-cynwljdxdnoqyxhdtywpdbpkuabz/Build/Intermediates.noindex/iosApp.build/Debug-iphonesimulator/iosApp.build/Objects-normal/arm64/BolaoDaGalera.swiftmodule -validate-clang-modules-once -clang-build-session-file /Users/pauloricha/Library/Developer/Xcode/DerivedData/ModuleCache.noindex/Session.modulevalidation -Xcc -I/Users/pauloricha/Library/Developer/Xcode/DerivedData/iosApp-cynwljdxdnoqyxhdtywpdbpkuabz/Build/Intermediates.noindex/iosApp.build/Debug-iphonesimulator/iosApp.build/swift-overrides.hmap -emit-const-values -Xfrontend -const-gather-protocols-file -Xfrontend /Users/pauloricha/Library/Developer/Xcode/DerivedData/iosApp-cynwljdxdnoqyxhdtywpdbpkuabz/Build/Intermediates.noindex/iosApp.build/Debug-iphonesimulator/iosApp.build/Objects-normal/arm64/iosApp_const_extract_protocols.json -Xcc -iquote -Xcc /Users/pauloricha/Library/Developer/Xcode/DerivedData/iosApp-cynwljdxdnoqyxhdtywpdbpkuabz/Build/Intermediates.noindex/iosApp.build/Debug-iphonesimulator/iosApp.build/BolaoDaGalera-generated-files.hmap -Xcc -I/Users/pauloricha/Library/Developer/Xcode/DerivedData/iosApp-cynwljdxdnoqyxhdtywpdbpkuabz/Build/Intermediates.noindex/iosApp.build/Debug-iphonesimulator/iosApp.build/BolaoDaGalera-own-target-headers.hmap -Xcc -I/Users/pauloricha/Library/Developer/Xcode/DerivedData/iosApp-cynwljdxdnoqyxhdtywpdbpkuabz/Build/Intermediates.noindex/iosApp.build/Debug-iphonesimulator/iosApp.build/BolaoDaGalera-all-non-framework-target-headers.hmap -Xcc -ivfsoverlay -Xcc /Users/pauloricha/Library/Developer/Xcode/DerivedData/iosApp-cynwljdxdnoqyxhdtywpdbpkuabz/Build/Intermediates.noindex/iosApp.build/Debug-iphonesimulator/iosApp-7b79493a8b7fc1f2fff3c51cd12ba024-VFS-iphonesimulator/all-product-headers.yaml -Xcc -iquote -Xcc /Users/pauloricha/Library/Developer/Xcode/DerivedData/iosApp-cynwljdxdnoqyxhdtywpdbpkuabz/Build/Intermediates.noindex/iosApp.build/Debug-iphonesimulator/iosApp.build/BolaoDaGalera-project-headers.hmap -Xcc -I/Users/pauloricha/Library/Developer/Xcode/DerivedData/iosApp-cynwljdxdnoqyxhdtywpdbpkuabz/Build/Products/Debug-iphonesimulator/include -Xcc -I/Users/pauloricha/Library/Developer/Xcode/DerivedData/iosApp-cynwljdxdnoqyxhdtywpdbpkuabz/Build/Products/Debug-iphonesimulator/BoringSSL-GRPC/openssl_grpc.framework/Headers -Xcc -I/Users/pauloricha/Library/Developer/Xcode/DerivedData/iosApp-cynwljdxdnoqyxhdtywpdbpkuabz/Build/Products/Debug-iphonesimulator/FirebaseABTesting/FirebaseABTesting.framework/Headers -Xcc -I/Users/pauloricha/Library/Developer/Xcode/DerivedData/iosApp-cynwljdxdnoqyxhdtywpdbpkuabz/Build/Products/Debug-iphonesimulator/FirebaseAppCheckInterop/FirebaseAppCheckInterop.framework/Headers -Xcc -I/Users/pauloricha/Library/Developer/Xcode/DerivedData/iosApp-cynwljdxdnoqyxhdtywpdbpkuabz/Build/Products/Debug-iphonesimulator/FirebaseAuth/FirebaseAuth.framework/Headers -Xcc -I/Users/pauloricha/Library/Developer/Xcode/DerivedData/iosApp-cynwljdxdnoqyxhdtywpdbpkuabz/Build/Products/Debug-iphonesimulator/FirebaseAuthInterop/FirebaseAuthInterop.framework/Headers -Xcc -I/Users/pauloricha/Library/Developer/Xcode/DerivedData/iosApp-cynwljdxdnoqyxhdtywpdbpkuabz/Build/Products/Debug-iphonesimulator/FirebaseCore/FirebaseCore.framework/Headers -Xcc -I/Users/pauloricha/Library/Developer/Xcode/DerivedData/iosApp-cynwljdxdnoqyxhdtywpdbpkuabz/Build/Products/Debug-iphonesimulator/FirebaseCoreExtension/FirebaseCoreExtension.framework/Headers -Xcc -I/Users/pauloricha/Library/Developer/Xcode/DerivedData/iosApp-cynwljdxdnoqyxhdtywpdbpkuabz/Build/Products/Debug-iphonesimulator/FirebaseCoreInternal/FirebaseCoreInternal.framework/Headers -Xcc -I/Users/pauloricha/Library/Developer/Xcode/DerivedData/iosApp-cynwljdxdnoqyxhdtywpdbpkuabz/Build/Products/Debug-iphonesimulator/FirebaseFirestore/FirebaseFirestore.framework/Headers -Xcc -I/Users/pauloricha/Library/Developer/Xcode/DerivedData/iosApp-cynwljdxdnoqyxhdtywpdbpkuabz/Build/Products/Debug-iphonesimulator/FirebaseFirestoreInternal/FirebaseFirestoreInternal.framework/Headers -Xcc -I/Users/pauloricha/Library/Developer/Xcode/DerivedData/iosApp-cynwljdxdnoqyxhdtywpdbpkuabz/Build/Products/Debug-iphonesimulator/FirebaseInstallations/FirebaseInstallations.framework/Headers -Xcc -I/Users/pauloricha/Library/Developer/Xcode/DerivedData/iosApp-cynwljdxdnoqyxhdtywpdbpkuabz/Build/Products/Debug-iphonesimulator/FirebaseRemoteConfig/FirebaseRemoteConfig.framework/Headers -Xcc -I/Users/pauloricha/Library/Developer/Xcode/DerivedData/iosApp-cynwljdxdnoqyxhdtywpdbpkuabz/Build/Products/Debug-iphonesimulator/FirebaseRemoteConfigInterop/FirebaseRemoteConfigInterop.framework/Headers -Xcc -I/Users/pauloricha/Library/Developer/Xcode/DerivedData/iosApp-cynwljdxdnoqyxhdtywpdbpkuabz/Build/Products/Debug-iphonesimulator/FirebaseSharedSwift/FirebaseSharedSwift.framework/Headers -Xcc -I/Users/pauloricha/Library/Developer/Xcode/DerivedData/iosApp-cynwljdxdnoqyxhdtywpdbpkuabz/Build/Products/Debug-iphonesimulator/GTMSessionFetcher/GTMSessionFetcher.framework/Headers -Xcc -I/Users/pauloricha/Library/Developer/Xcode/DerivedData/iosApp-cynwljdxdnoqyxhdtywpdbpkuabz/Build/Products/Debug-iphonesimulator/GoogleUtilities/GoogleUtilities.framework/Headers -Xcc -I/Users/pauloricha/Library/Developer/Xcode/DerivedData/iosApp-cynwljdxdnoqyxhdtywpdbpkuabz/Build/Products/Debug-iphonesimulator/PromisesObjC/FBLPromises.framework/Headers -Xcc -I/Users/pauloricha/Library/Developer/Xcode/DerivedData/iosApp-cynwljdxdnoqyxhdtywpdbpkuabz/Build/Products/Debug-iphonesimulator/RecaptchaInterop/RecaptchaInterop.framework/Headers -Xcc -I/Users/pauloricha/Library/Developer/Xcode/DerivedData/iosApp-cynwljdxdnoqyxhdtywpdbpkuabz/Build/Products/Debug-iphonesimulator/abseil/absl.framework/Headers -Xcc -I/Users/pauloricha/Library/Developer/Xcode/DerivedData/iosApp-cynwljdxdnoqyxhdtywpdbpkuabz/Build/Products/Debug-iphonesimulator/gRPC-C++/grpcpp.framework/Headers -Xcc -I/Users/pauloricha/Library/Developer/Xcode/DerivedData/iosApp-cynwljdxdnoqyxhdtywpdbpkuabz/Build/Products/Debug-iphonesimulator/gRPC-Core/grpc.framework/Headers -Xcc -I/Users/pauloricha/Library/Developer/Xcode/DerivedData/iosApp-cynwljdxdnoqyxhdtywpdbpkuabz/Build/Products/Debug-iphonesimulator/leveldb-library/leveldb.framework/Headers -Xcc -I/Users/pauloricha/Library/Developer/Xcode/DerivedData/iosApp-cynwljdxdnoqyxhdtywpdbpkuabz/Build/Products/Debug-iphonesimulator/nanopb/nanopb.framework/Headers -Xcc -I/Users/pauloricha/Library/Developer/Xcode/DerivedData/iosApp-cynwljdxdnoqyxhdtywpdbpkuabz/Build/Intermediates.noindex/iosApp.build/Debug-iphonesimulator/iosApp.build/DerivedSources-normal/arm64 -Xcc -I/Users/pauloricha/Library/Developer/Xcode/DerivedData/iosApp-cynwljdxdnoqyxhdtywpdbpkuabz/Build/Intermediates.noindex/iosApp.build/Debug-iphonesimulator/iosApp.build/DerivedSources/arm64 -Xcc -I/Users/pauloricha/Library/Developer/Xcode/DerivedData/iosApp-cynwljdxdnoqyxhdtywpdbpkuabz/Build/Intermediates.noindex/iosApp.build/Debug-iphonesimulator/iosApp.build/DerivedSources -Xcc -DDEBUG\=1 -Xcc -DCOCOAPODS\=1 -Xcc -DDEBUG\=1 -Xcc -DPB_FIELD_32BIT\=1 -Xcc -DPB_NO_PACKED_STRUCTS\=1 -Xcc -DPB_ENABLE_MALLOC\=1 -emit-objc-header -emit-objc-header-path /Users/pauloricha/Library/Developer/Xcode/DerivedData/iosApp-cynwljdxdnoqyxhdtywpdbpkuabz/Build/Intermediates.noindex/iosApp.build/Debug-iphonesimulator/iosApp.build/Objects-normal/arm64/BolaoDaGalera-Swift.h -working-directory /Users/pauloricha/StudioProjects/BolaoDaGalera/iosApp -experimental-emit-module-separately -disable-cmo

Ld /Users/pauloricha/Library/Developer/Xcode/DerivedData/iosApp-cynwljdxdnoqyxhdtywpdbpkuabz/Build/Products/Debug-iphonesimulator/BolaoDaGalera.app/BolaoDaGalera.debug.dylib normal (in target 'iosApp' from project 'iosApp')
    cd /Users/pauloricha/StudioProjects/BolaoDaGalera/iosApp
    /Applications/Xcode.app/Contents/Developer/Toolchains/XcodeDefault.xctoolchain/usr/bin/clang -Xlinker -reproducible -target arm64-apple-ios16.0-simulator -dynamiclib -isysroot /Applications/Xcode.app/Contents/Developer/Platforms/iPhoneSimulator.platform/Developer/SDKs/iPhoneSimulator26.5.sdk -O0 -L/Users/pauloricha/Library/Developer/Xcode/DerivedData/iosApp-cynwljdxdnoqyxhdtywpdbpkuabz/Build/Intermediates.noindex/EagerLinkingTBDs/Debug-iphonesimulator -L/Users/pauloricha/Library/Developer/Xcode/DerivedData/iosApp-cynwljdxdnoqyxhdtywpdbpkuabz/Build/Products/Debug-iphonesimulator -L/Applications/Xcode.app/Contents/Developer/Toolchains/XcodeDefault.xctoolchain/usr/lib/swift/iphonesimulator -L/Applications/Xcode.app/Contents/Developer/Platforms/iPhoneSimulator.platform/Developer/SDKs/iPhoneSimulator26.5.sdk/usr/lib/swift -F/Users/pauloricha/Library/Developer/Xcode/DerivedData/iosApp-cynwljdxdnoqyxhdtywpdbpkuabz/Build/Intermediates.noindex/EagerLinkingTBDs/Debug-iphonesimulator -F/Users/pauloricha/Library/Developer/Xcode/DerivedData/iosApp-cynwljdxdnoqyxhdtywpdbpkuabz/Build/Products/Debug-iphonesimulator -F/Users/pauloricha/Library/Developer/Xcode/DerivedData/iosApp-cynwljdxdnoqyxhdtywpdbpkuabz/Build/Products/Debug-iphonesimulator/BoringSSL-GRPC -F/Users/pauloricha/Library/Developer/Xcode/DerivedData/iosApp-cynwljdxdnoqyxhdtywpdbpkuabz/Build/Products/Debug-iphonesimulator/FirebaseABTesting -F/Users/pauloricha/Library/Developer/Xcode/DerivedData/iosApp-cynwljdxdnoqyxhdtywpdbpkuabz/Build/Products/Debug-iphonesimulator/FirebaseAppCheckInterop -F/Users/pauloricha/Library/Developer/Xcode/DerivedData/iosApp-cynwljdxdnoqyxhdtywpdbpkuabz/Build/Products/Debug-iphonesimulator/FirebaseAuth -F/Users/pauloricha/Library/Developer/Xcode/DerivedData/iosApp-cynwljdxdnoqyxhdtywpdbpkuabz/Build/Products/Debug-iphonesimulator/FirebaseAuthInterop -F/Users/pauloricha/Library/Developer/Xcode/DerivedData/iosApp-cynwljdxdnoqyxhdtywpdbpkuabz/Build/Products/Debug-iphonesimulator/FirebaseCore -F/Users/pauloricha/Library/Developer/Xcode/DerivedData/iosApp-cynwljdxdnoqyxhdtywpdbpkuabz/Build/Products/Debug-iphonesimulator/FirebaseCoreExtension -F/Users/pauloricha/Library/Developer/Xcode/DerivedData/iosApp-cynwljdxdnoqyxhdtywpdbpkuabz/Build/Products/Debug-iphonesimulator/FirebaseCoreInternal -F/Users/pauloricha/Library/Developer/Xcode/DerivedData/iosApp-cynwljdxdnoqyxhdtywpdbpkuabz/Build/Products/Debug-iphonesimulator/FirebaseFirestore -F/Users/pauloricha/Library/Developer/Xcode/DerivedData/iosApp-cynwljdxdnoqyxhdtywpdbpkuabz/Build/Products/Debug-iphonesimulator/FirebaseFirestoreInternal -F/Users/pauloricha/Library/Developer/Xcode/DerivedData/iosApp-cynwljdxdnoqyxhdtywpdbpkuabz/Build/Products/Debug-iphonesimulator/FirebaseInstallations -F/Users/pauloricha/Library/Developer/Xcode/DerivedData/iosApp-cynwljdxdnoqyxhdtywpdbpkuabz/Build/Products/Debug-iphonesimulator/FirebaseRemoteConfig -F/Users/pauloricha/Library/Developer/Xcode/DerivedData/iosApp-cynwljdxdnoqyxhdtywpdbpkuabz/Build/Products/Debug-iphonesimulator/FirebaseRemoteConfigInterop -F/Users/pauloricha/Library/Developer/Xcode/DerivedData/iosApp-cynwljdxdnoqyxhdtywpdbpkuabz/Build/Products/Debug-iphonesimulator/FirebaseSharedSwift -F/Users/pauloricha/Library/Developer/Xcode/DerivedData/iosApp-cynwljdxdnoqyxhdtywpdbpkuabz/Build/Products/Debug-iphonesimulator/GTMSessionFetcher -F/Users/pauloricha/Library/Developer/Xcode/DerivedData/iosApp-cynwljdxdnoqyxhdtywpdbpkuabz/Build/Products/Debug-iphonesimulator/GoogleUtilities -F/Users/pauloricha/Library/Developer/Xcode/DerivedData/iosApp-cynwljdxdnoqyxhdtywpdbpkuabz/Build/Products/Debug-iphonesimulator/PromisesObjC -F/Users/pauloricha/Library/Developer/Xcode/DerivedData/iosApp-cynwljdxdnoqyxhdtywpdbpkuabz/Build/Products/Debug-iphonesimulator/RecaptchaInterop -F/Users/pauloricha/Library/Developer/Xcode/DerivedData/iosApp-cynwljdxdnoqyxhdtywpdbpkuabz/Build/Products/Debug-iphonesimulator/abseil -F/Users/pauloricha/Library/Developer/Xcode/DerivedData/iosApp-cynwljdxdnoqyxhdtywpdbpkuabz/Build/Products/Debug-iphonesimulator/gRPC-C++ -F/Users/pauloricha/Library/Developer/Xcode/DerivedData/iosApp-cynwljdxdnoqyxhdtywpdbpkuabz/Build/Products/Debug-iphonesimulator/gRPC-Core -F/Users/pauloricha/Library/Developer/Xcode/DerivedData/iosApp-cynwljdxdnoqyxhdtywpdbpkuabz/Build/Products/Debug-iphonesimulator/leveldb-library -F/Users/pauloricha/Library/Developer/Xcode/DerivedData/iosApp-cynwljdxdnoqyxhdtywpdbpkuabz/Build/Products/Debug-iphonesimulator/nanopb -F/Users/pauloricha/StudioProjects/BolaoDaGalera/composeApp/build/cocoapods/framework -filelist /Users/pauloricha/Library/Developer/Xcode/DerivedData/iosApp-cynwljdxdnoqyxhdtywpdbpkuabz/Build/Intermediates.noindex/iosApp.build/Debug-iphonesimulator/iosApp.build/Objects-normal/arm64/BolaoDaGalera.LinkFileList -install_name @rpath/BolaoDaGalera.debug.dylib -Xlinker -rpath -Xlinker /usr/lib/swift -Xlinker -rpath -Xlinker @executable_path/Frameworks -Xlinker -rpath -Xlinker @loader_path/Frameworks -Xlinker -dead_strip -Xlinker -object_path_lto -Xlinker /Users/pauloricha/Library/Developer/Xcode/DerivedData/iosApp-cynwljdxdnoqyxhdtywpdbpkuabz/Build/Intermediates.noindex/iosApp.build/Debug-iphonesimulator/iosApp.build/Objects-normal/arm64/BolaoDaGalera_lto.o -rdynamic -Xlinker -no_deduplicate -Xlinker -objc_abi_version -Xlinker 2 -Xlinker -dependency_info -Xlinker /Users/pauloricha/Library/Developer/Xcode/DerivedData/iosApp-cynwljdxdnoqyxhdtywpdbpkuabz/Build/Intermediates.noindex/iosApp.build/Debug-iphonesimulator/iosApp.build/Objects-normal/arm64/BolaoDaGalera_dependency_info.dat -fobjc-link-runtime -L/Applications/Xcode.app/Contents/Developer/Toolchains/XcodeDefault.xctoolchain/usr/lib/swift/iphonesimulator -L/usr/lib/swift -Xlinker -add_ast_path -Xlinker /Users/pauloricha/Library/Developer/Xcode/DerivedData/iosApp-cynwljdxdnoqyxhdtywpdbpkuabz/Build/Intermediates.noindex/iosApp.build/Debug-iphonesimulator/iosApp.build/Objects-normal/arm64/BolaoDaGalera.swiftmodule @/Users/pauloricha/Library/Developer/Xcode/DerivedData/iosApp-cynwljdxdnoqyxhdtywpdbpkuabz/Build/Intermediates.noindex/iosApp.build/Debug-iphonesimulator/iosApp.build/Objects-normal/arm64/BolaoDaGalera-linker-args.resp -ObjC -lc++ -lz -framework ComposeApp -framework FBLPromises -framework FirebaseABTesting -framework FirebaseAppCheckInterop -framework FirebaseAuth -framework FirebaseAuthInterop -framework FirebaseCore -framework FirebaseCoreExtension -framework FirebaseCoreInternal -framework FirebaseFirestore -framework FirebaseFirestoreInternal -framework FirebaseInstallations -framework FirebaseRemoteConfig -framework FirebaseRemoteConfigInterop -framework FirebaseSharedSwift -framework Foundation -framework GTMSessionFetcher -framework GoogleUtilities -framework RecaptchaInterop -framework SafariServices -framework Security -framework SystemConfiguration -framework UIKit -framework absl -framework grpc -framework grpcpp -framework leveldb -framework nanopb -framework openssl_grpc -weak_framework FirebaseFirestoreInternal -Xlinker -alias -Xlinker _main -Xlinker ___debug_main_executable_dylib_entry_point -framework Pods_iosApp -Xlinker -no_adhoc_codesign -o /Users/pauloricha/Library/Developer/Xcode/DerivedData/iosApp-cynwljdxdnoqyxhdtywpdbpkuabz/Build/Products/Debug-iphonesimulator/BolaoDaGalera.app/BolaoDaGalera.debug.dylib
/Users/pauloricha/StudioProjects/BolaoDaGalera/iosApp/iosApp.xcodeproj: iosApp: ld: warning: object file (/Users/pauloricha/StudioProjects/BolaoDaGalera/composeApp/build/xcode-frameworks/Debug/iphonesimulator26.5/ComposeApp.framework/ComposeApp[1837](libicu.icudtl_dat.o)) was built for newer 'iOS-simulator' version (17.2) than being linked (16.0)

ConstructStubExecutorLinkFileList /Users/pauloricha/Library/Developer/Xcode/DerivedData/iosApp-cynwljdxdnoqyxhdtywpdbpkuabz/Build/Intermediates.noindex/iosApp.build/Debug-iphonesimulator/iosApp.build/BolaoDaGalera-ExecutorLinkFileList-normal-arm64.txt (in target 'iosApp' from project 'iosApp')
    cd /Users/pauloricha/StudioProjects/BolaoDaGalera/iosApp
    construct-stub-executor-link-file-list /Users/pauloricha/Library/Developer/Xcode/DerivedData/iosApp-cynwljdxdnoqyxhdtywpdbpkuabz/Build/Products/Debug-iphonesimulator/BolaoDaGalera.app/BolaoDaGalera.debug.dylib /Applications/Xcode.app/Contents/Developer/Platforms/iPhoneSimulator.platform/Developer/usr/lib/libPreviewsJITStubExecutor_no_swift_entry_point.a /Applications/Xcode.app/Contents/Developer/Platforms/iPhoneSimulator.platform/Developer/usr/lib/libPreviewsJITStubExecutor.a --output /Users/pauloricha/Library/Developer/Xcode/DerivedData/iosApp-cynwljdxdnoqyxhdtywpdbpkuabz/Build/Intermediates.noindex/iosApp.build/Debug-iphonesimulator/iosApp.build/BolaoDaGalera-ExecutorLinkFileList-normal-arm64.txt
note: Using stub executor library with Swift entry point. (in target 'iosApp' from project 'iosApp')

Ld /Users/pauloricha/Library/Developer/Xcode/DerivedData/iosApp-cynwljdxdnoqyxhdtywpdbpkuabz/Build/Products/Debug-iphonesimulator/BolaoDaGalera.app/BolaoDaGalera normal (in target 'iosApp' from project 'iosApp')
    cd /Users/pauloricha/StudioProjects/BolaoDaGalera/iosApp
    /Applications/Xcode.app/Contents/Developer/Toolchains/XcodeDefault.xctoolchain/usr/bin/clang -Xlinker -reproducible -target arm64-apple-ios16.0-simulator -isysroot /Applications/Xcode.app/Contents/Developer/Platforms/iPhoneSimulator.platform/Developer/SDKs/iPhoneSimulator26.5.sdk -O0 -L/Users/pauloricha/Library/Developer/Xcode/DerivedData/iosApp-cynwljdxdnoqyxhdtywpdbpkuabz/Build/Products/Debug-iphonesimulator -L/Applications/Xcode.app/Contents/Developer/Toolchains/XcodeDefault.xctoolchain/usr/lib/swift/iphonesimulator -L/Applications/Xcode.app/Contents/Developer/Platforms/iPhoneSimulator.platform/Developer/SDKs/iPhoneSimulator26.5.sdk/usr/lib/swift -F/Users/pauloricha/Library/Developer/Xcode/DerivedData/iosApp-cynwljdxdnoqyxhdtywpdbpkuabz/Build/Products/Debug-iphonesimulator -F/Users/pauloricha/Library/Developer/Xcode/DerivedData/iosApp-cynwljdxdnoqyxhdtywpdbpkuabz/Build/Products/Debug-iphonesimulator/BoringSSL-GRPC -F/Users/pauloricha/Library/Developer/Xcode/DerivedData/iosApp-cynwljdxdnoqyxhdtywpdbpkuabz/Build/Products/Debug-iphonesimulator/FirebaseABTesting -F/Users/pauloricha/Library/Developer/Xcode/DerivedData/iosApp-cynwljdxdnoqyxhdtywpdbpkuabz/Build/Products/Debug-iphonesimulator/FirebaseAppCheckInterop -F/Users/pauloricha/Library/Developer/Xcode/DerivedData/iosApp-cynwljdxdnoqyxhdtywpdbpkuabz/Build/Products/Debug-iphonesimulator/FirebaseAuth -F/Users/pauloricha/Library/Developer/Xcode/DerivedData/iosApp-cynwljdxdnoqyxhdtywpdbpkuabz/Build/Products/Debug-iphonesimulator/FirebaseAuthInterop -F/Users/pauloricha/Library/Developer/Xcode/DerivedData/iosApp-cynwljdxdnoqyxhdtywpdbpkuabz/Build/Products/Debug-iphonesimulator/FirebaseCore -F/Users/pauloricha/Library/Developer/Xcode/DerivedData/iosApp-cynwljdxdnoqyxhdtywpdbpkuabz/Build/Products/Debug-iphonesimulator/FirebaseCoreExtension -F/Users/pauloricha/Library/Developer/Xcode/DerivedData/iosApp-cynwljdxdnoqyxhdtywpdbpkuabz/Build/Products/Debug-iphonesimulator/FirebaseCoreInternal -F/Users/pauloricha/Library/Developer/Xcode/DerivedData/iosApp-cynwljdxdnoqyxhdtywpdbpkuabz/Build/Products/Debug-iphonesimulator/FirebaseFirestore -F/Users/pauloricha/Library/Developer/Xcode/DerivedData/iosApp-cynwljdxdnoqyxhdtywpdbpkuabz/Build/Products/Debug-iphonesimulator/FirebaseFirestoreInternal -F/Users/pauloricha/Library/Developer/Xcode/DerivedData/iosApp-cynwljdxdnoqyxhdtywpdbpkuabz/Build/Products/Debug-iphonesimulator/FirebaseInstallations -F/Users/pauloricha/Library/Developer/Xcode/DerivedData/iosApp-cynwljdxdnoqyxhdtywpdbpkuabz/Build/Products/Debug-iphonesimulator/FirebaseRemoteConfig -F/Users/pauloricha/Library/Developer/Xcode/DerivedData/iosApp-cynwljdxdnoqyxhdtywpdbpkuabz/Build/Products/Debug-iphonesimulator/FirebaseRemoteConfigInterop -F/Users/pauloricha/Library/Developer/Xcode/DerivedData/iosApp-cynwljdxdnoqyxhdtywpdbpkuabz/Build/Products/Debug-iphonesimulator/FirebaseSharedSwift -F/Users/pauloricha/Library/Developer/Xcode/DerivedData/iosApp-cynwljdxdnoqyxhdtywpdbpkuabz/Build/Products/Debug-iphonesimulator/GTMSessionFetcher -F/Users/pauloricha/Library/Developer/Xcode/DerivedData/iosApp-cynwljdxdnoqyxhdtywpdbpkuabz/Build/Products/Debug-iphonesimulator/GoogleUtilities -F/Users/pauloricha/Library/Developer/Xcode/DerivedData/iosApp-cynwljdxdnoqyxhdtywpdbpkuabz/Build/Products/Debug-iphonesimulator/PromisesObjC -F/Users/pauloricha/Library/Developer/Xcode/DerivedData/iosApp-cynwljdxdnoqyxhdtywpdbpkuabz/Build/Products/Debug-iphonesimulator/RecaptchaInterop -F/Users/pauloricha/Library/Developer/Xcode/DerivedData/iosApp-cynwljdxdnoqyxhdtywpdbpkuabz/Build/Products/Debug-iphonesimulator/abseil -F/Users/pauloricha/Library/Developer/Xcode/DerivedData/iosApp-cynwljdxdnoqyxhdtywpdbpkuabz/Build/Products/Debug-iphonesimulator/gRPC-C++ -F/Users/pauloricha/Library/Developer/Xcode/DerivedData/iosApp-cynwljdxdnoqyxhdtywpdbpkuabz/Build/Products/Debug-iphonesimulator/gRPC-Core -F/Users/pauloricha/Library/Developer/Xcode/DerivedData/iosApp-cynwljdxdnoqyxhdtywpdbpkuabz/Build/Products/Debug-iphonesimulator/leveldb-library -F/Users/pauloricha/Library/Developer/Xcode/DerivedData/iosApp-cynwljdxdnoqyxhdtywpdbpkuabz/Build/Products/Debug-iphonesimulator/nanopb -F/Users/pauloricha/StudioProjects/BolaoDaGalera/composeApp/build/cocoapods/framework -Xlinker -rpath -Xlinker @executable_path -Xlinker -rpath -Xlinker /usr/lib/swift -Xlinker -rpath -Xlinker @executable_path/Frameworks -Xlinker -rpath -Xlinker @loader_path/Frameworks -rdynamic -Xlinker -no_deduplicate -Xlinker -objc_abi_version -Xlinker 2 -e ___debug_blank_executor_main -Xlinker -sectcreate -Xlinker __TEXT -Xlinker __debug_dylib -Xlinker /Users/pauloricha/Library/Developer/Xcode/DerivedData/iosApp-cynwljdxdnoqyxhdtywpdbpkuabz/Build/Intermediates.noindex/iosApp.build/Debug-iphonesimulator/iosApp.build/BolaoDaGalera-DebugDylibPath-normal-arm64.txt -Xlinker -sectcreate -Xlinker __TEXT -Xlinker __debug_instlnm -Xlinker /Users/pauloricha/Library/Developer/Xcode/DerivedData/iosApp-cynwljdxdnoqyxhdtywpdbpkuabz/Build/Intermediates.noindex/iosApp.build/Debug-iphonesimulator/iosApp.build/BolaoDaGalera-DebugDylibInstallName-normal-arm64.txt -Xlinker -filelist -Xlinker /Users/pauloricha/Library/Developer/Xcode/DerivedData/iosApp-cynwljdxdnoqyxhdtywpdbpkuabz/Build/Intermediates.noindex/iosApp.build/Debug-iphonesimulator/iosApp.build/BolaoDaGalera-ExecutorLinkFileList-normal-arm64.txt -Xlinker -sectcreate -Xlinker __TEXT -Xlinker __entitlements -Xlinker /Users/pauloricha/Library/Developer/Xcode/DerivedData/iosApp-cynwljdxdnoqyxhdtywpdbpkuabz/Build/Intermediates.noindex/iosApp.build/Debug-iphonesimulator/iosApp.build/BolaoDaGalera.app-Simulated.xcent -Xlinker -sectcreate -Xlinker __TEXT -Xlinker __ents_der -Xlinker /Users/pauloricha/Library/Developer/Xcode/DerivedData/iosApp-cynwljdxdnoqyxhdtywpdbpkuabz/Build/Intermediates.noindex/iosApp.build/Debug-iphonesimulator/iosApp.build/BolaoDaGalera.app-Simulated.xcent.der /Users/pauloricha/Library/Developer/Xcode/DerivedData/iosApp-cynwljdxdnoqyxhdtywpdbpkuabz/Build/Products/Debug-iphonesimulator/BolaoDaGalera.app/BolaoDaGalera.debug.dylib -Xlinker -no_adhoc_codesign -o /Users/pauloricha/Library/Developer/Xcode/DerivedData/iosApp-cynwljdxdnoqyxhdtywpdbpkuabz/Build/Products/Debug-iphonesimulator/BolaoDaGalera.app/BolaoDaGalera

PhaseScriptExecution [CP]\ Embed\ Pods\ Frameworks /Users/pauloricha/Library/Developer/Xcode/DerivedData/iosApp-cynwljdxdnoqyxhdtywpdbpkuabz/Build/Intermediates.noindex/iosApp.build/Debug-iphonesimulator/iosApp.build/Script-D8C91479160BA53ADD266022.sh (in target 'iosApp' from project 'iosApp')
    cd /Users/pauloricha/StudioProjects/BolaoDaGalera/iosApp
    /bin/sh -c /Users/pauloricha/Library/Developer/Xcode/DerivedData/iosApp-cynwljdxdnoqyxhdtywpdbpkuabz/Build/Intermediates.noindex/iosApp.build/Debug-iphonesimulator/iosApp.build/Script-D8C91479160BA53ADD266022.sh
mkdir -p /Users/pauloricha/Library/Developer/Xcode/DerivedData/iosApp-cynwljdxdnoqyxhdtywpdbpkuabz/Build/Products/Debug-iphonesimulator/BolaoDaGalera.app/Frameworks
rsync --delete -av --filter P .*.?????? --links --filter "- CVS/" --filter "- .svn/" --filter "- .git/" --filter "- .hg/" --filter "- Headers" --filter "- PrivateHeaders" --filter "- Modules" "/Users/pauloricha/Library/Developer/Xcode/DerivedData/iosApp-cynwljdxdnoqyxhdtywpdbpkuabz/Build/Products/Debug-iphonesimulator/BoringSSL-GRPC/openssl_grpc.framework" "/Users/pauloricha/Library/Developer/Xcode/DerivedData/iosApp-cynwljdxdnoqyxhdtywpdbpkuabz/Build/Products/Debug-iphonesimulator/BolaoDaGalera.app/Frameworks"
Transfer starting: 8 files
openssl_grpc.framework/
openssl_grpc.framework/openssl_grpc
openssl_grpc.framework/_CodeSignature/CodeResources

sent 3318154 bytes  received 70 bytes  114028316 bytes/sec
total size is 3319082  speedup is 1.00
Code Signing /Users/pauloricha/Library/Developer/Xcode/DerivedData/iosApp-cynwljdxdnoqyxhdtywpdbpkuabz/Build/Products/Debug-iphonesimulator/BolaoDaGalera.app/Frameworks/openssl_grpc.framework with Identity Sign to Run Locally
/usr/bin/codesign --force --sign -  --preserve-metadata=identifier,entitlements '/Users/pauloricha/Library/Developer/Xcode/DerivedData/iosApp-cynwljdxdnoqyxhdtywpdbpkuabz/Build/Products/Debug-iphonesimulator/BolaoDaGalera.app/Frameworks/openssl_grpc.framework'
/Users/pauloricha/Library/Developer/Xcode/DerivedData/iosApp-cynwljdxdnoqyxhdtywpdbpkuabz/Build/Products/Debug-iphonesimulator/BolaoDaGalera.app/Frameworks/openssl_grpc.framework: replacing existing signature
rsync --delete -av --filter P .*.?????? --links --filter "- CVS/" --filter "- .svn/" --filter "- .git/" --filter "- .hg/" --filter "- Headers" --filter "- PrivateHeaders" --filter "- Modules" "/Users/pauloricha/Library/Developer/Xcode/DerivedData/iosApp-cynwljdxdnoqyxhdtywpdbpkuabz/Build/Products/Debug-iphonesimulator/FirebaseABTesting/FirebaseABTesting.framework" "/Users/pauloricha/Library/Developer/Xcode/DerivedData/iosApp-cynwljdxdnoqyxhdtywpdbpkuabz/Build/Products/Debug-iphonesimulator/BolaoDaGalera.app/Frameworks"
Transfer starting: 8 files
FirebaseABTesting.framework/
FirebaseABTesting.framework/FirebaseABTesting
FirebaseABTesting.framework/_CodeSignature/CodeResources

sent 132410 bytes  received 70 bytes  25976470 bytes/sec
total size is 133563  speedup is 1.01
Code Signing /Users/pauloricha/Library/Developer/Xcode/DerivedData/iosApp-cynwljdxdnoqyxhdtywpdbpkuabz/Build/Products/Debug-iphonesimulator/BolaoDaGalera.app/Frameworks/FirebaseABTesting.framework with Identity Sign to Run Locally
/usr/bin/codesign --force --sign -  --preserve-metadata=identifier,entitlements '/Users/pauloricha/Library/Developer/Xcode/DerivedData/iosApp-cynwljdxdnoqyxhdtywpdbpkuabz/Build/Products/Debug-iphonesimulator/BolaoDaGalera.app/Frameworks/FirebaseABTesting.framework'
/Users/pauloricha/Library/Developer/Xcode/DerivedData/iosApp-cynwljdxdnoqyxhdtywpdbpkuabz/Build/Products/Debug-iphonesimulator/BolaoDaGalera.app/Frameworks/FirebaseABTesting.framework: replacing existing signature
rsync --delete -av --filter P .*.?????? --links --filter "- CVS/" --filter "- .svn/" --filter "- .git/" --filter "- .hg/" --filter "- Headers" --filter "- PrivateHeaders" --filter "- Modules" "/Users/pauloricha/Library/Developer/Xcode/DerivedData/iosApp-cynwljdxdnoqyxhdtywpdbpkuabz/Build/Products/Debug-iphonesimulator/FirebaseAppCheckInterop/FirebaseAppCheckInterop.framework" "/Users/pauloricha/Library/Developer/Xcode/DerivedData/iosApp-cynwljdxdnoqyxhdtywpdbpkuabz/Build/Products/Debug-iphonesimulator/BolaoDaGalera.app/Frameworks"
Transfer starting: 5 files
FirebaseAppCheckInterop.framework/
FirebaseAppCheckInterop.framework/FirebaseAppCheckInterop
FirebaseAppCheckInterop.framework/_CodeSignature/CodeResources

sent 73288 bytes  received 70 bytes  14383921 bytes/sec
total size is 73452  speedup is 1.00
Code Signing /Users/pauloricha/Library/Developer/Xcode/DerivedData/iosApp-cynwljdxdnoqyxhdtywpdbpkuabz/Build/Products/Debug-iphonesimulator/BolaoDaGalera.app/Frameworks/FirebaseAppCheckInterop.framework with Identity Sign to Run Locally
/usr/bin/codesign --force --sign -  --preserve-metadata=identifier,entitlements '/Users/pauloricha/Library/Developer/Xcode/DerivedData/iosApp-cynwljdxdnoqyxhdtywpdbpkuabz/Build/Products/Debug-iphonesimulator/BolaoDaGalera.app/Frameworks/FirebaseAppCheckInterop.framework'
/Users/pauloricha/Library/Developer/Xcode/DerivedData/iosApp-cynwljdxdnoqyxhdtywpdbpkuabz/Build/Products/Debug-iphonesimulator/BolaoDaGalera.app/Frameworks/FirebaseAppCheckInterop.framework: replacing existing signature
rsync --delete -av --filter P .*.?????? --links --filter "- CVS/" --filter "- .svn/" --filter "- .git/" --filter "- .hg/" --filter "- Headers" --filter "- PrivateHeaders" --filter "- Modules" "/Users/pauloricha/Library/Developer/Xcode/DerivedData/iosApp-cynwljdxdnoqyxhdtywpdbpkuabz/Build/Products/Debug-iphonesimulator/FirebaseAuth/FirebaseAuth.framework" "/Users/pauloricha/Library/Developer/Xcode/DerivedData/iosApp-cynwljdxdnoqyxhdtywpdbpkuabz/Build/Products/Debug-iphonesimulator/BolaoDaGalera.app/Frameworks"
Transfer starting: 8 files
FirebaseAuth.framework/
FirebaseAuth.framework/FirebaseAuth
FirebaseAuth.framework/_CodeSignature/CodeResources

sent 3936472 bytes  received 70 bytes  118928761 bytes/sec
total size is 3938823  speedup is 1.00
Code Signing /Users/pauloricha/Library/Developer/Xcode/DerivedData/iosApp-cynwljdxdnoqyxhdtywpdbpkuabz/Build/Products/Debug-iphonesimulator/BolaoDaGalera.app/Frameworks/FirebaseAuth.framework with Identity Sign to Run Locally
/usr/bin/codesign --force --sign -  --preserve-metadata=identifier,entitlements '/Users/pauloricha/Library/Developer/Xcode/DerivedData/iosApp-cynwljdxdnoqyxhdtywpdbpkuabz/Build/Products/Debug-iphonesimulator/BolaoDaGalera.app/Frameworks/FirebaseAuth.framework'
/Users/pauloricha/Library/Developer/Xcode/DerivedData/iosApp-cynwljdxdnoqyxhdtywpdbpkuabz/Build/Products/Debug-iphonesimulator/BolaoDaGalera.app/Frameworks/FirebaseAuth.framework: replacing existing signature
rsync --delete -av --filter P .*.?????? --links --filter "- CVS/" --filter "- .svn/" --filter "- .git/" --filter "- .hg/" --filter "- Headers" --filter "- PrivateHeaders" --filter "- Modules" "/Users/pauloricha/Library/Developer/Xcode/DerivedData/iosApp-cynwljdxdnoqyxhdtywpdbpkuabz/Build/Products/Debug-iphonesimulator/FirebaseAuthInterop/FirebaseAuthInterop.framework" "/Users/pauloricha/Library/Developer/Xcode/DerivedData/iosApp-cynwljdxdnoqyxhdtywpdbpkuabz/Build/Products/Debug-iphonesimulator/BolaoDaGalera.app/Frameworks"
Transfer starting: 5 files
FirebaseAuthInterop.framework/
FirebaseAuthInterop.framework/FirebaseAuthInterop
FirebaseAuthInterop.framework/_CodeSignature/CodeResources

sent 72668 bytes  received 70 bytes  17740975 bytes/sec
total size is 72848  speedup is 1.00
Code Signing /Users/pauloricha/Library/Developer/Xcode/DerivedData/iosApp-cynwljdxdnoqyxhdtywpdbpkuabz/Build/Products/Debug-iphonesimulator/BolaoDaGalera.app/Frameworks/FirebaseAuthInterop.framework with Identity Sign to Run Locally
/usr/bin/codesign --force --sign -  --preserve-metadata=identifier,entitlements '/Users/pauloricha/Library/Developer/Xcode/DerivedData/iosApp-cynwljdxdnoqyxhdtywpdbpkuabz/Build/Products/Debug-iphonesimulator/BolaoDaGalera.app/Frameworks/FirebaseAuthInterop.framework'
/Users/pauloricha/Library/Developer/Xcode/DerivedData/iosApp-cynwljdxdnoqyxhdtywpdbpkuabz/Build/Products/Debug-iphonesimulator/BolaoDaGalera.app/Frameworks/FirebaseAuthInterop.framework: replacing existing signature
rsync --delete -av --filter P .*.?????? --links --filter "- CVS/" --filter "- .svn/" --filter "- .git/" --filter "- .hg/" --filter "- Headers" --filter "- PrivateHeaders" --filter "- Modules" "/Users/pauloricha/Library/Developer/Xcode/DerivedData/iosApp-cynwljdxdnoqyxhdtywpdbpkuabz/Build/Products/Debug-iphonesimulator/FirebaseCore/FirebaseCore.framework" "/Users/pauloricha/Library/Developer/Xcode/DerivedData/iosApp-cynwljdxdnoqyxhdtywpdbpkuabz/Build/Products/Debug-iphonesimulator/BolaoDaGalera.app/Frameworks"
Transfer starting: 8 files
FirebaseCore.framework/
FirebaseCore.framework/FirebaseCore
FirebaseCore.framework/_CodeSignature/CodeResources

sent 203648 bytes  received 70 bytes  39944705 bytes/sec
total size is 205204  speedup is 1.01
Code Signing /Users/pauloricha/Library/Developer/Xcode/DerivedData/iosApp-cynwljdxdnoqyxhdtywpdbpkuabz/Build/Products/Debug-iphonesimulator/BolaoDaGalera.app/Frameworks/FirebaseCore.framework with Identity Sign to Run Locally
/usr/bin/codesign --force --sign -  --preserve-metadata=identifier,entitlements '/Users/pauloricha/Library/Developer/Xcode/DerivedData/iosApp-cynwljdxdnoqyxhdtywpdbpkuabz/Build/Products/Debug-iphonesimulator/BolaoDaGalera.app/Frameworks/FirebaseCore.framework'
/Users/pauloricha/Library/Developer/Xcode/DerivedData/iosApp-cynwljdxdnoqyxhdtywpdbpkuabz/Build/Products/Debug-iphonesimulator/BolaoDaGalera.app/Frameworks/FirebaseCore.framework: replacing existing signature
rsync --delete -av --filter P .*.?????? --links --filter "- CVS/" --filter "- .svn/" --filter "- .git/" --filter "- .hg/" --filter "- Headers" --filter "- PrivateHeaders" --filter "- Modules" "/Users/pauloricha/Library/Developer/Xcode/DerivedData/iosApp-cynwljdxdnoqyxhdtywpdbpkuabz/Build/Products/Debug-iphonesimulator/FirebaseCoreExtension/FirebaseCoreExtension.framework" "/Users/pauloricha/Library/Developer/Xcode/DerivedData/iosApp-cynwljdxdnoqyxhdtywpdbpkuabz/Build/Products/Debug-iphonesimulator/BolaoDaGalera.app/Frameworks"
Transfer starting: 8 files
FirebaseCoreExtension.framework/
FirebaseCoreExtension.framework/FirebaseCoreExtension
FirebaseCoreExtension.framework/_CodeSignature/CodeResources

sent 75264 bytes  received 70 bytes  18374146 bytes/sec
total size is 76389  speedup is 1.01
Code Signing /Users/pauloricha/Library/Developer/Xcode/DerivedData/iosApp-cynwljdxdnoqyxhdtywpdbpkuabz/Build/Products/Debug-iphonesimulator/BolaoDaGalera.app/Frameworks/FirebaseCoreExtension.framework with Identity Sign to Run Locally
/usr/bin/codesign --force --sign -  --preserve-metadata=identifier,entitlements '/Users/pauloricha/Library/Developer/Xcode/DerivedData/iosApp-cynwljdxdnoqyxhdtywpdbpkuabz/Build/Products/Debug-iphonesimulator/BolaoDaGalera.app/Frameworks/FirebaseCoreExtension.framework'
/Users/pauloricha/Library/Developer/Xcode/DerivedData/iosApp-cynwljdxdnoqyxhdtywpdbpkuabz/Build/Products/Debug-iphonesimulator/BolaoDaGalera.app/Frameworks/FirebaseCoreExtension.framework: replacing existing signature
rsync --delete -av --filter P .*.?????? --links --filter "- CVS/" --filter "- .svn/" --filter "- .git/" --filter "- .hg/" --filter "- Headers" --filter "- PrivateHeaders" --filter "- Modules" "/Users/pauloricha/Library/Developer/Xcode/DerivedData/iosApp-cynwljdxdnoqyxhdtywpdbpkuabz/Build/Products/Debug-iphonesimulator/FirebaseCoreInternal/FirebaseCoreInternal.framework" "/Users/pauloricha/Library/Developer/Xcode/DerivedData/iosApp-cynwljdxdnoqyxhdtywpdbpkuabz/Build/Products/Debug-iphonesimulator/BolaoDaGalera.app/Frameworks"
Transfer starting: 8 files
FirebaseCoreInternal.framework/
FirebaseCoreInternal.framework/FirebaseCoreInternal
FirebaseCoreInternal.framework/_CodeSignature/CodeResources

sent 491796 bytes  received 70 bytes  69276901 bytes/sec
total size is 493258  speedup is 1.00
Code Signing /Users/pauloricha/Library/Developer/Xcode/DerivedData/iosApp-cynwljdxdnoqyxhdtywpdbpkuabz/Build/Products/Debug-iphonesimulator/BolaoDaGalera.app/Frameworks/FirebaseCoreInternal.framework with Identity Sign to Run Locally
/usr/bin/codesign --force --sign -  --preserve-metadata=identifier,entitlements '/Users/pauloricha/Library/Developer/Xcode/DerivedData/iosApp-cynwljdxdnoqyxhdtywpdbpkuabz/Build/Products/Debug-iphonesimulator/BolaoDaGalera.app/Frameworks/FirebaseCoreInternal.framework'
/Users/pauloricha/Library/Developer/Xcode/DerivedData/iosApp-cynwljdxdnoqyxhdtywpdbpkuabz/Build/Products/Debug-iphonesimulator/BolaoDaGalera.app/Frameworks/FirebaseCoreInternal.framework: replacing existing signature
rsync --delete -av --filter P .*.?????? --links --filter "- CVS/" --filter "- .svn/" --filter "- .git/" --filter "- .hg/" --filter "- Headers" --filter "- PrivateHeaders" --filter "- Modules" "/Users/pauloricha/Library/Developer/Xcode/DerivedData/iosApp-cynwljdxdnoqyxhdtywpdbpkuabz/Build/Products/Debug-iphonesimulator/FirebaseFirestore/FirebaseFirestore.framework" "/Users/pauloricha/Library/Developer/Xcode/DerivedData/iosApp-cynwljdxdnoqyxhdtywpdbpkuabz/Build/Products/Debug-iphonesimulator/BolaoDaGalera.app/Frameworks"
Transfer starting: 8 files
FirebaseFirestore.framework/
FirebaseFirestore.framework/FirebaseFirestore
FirebaseFirestore.framework/_CodeSignature/CodeResources

sent 1797144 bytes  received 70 bytes  105100233 bytes/sec
total size is 1798720  speedup is 1.00
Code Signing /Users/pauloricha/Library/Developer/Xcode/DerivedData/iosApp-cynwljdxdnoqyxhdtywpdbpkuabz/Build/Products/Debug-iphonesimulator/BolaoDaGalera.app/Frameworks/FirebaseFirestore.framework with Identity Sign to Run Locally
/usr/bin/codesign --force --sign -  --preserve-metadata=identifier,entitlements '/Users/pauloricha/Library/Developer/Xcode/DerivedData/iosApp-cynwljdxdnoqyxhdtywpdbpkuabz/Build/Products/Debug-iphonesimulator/BolaoDaGalera.app/Frameworks/FirebaseFirestore.framework'
/Users/pauloricha/Library/Developer/Xcode/DerivedData/iosApp-cynwljdxdnoqyxhdtywpdbpkuabz/Build/Products/Debug-iphonesimulator/BolaoDaGalera.app/Frameworks/FirebaseFirestore.framework: replacing existing signature
rsync --delete -av --filter P .*.?????? --links --filter "- CVS/" --filter "- .svn/" --filter "- .git/" --filter "- .hg/" --filter "- Headers" --filter "- PrivateHeaders" --filter "- Modules" "/Users/pauloricha/Library/Developer/Xcode/DerivedData/iosApp-cynwljdxdnoqyxhdtywpdbpkuabz/Build/Products/Debug-iphonesimulator/FirebaseFirestoreInternal/FirebaseFirestoreInternal.framework" "/Users/pauloricha/Library/Developer/Xcode/DerivedData/iosApp-cynwljdxdnoqyxhdtywpdbpkuabz/Build/Products/Debug-iphonesimulator/BolaoDaGalera.app/Frameworks"
Transfer starting: 8 files
FirebaseFirestoreInternal.framework/
FirebaseFirestoreInternal.framework/FirebaseFirestoreInternal
FirebaseFirestoreInternal.framework/_CodeSignature/CodeResources

sent 17992248 bytes  received 70 bytes  140455253 bytes/sec
total size is 17991784  speedup is 1.00
Code Signing /Users/pauloricha/Library/Developer/Xcode/DerivedData/iosApp-cynwljdxdnoqyxhdtywpdbpkuabz/Build/Products/Debug-iphonesimulator/BolaoDaGalera.app/Frameworks/FirebaseFirestoreInternal.framework with Identity Sign to Run Locally
/usr/bin/codesign --force --sign -  --preserve-metadata=identifier,entitlements '/Users/pauloricha/Library/Developer/Xcode/DerivedData/iosApp-cynwljdxdnoqyxhdtywpdbpkuabz/Build/Products/Debug-iphonesimulator/BolaoDaGalera.app/Frameworks/FirebaseFirestoreInternal.framework'
/Users/pauloricha/Library/Developer/Xcode/DerivedData/iosApp-cynwljdxdnoqyxhdtywpdbpkuabz/Build/Products/Debug-iphonesimulator/BolaoDaGalera.app/Frameworks/FirebaseFirestoreInternal.framework: replacing existing signature
rsync --delete -av --filter P .*.?????? --links --filter "- CVS/" --filter "- .svn/" --filter "- .git/" --filter "- .hg/" --filter "- Headers" --filter "- PrivateHeaders" --filter "- Modules" "/Users/pauloricha/Library/Developer/Xcode/DerivedData/iosApp-cynwljdxdnoqyxhdtywpdbpkuabz/Build/Products/Debug-iphonesimulator/FirebaseInstallations/FirebaseInstallations.framework" "/Users/pauloricha/Library/Developer/Xcode/DerivedData/iosApp-cynwljdxdnoqyxhdtywpdbpkuabz/Build/Products/Debug-iphonesimulator/BolaoDaGalera.app/Frameworks"
Transfer starting: 8 files
FirebaseInstallations.framework/
FirebaseInstallations.framework/FirebaseInstallations
FirebaseInstallations.framework/_CodeSignature/CodeResources

sent 275604 bytes  received 70 bytes  45192459 bytes/sec
total size is 277332  speedup is 1.01
Code Signing /Users/pauloricha/Library/Developer/Xcode/DerivedData/iosApp-cynwljdxdnoqyxhdtywpdbpkuabz/Build/Products/Debug-iphonesimulator/BolaoDaGalera.app/Frameworks/FirebaseInstallations.framework with Identity Sign to Run Locally
/usr/bin/codesign --force --sign -  --preserve-metadata=identifier,entitlements '/Users/pauloricha/Library/Developer/Xcode/DerivedData/iosApp-cynwljdxdnoqyxhdtywpdbpkuabz/Build/Products/Debug-iphonesimulator/BolaoDaGalera.app/Frameworks/FirebaseInstallations.framework'
/Users/pauloricha/Library/Developer/Xcode/DerivedData/iosApp-cynwljdxdnoqyxhdtywpdbpkuabz/Build/Products/Debug-iphonesimulator/BolaoDaGalera.app/Frameworks/FirebaseInstallations.framework: replacing existing signature
rsync --delete -av --filter P .*.?????? --links --filter "- CVS/" --filter "- .svn/" --filter "- .git/" --filter "- .hg/" --filter "- Headers" --filter "- PrivateHeaders" --filter "- Modules" "/Users/pauloricha/Library/Developer/Xcode/DerivedData/iosApp-cynwljdxdnoqyxhdtywpdbpkuabz/Build/Products/Debug-iphonesimulator/FirebaseRemoteConfig/FirebaseRemoteConfig.framework" "/Users/pauloricha/Library/Developer/Xcode/DerivedData/iosApp-cynwljdxdnoqyxhdtywpdbpkuabz/Build/Products/Debug-iphonesimulator/BolaoDaGalera.app/Frameworks"
Transfer starting: 8 files
FirebaseRemoteConfig.framework/
FirebaseRemoteConfig.framework/FirebaseRemoteConfig
FirebaseRemoteConfig.framework/_CodeSignature/CodeResources

sent 594194 bytes  received 70 bytes  73365925 bytes/sec
total size is 596271  speedup is 1.00
Code Signing /Users/pauloricha/Library/Developer/Xcode/DerivedData/iosApp-cynwljdxdnoqyxhdtywpdbpkuabz/Build/Products/Debug-iphonesimulator/BolaoDaGalera.app/Frameworks/FirebaseRemoteConfig.framework with Identity Sign to Run Locally
/usr/bin/codesign --force --sign -  --preserve-metadata=identifier,entitlements '/Users/pauloricha/Library/Developer/Xcode/DerivedData/iosApp-cynwljdxdnoqyxhdtywpdbpkuabz/Build/Products/Debug-iphonesimulator/BolaoDaGalera.app/Frameworks/FirebaseRemoteConfig.framework'
/Users/pauloricha/Library/Developer/Xcode/DerivedData/iosApp-cynwljdxdnoqyxhdtywpdbpkuabz/Build/Products/Debug-iphonesimulator/BolaoDaGalera.app/Frameworks/FirebaseRemoteConfig.framework: replacing existing signature
rsync --delete -av --filter P .*.?????? --links --filter "- CVS/" --filter "- .svn/" --filter "- .git/" --filter "- .hg/" --filter "- Headers" --filter "- PrivateHeaders" --filter "- Modules" "/Users/pauloricha/Library/Developer/Xcode/DerivedData/iosApp-cynwljdxdnoqyxhdtywpdbpkuabz/Build/Products/Debug-iphonesimulator/FirebaseRemoteConfigInterop/FirebaseRemoteConfigInterop.framework" "/Users/pauloricha/Library/Developer/Xcode/DerivedData/iosApp-cynwljdxdnoqyxhdtywpdbpkuabz/Build/Products/Debug-iphonesimulator/BolaoDaGalera.app/Frameworks"
Transfer starting: 5 files
FirebaseRemoteConfigInterop.framework/
FirebaseRemoteConfigInterop.framework/FirebaseRemoteConfigInterop
FirebaseRemoteConfigInterop.framework/_CodeSignature/CodeResources

sent 128866 bytes  received 70 bytes  31447804 bytes/sec
total size is 129010  speedup is 1.00
Code Signing /Users/pauloricha/Library/Developer/Xcode/DerivedData/iosApp-cynwljdxdnoqyxhdtywpdbpkuabz/Build/Products/Debug-iphonesimulator/BolaoDaGalera.app/Frameworks/FirebaseRemoteConfigInterop.framework with Identity Sign to Run Locally
/usr/bin/codesign --force --sign -  --preserve-metadata=identifier,entitlements '/Users/pauloricha/Library/Developer/Xcode/DerivedData/iosApp-cynwljdxdnoqyxhdtywpdbpkuabz/Build/Products/Debug-iphonesimulator/BolaoDaGalera.app/Frameworks/FirebaseRemoteConfigInterop.framework'
/Users/pauloricha/Library/Developer/Xcode/DerivedData/iosApp-cynwljdxdnoqyxhdtywpdbpkuabz/Build/Products/Debug-iphonesimulator/BolaoDaGalera.app/Frameworks/FirebaseRemoteConfigInterop.framework: replacing existing signature
rsync --delete -av --filter P .*.?????? --links --filter "- CVS/" --filter "- .svn/" --filter "- .git/" --filter "- .hg/" --filter "- Headers" --filter "- PrivateHeaders" --filter "- Modules" "/Users/pauloricha/Library/Developer/Xcode/DerivedData/iosApp-cynwljdxdnoqyxhdtywpdbpkuabz/Build/Products/Debug-iphonesimulator/FirebaseSharedSwift/FirebaseSharedSwift.framework" "/Users/pauloricha/Library/Developer/Xcode/DerivedData/iosApp-cynwljdxdnoqyxhdtywpdbpkuabz/Build/Products/Debug-iphonesimulator/BolaoDaGalera.app/Frameworks"
Transfer starting: 5 files
FirebaseSharedSwift.framework/
FirebaseSharedSwift.framework/FirebaseSharedSwift
FirebaseSharedSwift.framework/_CodeSignature/CodeResources

sent 695930 bytes  received 70 bytes  85925925 bytes/sec
total size is 696034  speedup is 1.00
Code Signing /Users/pauloricha/Library/Developer/Xcode/DerivedData/iosApp-cynwljdxdnoqyxhdtywpdbpkuabz/Build/Products/Debug-iphonesimulator/BolaoDaGalera.app/Frameworks/FirebaseSharedSwift.framework with Identity Sign to Run Locally
/usr/bin/codesign --force --sign -  --preserve-metadata=identifier,entitlements '/Users/pauloricha/Library/Developer/Xcode/DerivedData/iosApp-cynwljdxdnoqyxhdtywpdbpkuabz/Build/Products/Debug-iphonesimulator/BolaoDaGalera.app/Frameworks/FirebaseSharedSwift.framework'
/Users/pauloricha/Library/Developer/Xcode/DerivedData/iosApp-cynwljdxdnoqyxhdtywpdbpkuabz/Build/Products/Debug-iphonesimulator/BolaoDaGalera.app/Frameworks/FirebaseSharedSwift.framework: replacing existing signature
rsync --delete -av --filter P .*.?????? --links --filter "- CVS/" --filter "- .svn/" --filter "- .git/" --filter "- .hg/" --filter "- Headers" --filter "- PrivateHeaders" --filter "- Modules" "/Users/pauloricha/Library/Developer/Xcode/DerivedData/iosApp-cynwljdxdnoqyxhdtywpdbpkuabz/Build/Products/Debug-iphonesimulator/GTMSessionFetcher/GTMSessionFetcher.framework" "/Users/pauloricha/Library/Developer/Xcode/DerivedData/iosApp-cynwljdxdnoqyxhdtywpdbpkuabz/Build/Products/Debug-iphonesimulator/BolaoDaGalera.app/Frameworks"
Transfer starting: 8 files
GTMSessionFetcher.framework/
GTMSessionFetcher.framework/GTMSessionFetcher
GTMSessionFetcher.framework/_CodeSignature/CodeResources

sent 583599 bytes  received 70 bytes  72057901 bytes/sec
total size is 584807  speedup is 1.00
Code Signing /Users/pauloricha/Library/Developer/Xcode/DerivedData/iosApp-cynwljdxdnoqyxhdtywpdbpkuabz/Build/Products/Debug-iphonesimulator/BolaoDaGalera.app/Frameworks/GTMSessionFetcher.framework with Identity Sign to Run Locally
/usr/bin/codesign --force --sign -  --preserve-metadata=identifier,entitlements '/Users/pauloricha/Library/Developer/Xcode/DerivedData/iosApp-cynwljdxdnoqyxhdtywpdbpkuabz/Build/Products/Debug-iphonesimulator/BolaoDaGalera.app/Frameworks/GTMSessionFetcher.framework'
/Users/pauloricha/Library/Developer/Xcode/DerivedData/iosApp-cynwljdxdnoqyxhdtywpdbpkuabz/Build/Products/Debug-iphonesimulator/BolaoDaGalera.app/Frameworks/GTMSessionFetcher.framework: replacing existing signature
rsync --delete -av --filter P .*.?????? --links --filter "- CVS/" --filter "- .svn/" --filter "- .git/" --filter "- .hg/" --filter "- Headers" --filter "- PrivateHeaders" --filter "- Modules" "/Users/pauloricha/Library/Developer/Xcode/DerivedData/iosApp-cynwljdxdnoqyxhdtywpdbpkuabz/Build/Products/Debug-iphonesimulator/GoogleUtilities/GoogleUtilities.framework" "/Users/pauloricha/Library/Developer/Xcode/DerivedData/iosApp-cynwljdxdnoqyxhdtywpdbpkuabz/Build/Products/Debug-iphonesimulator/BolaoDaGalera.app/Frameworks"
Transfer starting: 8 files
GoogleUtilities.framework/
GoogleUtilities.framework/GoogleUtilities
GoogleUtilities.framework/_CodeSignature/CodeResources

sent 287234 bytes  received 70 bytes  47099016 bytes/sec
total size is 289134  speedup is 1.01
Code Signing /Users/pauloricha/Library/Developer/Xcode/DerivedData/iosApp-cynwljdxdnoqyxhdtywpdbpkuabz/Build/Products/Debug-iphonesimulator/BolaoDaGalera.app/Frameworks/GoogleUtilities.framework with Identity Sign to Run Locally
/usr/bin/codesign --force --sign -  --preserve-metadata=identifier,entitlements '/Users/pauloricha/Library/Developer/Xcode/DerivedData/iosApp-cynwljdxdnoqyxhdtywpdbpkuabz/Build/Products/Debug-iphonesimulator/BolaoDaGalera.app/Frameworks/GoogleUtilities.framework'
/Users/pauloricha/Library/Developer/Xcode/DerivedData/iosApp-cynwljdxdnoqyxhdtywpdbpkuabz/Build/Products/Debug-iphonesimulator/BolaoDaGalera.app/Frameworks/GoogleUtilities.framework: replacing existing signature
rsync --delete -av --filter P .*.?????? --links --filter "- CVS/" --filter "- .svn/" --filter "- .git/" --filter "- .hg/" --filter "- Headers" --filter "- PrivateHeaders" --filter "- Modules" "/Users/pauloricha/Library/Developer/Xcode/DerivedData/iosApp-cynwljdxdnoqyxhdtywpdbpkuabz/Build/Products/Debug-iphonesimulator/PromisesObjC/FBLPromises.framework" "/Users/pauloricha/Library/Developer/Xcode/DerivedData/iosApp-cynwljdxdnoqyxhdtywpdbpkuabz/Build/Products/Debug-iphonesimulator/BolaoDaGalera.app/Frameworks"
Transfer starting: 8 files
FBLPromises.framework/
FBLPromises.framework/FBLPromises
FBLPromises.framework/_CodeSignature/CodeResources

sent 211662 bytes  received 70 bytes  34710163 bytes/sec
total size is 212740  speedup is 1.00
Code Signing /Users/pauloricha/Library/Developer/Xcode/DerivedData/iosApp-cynwljdxdnoqyxhdtywpdbpkuabz/Build/Products/Debug-iphonesimulator/BolaoDaGalera.app/Frameworks/FBLPromises.framework with Identity Sign to Run Locally
/usr/bin/codesign --force --sign -  --preserve-metadata=identifier,entitlements '/Users/pauloricha/Library/Developer/Xcode/DerivedData/iosApp-cynwljdxdnoqyxhdtywpdbpkuabz/Build/Products/Debug-iphonesimulator/BolaoDaGalera.app/Frameworks/FBLPromises.framework'
/Users/pauloricha/Library/Developer/Xcode/DerivedData/iosApp-cynwljdxdnoqyxhdtywpdbpkuabz/Build/Products/Debug-iphonesimulator/BolaoDaGalera.app/Frameworks/FBLPromises.framework: replacing existing signature
rsync --delete -av --filter P .*.?????? --links --filter "- CVS/" --filter "- .svn/" --filter "- .git/" --filter "- .hg/" --filter "- Headers" --filter "- PrivateHeaders" --filter "- Modules" "/Users/pauloricha/Library/Developer/Xcode/DerivedData/iosApp-cynwljdxdnoqyxhdtywpdbpkuabz/Build/Products/Debug-iphonesimulator/RecaptchaInterop/RecaptchaInterop.framework" "/Users/pauloricha/Library/Developer/Xcode/DerivedData/iosApp-cynwljdxdnoqyxhdtywpdbpkuabz/Build/Products/Debug-iphonesimulator/BolaoDaGalera.app/Frameworks"
Transfer starting: 5 files
RecaptchaInterop.framework/
RecaptchaInterop.framework/RecaptchaInterop
RecaptchaInterop.framework/_CodeSignature/CodeResources

sent 73328 bytes  received 70 bytes  17901951 bytes/sec
total size is 73520  speedup is 1.00
Code Signing /Users/pauloricha/Library/Developer/Xcode/DerivedData/iosApp-cynwljdxdnoqyxhdtywpdbpkuabz/Build/Products/Debug-iphonesimulator/BolaoDaGalera.app/Frameworks/RecaptchaInterop.framework with Identity Sign to Run Locally
/usr/bin/codesign --force --sign -  --preserve-metadata=identifier,entitlements '/Users/pauloricha/Library/Developer/Xcode/DerivedData/iosApp-cynwljdxdnoqyxhdtywpdbpkuabz/Build/Products/Debug-iphonesimulator/BolaoDaGalera.app/Frameworks/RecaptchaInterop.framework'
/Users/pauloricha/Library/Developer/Xcode/DerivedData/iosApp-cynwljdxdnoqyxhdtywpdbpkuabz/Build/Products/Debug-iphonesimulator/BolaoDaGalera.app/Frameworks/RecaptchaInterop.framework: replacing existing signature
rsync --delete -av --filter P .*.?????? --links --filter "- CVS/" --filter "- .svn/" --filter "- .git/" --filter "- .hg/" --filter "- Headers" --filter "- PrivateHeaders" --filter "- Modules" "/Users/pauloricha/Library/Developer/Xcode/DerivedData/iosApp-cynwljdxdnoqyxhdtywpdbpkuabz/Build/Products/Debug-iphonesimulator/abseil/absl.framework" "/Users/pauloricha/Library/Developer/Xcode/DerivedData/iosApp-cynwljdxdnoqyxhdtywpdbpkuabz/Build/Products/Debug-iphonesimulator/BolaoDaGalera.app/Frameworks"
Transfer starting: 8 files
absl.framework/
absl.framework/absl
absl.framework/_CodeSignature/CodeResources

sent 3798957 bytes  received 70 bytes  118349750 bytes/sec
total size is 3799678  speedup is 1.00
Code Signing /Users/pauloricha/Library/Developer/Xcode/DerivedData/iosApp-cynwljdxdnoqyxhdtywpdbpkuabz/Build/Products/Debug-iphonesimulator/BolaoDaGalera.app/Frameworks/absl.framework with Identity Sign to Run Locally
/usr/bin/codesign --force --sign -  --preserve-metadata=identifier,entitlements '/Users/pauloricha/Library/Developer/Xcode/DerivedData/iosApp-cynwljdxdnoqyxhdtywpdbpkuabz/Build/Products/Debug-iphonesimulator/BolaoDaGalera.app/Frameworks/absl.framework'
/Users/pauloricha/Library/Developer/Xcode/DerivedData/iosApp-cynwljdxdnoqyxhdtywpdbpkuabz/Build/Products/Debug-iphonesimulator/BolaoDaGalera.app/Frameworks/absl.framework: replacing existing signature
rsync --delete -av --filter P .*.?????? --links --filter "- CVS/" --filter "- .svn/" --filter "- .git/" --filter "- .hg/" --filter "- Headers" --filter "- PrivateHeaders" --filter "- Modules" "/Users/pauloricha/Library/Developer/Xcode/DerivedData/iosApp-cynwljdxdnoqyxhdtywpdbpkuabz/Build/Products/Debug-iphonesimulator/gRPC-C++/grpcpp.framework" "/Users/pauloricha/Library/Developer/Xcode/DerivedData/iosApp-cynwljdxdnoqyxhdtywpdbpkuabz/Build/Products/Debug-iphonesimulator/BolaoDaGalera.app/Frameworks"
Transfer starting: 11 files
grpcpp.framework/
grpcpp.framework/grpcpp
grpcpp.framework/_CodeSignature/CodeResources

sent 3142812 bytes  received 70 bytes  108002817 bytes/sec
total size is 3408788  speedup is 1.08
Code Signing /Users/pauloricha/Library/Developer/Xcode/DerivedData/iosApp-cynwljdxdnoqyxhdtywpdbpkuabz/Build/Products/Debug-iphonesimulator/BolaoDaGalera.app/Frameworks/grpcpp.framework with Identity Sign to Run Locally
/usr/bin/codesign --force --sign -  --preserve-metadata=identifier,entitlements '/Users/pauloricha/Library/Developer/Xcode/DerivedData/iosApp-cynwljdxdnoqyxhdtywpdbpkuabz/Build/Products/Debug-iphonesimulator/BolaoDaGalera.app/Frameworks/grpcpp.framework'
/Users/pauloricha/Library/Developer/Xcode/DerivedData/iosApp-cynwljdxdnoqyxhdtywpdbpkuabz/Build/Products/Debug-iphonesimulator/BolaoDaGalera.app/Frameworks/grpcpp.framework: replacing existing signature
rsync --delete -av --filter P .*.?????? --links --filter "- CVS/" --filter "- .svn/" --filter "- .git/" --filter "- .hg/" --filter "- Headers" --filter "- PrivateHeaders" --filter "- Modules" "/Users/pauloricha/Library/Developer/Xcode/DerivedData/iosApp-cynwljdxdnoqyxhdtywpdbpkuabz/Build/Products/Debug-iphonesimulator/gRPC-Core/grpc.framework" "/Users/pauloricha/Library/Developer/Xcode/DerivedData/iosApp-cynwljdxdnoqyxhdtywpdbpkuabz/Build/Products/Debug-iphonesimulator/BolaoDaGalera.app/Frameworks"
Transfer starting: 8 files
grpc.framework/
grpc.framework/grpc
grpc.framework/_CodeSignature/CodeResources

sent 44714702 bytes  received 70 bytes  133836492 bytes/sec
total size is 44710642  speedup is 1.00
Code Signing /Users/pauloricha/Library/Developer/Xcode/DerivedData/iosApp-cynwljdxdnoqyxhdtywpdbpkuabz/Build/Products/Debug-iphonesimulator/BolaoDaGalera.app/Frameworks/grpc.framework with Identity Sign to Run Locally
/usr/bin/codesign --force --sign -  --preserve-metadata=identifier,entitlements '/Users/pauloricha/Library/Developer/Xcode/DerivedData/iosApp-cynwljdxdnoqyxhdtywpdbpkuabz/Build/Products/Debug-iphonesimulator/BolaoDaGalera.app/Frameworks/grpc.framework'
/Users/pauloricha/Library/Developer/Xcode/DerivedData/iosApp-cynwljdxdnoqyxhdtywpdbpkuabz/Build/Products/Debug-iphonesimulator/BolaoDaGalera.app/Frameworks/grpc.framework: replacing existing signature
rsync --delete -av --filter P .*.?????? --links --filter "- CVS/" --filter "- .svn/" --filter "- .git/" --filter "- .hg/" --filter "- Headers" --filter "- PrivateHeaders" --filter "- Modules" "/Users/pauloricha/Library/Developer/Xcode/DerivedData/iosApp-cynwljdxdnoqyxhdtywpdbpkuabz/Build/Products/Debug-iphonesimulator/leveldb-library/leveldb.framework" "/Users/pauloricha/Library/Developer/Xcode/DerivedData/iosApp-cynwljdxdnoqyxhdtywpdbpkuabz/Build/Products/Debug-iphonesimulator/BolaoDaGalera.app/Frameworks"
Transfer starting: 8 files
leveldb.framework/
leveldb.framework/leveldb
leveldb.framework/_CodeSignature/CodeResources

sent 1118320 bytes  received 70 bytes  79318439 bytes/sec
total size is 1119807  speedup is 1.00
Code Signing /Users/pauloricha/Library/Developer/Xcode/DerivedData/iosApp-cynwljdxdnoqyxhdtywpdbpkuabz/Build/Products/Debug-iphonesimulator/BolaoDaGalera.app/Frameworks/leveldb.framework with Identity Sign to Run Locally
/usr/bin/codesign --force --sign -  --preserve-metadata=identifier,entitlements '/Users/pauloricha/Library/Developer/Xcode/DerivedData/iosApp-cynwljdxdnoqyxhdtywpdbpkuabz/Build/Products/Debug-iphonesimulator/BolaoDaGalera.app/Frameworks/leveldb.framework'
/Users/pauloricha/Library/Developer/Xcode/DerivedData/iosApp-cynwljdxdnoqyxhdtywpdbpkuabz/Build/Products/Debug-iphonesimulator/BolaoDaGalera.app/Frameworks/leveldb.framework: replacing existing signature
rsync --delete -av --filter P .*.?????? --links --filter "- CVS/" --filter "- .svn/" --filter "- .git/" --filter "- .hg/" --filter "- Headers" --filter "- PrivateHeaders" --filter "- Modules" "/Users/pauloricha/Library/Developer/Xcode/DerivedData/iosApp-cynwljdxdnoqyxhdtywpdbpkuabz/Build/Products/Debug-iphonesimulator/nanopb/nanopb.framework" "/Users/pauloricha/Library/Developer/Xcode/DerivedData/iosApp-cynwljdxdnoqyxhdtywpdbpkuabz/Build/Products/Debug-iphonesimulator/BolaoDaGalera.app/Frameworks"
Transfer starting: 8 files
nanopb.framework/
nanopb.framework/nanopb
nanopb.framework/_CodeSignature/CodeResources

sent 100756 bytes  received 70 bytes  16528852 bytes/sec
total size is 101897  speedup is 1.01
Code Signing /Users/pauloricha/Library/Developer/Xcode/DerivedData/iosApp-cynwljdxdnoqyxhdtywpdbpkuabz/Build/Products/Debug-iphonesimulator/BolaoDaGalera.app/Frameworks/nanopb.framework with Identity Sign to Run Locally
/usr/bin/codesign --force --sign -  --preserve-metadata=identifier,entitlements '/Users/pauloricha/Library/Developer/Xcode/DerivedData/iosApp-cynwljdxdnoqyxhdtywpdbpkuabz/Build/Products/Debug-iphonesimulator/BolaoDaGalera.app/Frameworks/nanopb.framework'
/Users/pauloricha/Library/Developer/Xcode/DerivedData/iosApp-cynwljdxdnoqyxhdtywpdbpkuabz/Build/Products/Debug-iphonesimulator/BolaoDaGalera.app/Frameworks/nanopb.framework: replacing existing signature

PhaseScriptExecution [CP]\ Copy\ Pods\ Resources /Users/pauloricha/Library/Developer/Xcode/DerivedData/iosApp-cynwljdxdnoqyxhdtywpdbpkuabz/Build/Intermediates.noindex/iosApp.build/Debug-iphonesimulator/iosApp.build/Script-DA42EB0A85B49B673F8D3887.sh (in target 'iosApp' from project 'iosApp')
    cd /Users/pauloricha/StudioProjects/BolaoDaGalera/iosApp
    /bin/sh -c /Users/pauloricha/Library/Developer/Xcode/DerivedData/iosApp-cynwljdxdnoqyxhdtywpdbpkuabz/Build/Intermediates.noindex/iosApp.build/Debug-iphonesimulator/iosApp.build/Script-DA42EB0A85B49B673F8D3887.sh
/Users/pauloricha/StudioProjects/BolaoDaGalera/iosApp/Pods/../../composeApp/build/compose/cocoapods/compose-resources
Transfer starting: 10 files
compose-resources/
compose-resources/composeResources/
compose-resources/composeResources/bolaodagalera.composeapp.generated.resources/
compose-resources/composeResources/bolaodagalera.composeapp.generated.resources/drawable/
compose-resources/composeResources/bolaodagalera.composeapp.generated.resources/drawable/logo_oficial.png
compose-resources/composeResources/components.resources.library.generated.resources/
compose-resources/composeResources/io.coil_kt.coil3.coil_compose.generated.resources/
compose-resources/composeResources/io.coil_kt.coil3.coil_compose_core.generated.resources/
compose-resources/composeResources/io.insert_koin.koin_compose.generated.resources/
compose-resources/composeResources/io.insert_koin.koin_compose_viewmodel.generated.resources/

sent 1351777 bytes  received 96 bytes  79056900 bytes/sec
total size is 1350456  speedup is 1.00

CopySwiftLibs /Users/pauloricha/Library/Developer/Xcode/DerivedData/iosApp-cynwljdxdnoqyxhdtywpdbpkuabz/Build/Products/Debug-iphonesimulator/BolaoDaGalera.app (in target 'iosApp' from project 'iosApp')
    cd /Users/pauloricha/StudioProjects/BolaoDaGalera/iosApp
    builtin-swiftStdLibTool --copy --verbose --sign - --scan-executable /Users/pauloricha/Library/Developer/Xcode/DerivedData/iosApp-cynwljdxdnoqyxhdtywpdbpkuabz/Build/Products/Debug-iphonesimulator/BolaoDaGalera.app/BolaoDaGalera.debug.dylib --scan-folder /Users/pauloricha/Library/Developer/Xcode/DerivedData/iosApp-cynwljdxdnoqyxhdtywpdbpkuabz/Build/Products/Debug-iphonesimulator/BolaoDaGalera.app/Frameworks --scan-folder /Users/pauloricha/Library/Developer/Xcode/DerivedData/iosApp-cynwljdxdnoqyxhdtywpdbpkuabz/Build/Products/Debug-iphonesimulator/BolaoDaGalera.app/PlugIns --scan-folder /Users/pauloricha/Library/Developer/Xcode/DerivedData/iosApp-cynwljdxdnoqyxhdtywpdbpkuabz/Build/Products/Debug-iphonesimulator/BolaoDaGalera.app/SystemExtensions --scan-folder /Users/pauloricha/Library/Developer/Xcode/DerivedData/iosApp-cynwljdxdnoqyxhdtywpdbpkuabz/Build/Products/Debug-iphonesimulator/BolaoDaGalera.app/Extensions --scan-folder /Users/pauloricha/Library/Developer/Xcode/DerivedData/iosApp-cynwljdxdnoqyxhdtywpdbpkuabz/Build/Products/Debug-iphonesimulator/Pods_iosApp.framework --platform iphonesimulator --toolchain /Applications/Xcode.app/Contents/Developer/Toolchains/XcodeDefault.xctoolchain --destination /Users/pauloricha/Library/Developer/Xcode/DerivedData/iosApp-cynwljdxdnoqyxhdtywpdbpkuabz/Build/Products/Debug-iphonesimulator/BolaoDaGalera.app/Frameworks --strip-bitcode --strip-bitcode-tool /Applications/Xcode.app/Contents/Developer/Toolchains/XcodeDefault.xctoolchain/usr/bin/bitcode_strip --emit-dependency-info /Users/pauloricha/Library/Developer/Xcode/DerivedData/iosApp-cynwljdxdnoqyxhdtywpdbpkuabz/Build/Intermediates.noindex/iosApp.build/Debug-iphonesimulator/iosApp.build/SwiftStdLibToolInputDependencies.dep --filter-for-swift-os

ExtractAppIntentsMetadata (in target 'iosApp' from project 'iosApp')
    cd /Users/pauloricha/StudioProjects/BolaoDaGalera/iosApp
    /Applications/Xcode.app/Contents/Developer/Toolchains/XcodeDefault.xctoolchain/usr/bin/appintentsmetadataprocessor --toolchain-dir /Applications/Xcode.app/Contents/Developer/Toolchains/XcodeDefault.xctoolchain --module-name BolaoDaGalera --sdk-root /Applications/Xcode.app/Contents/Developer/Platforms/iPhoneSimulator.platform/Developer/SDKs/iPhoneSimulator26.5.sdk --xcode-version 17F113 --platform-family iOS --deployment-target 16.0 --bundle-identifier com.lpstudio.bolaodagalera --output /Users/pauloricha/Library/Developer/Xcode/DerivedData/iosApp-cynwljdxdnoqyxhdtywpdbpkuabz/Build/Products/Debug-iphonesimulator/BolaoDaGalera.app --target-triple arm64-apple-ios16.0-simulator --binary-file /Users/pauloricha/Library/Developer/Xcode/DerivedData/iosApp-cynwljdxdnoqyxhdtywpdbpkuabz/Build/Products/Debug-iphonesimulator/BolaoDaGalera.app/BolaoDaGalera --dependency-file /Users/pauloricha/Library/Developer/Xcode/DerivedData/iosApp-cynwljdxdnoqyxhdtywpdbpkuabz/Build/Intermediates.noindex/iosApp.build/Debug-iphonesimulator/iosApp.build/Objects-normal/arm64/BolaoDaGalera_dependency_info.dat --stringsdata-file /Users/pauloricha/Library/Developer/Xcode/DerivedData/iosApp-cynwljdxdnoqyxhdtywpdbpkuabz/Build/Intermediates.noindex/iosApp.build/Debug-iphonesimulator/iosApp.build/Objects-normal/arm64/ExtractedAppShortcutsMetadata.stringsdata --source-file-list /Users/pauloricha/Library/Developer/Xcode/DerivedData/iosApp-cynwljdxdnoqyxhdtywpdbpkuabz/Build/Intermediates.noindex/iosApp.build/Debug-iphonesimulator/iosApp.build/Objects-normal/arm64/BolaoDaGalera.SwiftFileList --metadata-file-list /Users/pauloricha/Library/Developer/Xcode/DerivedData/iosApp-cynwljdxdnoqyxhdtywpdbpkuabz/Build/Intermediates.noindex/iosApp.build/Debug-iphonesimulator/iosApp.build/BolaoDaGalera.DependencyMetadataFileList --static-metadata-file-list /Users/pauloricha/Library/Developer/Xcode/DerivedData/iosApp-cynwljdxdnoqyxhdtywpdbpkuabz/Build/Intermediates.noindex/iosApp.build/Debug-iphonesimulator/iosApp.build/BolaoDaGalera.DependencyStaticMetadataFileList --swift-const-vals-list /Users/pauloricha/Library/Developer/Xcode/DerivedData/iosApp-cynwljdxdnoqyxhdtywpdbpkuabz/Build/Intermediates.noindex/iosApp.build/Debug-iphonesimulator/iosApp.build/Objects-normal/arm64/BolaoDaGalera.SwiftConstValuesFileList --compile-time-extraction --deployment-aware-processing --validate-assistant-intents --no-app-shortcuts-localization
2026-08-16 21:47:02.406 appintentsmetadataprocessor[52268:4933947] Starting appintentsmetadataprocessor export
2026-08-16 21:47:02.423 appintentsmetadataprocessor[52268:4933947] warning: Metadata extraction skipped. No AppIntents.framework dependency found.

AppIntentsSSUTraining (in target 'iosApp' from project 'iosApp')
    cd /Users/pauloricha/StudioProjects/BolaoDaGalera/iosApp
    /Applications/Xcode.app/Contents/Developer/Toolchains/XcodeDefault.xctoolchain/usr/bin/appintentsnltrainingprocessor --infoplist-path /Users/pauloricha/Library/Developer/Xcode/DerivedData/iosApp-cynwljdxdnoqyxhdtywpdbpkuabz/Build/Products/Debug-iphonesimulator/BolaoDaGalera.app/Info.plist --temp-dir-path /Users/pauloricha/Library/Developer/Xcode/DerivedData/iosApp-cynwljdxdnoqyxhdtywpdbpkuabz/Build/Intermediates.noindex/iosApp.build/Debug-iphonesimulator/iosApp.build/ssu --bundle-id com.lpstudio.bolaodagalera --product-path /Users/pauloricha/Library/Developer/Xcode/DerivedData/iosApp-cynwljdxdnoqyxhdtywpdbpkuabz/Build/Products/Debug-iphonesimulator/BolaoDaGalera.app --extracted-metadata-path /Users/pauloricha/Library/Developer/Xcode/DerivedData/iosApp-cynwljdxdnoqyxhdtywpdbpkuabz/Build/Products/Debug-iphonesimulator/BolaoDaGalera.app/Metadata.appintents --metadata-file-list /Users/pauloricha/Library/Developer/Xcode/DerivedData/iosApp-cynwljdxdnoqyxhdtywpdbpkuabz/Build/Intermediates.noindex/iosApp.build/Debug-iphonesimulator/iosApp.build/BolaoDaGalera.DependencyMetadataFileList --source-file /Users/pauloricha/Library/Developer/Xcode/DerivedData/iosApp-cynwljdxdnoqyxhdtywpdbpkuabz/Build/Products/Debug-iphonesimulator/BolaoDaGalera.app/Info.plist --archive-ssu-assets
2026-08-16 21:47:02.464 appintentsnltrainingprocessor[52269:4933949] Parsing options for appintentsnltrainingprocessor
2026-08-16 21:47:02.465 appintentsnltrainingprocessor[52269:4933949] Starting AppIntents SSU YAML Generation
2026-08-16 21:47:02.467 appintentsnltrainingprocessor[52269:4933949] No AppShortcuts found - Skipping.

CodeSign /Users/pauloricha/Library/Developer/Xcode/DerivedData/iosApp-cynwljdxdnoqyxhdtywpdbpkuabz/Build/Products/Debug-iphonesimulator/BolaoDaGalera.app/BolaoDaGalera.debug.dylib (in target 'iosApp' from project 'iosApp')
    cd /Users/pauloricha/StudioProjects/BolaoDaGalera/iosApp
    
    Signing Identity:     "Sign to Run Locally"
    
    /usr/bin/codesign --force --sign - --timestamp\=none --generate-entitlement-der /Users/pauloricha/Library/Developer/Xcode/DerivedData/iosApp-cynwljdxdnoqyxhdtywpdbpkuabz/Build/Products/Debug-iphonesimulator/BolaoDaGalera.app/BolaoDaGalera.debug.dylib

CodeSign /Users/pauloricha/Library/Developer/Xcode/DerivedData/iosApp-cynwljdxdnoqyxhdtywpdbpkuabz/Build/Products/Debug-iphonesimulator/BolaoDaGalera.app/__preview.dylib (in target 'iosApp' from project 'iosApp')
    cd /Users/pauloricha/StudioProjects/BolaoDaGalera/iosApp
    
    Signing Identity:     "Sign to Run Locally"
    
    /usr/bin/codesign --force --sign - --timestamp\=none --generate-entitlement-der /Users/pauloricha/Library/Developer/Xcode/DerivedData/iosApp-cynwljdxdnoqyxhdtywpdbpkuabz/Build/Products/Debug-iphonesimulator/BolaoDaGalera.app/__preview.dylib

CodeSign /Users/pauloricha/Library/Developer/Xcode/DerivedData/iosApp-cynwljdxdnoqyxhdtywpdbpkuabz/Build/Products/Debug-iphonesimulator/BolaoDaGalera.app (in target 'iosApp' from project 'iosApp')
    cd /Users/pauloricha/StudioProjects/BolaoDaGalera/iosApp
    
    Signing Identity:     "Sign to Run Locally"
    
    /usr/bin/codesign --force --sign - --timestamp\=none --generate-entitlement-der /Users/pauloricha/Library/Developer/Xcode/DerivedData/iosApp-cynwljdxdnoqyxhdtywpdbpkuabz/Build/Products/Debug-iphonesimulator/BolaoDaGalera.app

Validate /Users/pauloricha/Library/Developer/Xcode/DerivedData/iosApp-cynwljdxdnoqyxhdtywpdbpkuabz/Build/Products/Debug-iphonesimulator/BolaoDaGalera.app (in target 'iosApp' from project 'iosApp')
    cd /Users/pauloricha/StudioProjects/BolaoDaGalera/iosApp
    builtin-validationUtility /Users/pauloricha/Library/Developer/Xcode/DerivedData/iosApp-cynwljdxdnoqyxhdtywpdbpkuabz/Build/Products/Debug-iphonesimulator/BolaoDaGalera.app -shallow-bundle -infoplist-subpath Info.plist

warning: Skipping duplicate build file in Copy Bundle Resources build phase: /Users/pauloricha/StudioProjects/BolaoDaGalera/iosApp/iosApp/GoogleService-Info.plist (in target 'iosApp' from project 'iosApp')
note: Run script build phase 'Compile Kotlin Framework' will be run during every build because the option to run the script phase "Based on dependency analysis" is unchecked. (in target 'iosApp' from project 'iosApp')
warning: Run script build phase 'Create Symlinks to Header Folders' will be run during every build because it does not specify any outputs. To address this issue, either add output dependencies to the script phase, or configure it to run in every build by unchecking "Based on dependency analysis" in the script phase. (in target 'BoringSSL-GRPC' from project 'Pods')
warning: Run script build phase 'Create Symlinks to Header Folders' will be run during every build because it does not specify any outputs. To address this issue, either add output dependencies to the script phase, or configure it to run in every build by unchecking "Based on dependency analysis" in the script phase. (in target 'gRPC-Core' from project 'Pods')
warning: Run script build phase 'Create Symlinks to Header Folders' will be run during every build because it does not specify any outputs. To address this issue, either add output dependencies to the script phase, or configure it to run in every build by unchecking "Based on dependency analysis" in the script phase. (in target 'gRPC-C++' from project 'Pods')
warning: Run script build phase 'Create Symlinks to Header Folders' will be run during every build because it does not specify any outputs. To address this issue, either add output dependencies to the script phase, or configure it to run in every build by unchecking "Based on dependency analysis" in the script phase. (in target 'abseil' from project 'Pods')
** BUILD SUCCEEDED **

